ProductID,BranchID,City,Year,Month,ProductSalesAmount,TotalTransactions,UnitsSold,RankedProduct
2007,1,Skokie,2019,January,"$ 2,807.76",14,24,1
1593,1,Skokie,2019,January,"$ 2,299.00",6,11,2
109,1,Skokie,2019,January,"$ 2,288.80",13,20,3
1572,1,Skokie,2019,January,"$ 2,148.00",6,12,4
206,1,Skokie,2019,January,"$ 2,014.87",10,13,5
217,1,Skokie,2019,January,"$ 1,919.76",14,24,6
106,1,Skokie,2019,January,"$ 1,831.04",11,16,7
1655,1,Skokie,2019,January,"$ 1,819.87",9,13,8
201,1,Skokie,2019,January,"$ 1,819.86",10,14,9
1635,1,Skokie,2019,January,"$ 1,799.90",6,10,10
1594,1,Skokie,2019,Febuary,"$ 4,308.00",6,12,1
1593,1,Skokie,2019,Febuary,"$ 2,299.00",8,11,2
201,1,Skokie,2019,Febuary,"$ 2,079.84",9,16,3
198,1,Skokie,2019,Febuary,"$ 1,994.85",10,15,4
185,1,Skokie,2019,Febuary,"$ 1,979.82",10,18,5
2009,1,Skokie,2019,Febuary,"$ 1,899.81",13,19,6
196,1,Skokie,2019,Febuary,"$ 1,897.74",19,26,7
149,1,Skokie,2019,Febuary,"$ 1,874.85",8,15,8
2008,1,Skokie,2019,Febuary,"$ 1,855.84",11,16,9
1572,1,Skokie,2019,Febuary,"$ 1,790.00",5,10,10
204,1,Skokie,2019,March,"$ 3,779.70",21,30,1
179,1,Skokie,2019,March,"$ 2,399.75",16,25,2
2008,1,Skokie,2019,March,"$ 2,319.80",12,20,3
1574,1,Skokie,2019,March,"$ 2,309.79",13,21,4
198,1,Skokie,2019,March,"$ 2,260.83",11,17,5
201,1,Skokie,2019,March,"$ 2,209.83",11,17,6
2006,1,Skokie,2019,March,"$ 2,136.93",13,19,7
206,1,Skokie,2019,March,"$ 2,014.87",9,13,8
265,1,Skokie,2019,March,"$ 1,999.80",11,20,9
133,1,Skokie,2019,March,"$ 1,839.77",13,23,10
1594,1,Skokie,2019,April,"$ 2,872.00",7,8,1
198,1,Skokie,2019,April,"$ 2,792.79",12,21,2
1551,1,Skokie,2019,April,"$ 2,759.40",7,12,3
1572,1,Skokie,2019,April,"$ 2,685.00",10,15,4
173,1,Skokie,2019,April,"$ 2,551.78",14,22,5
2010,1,Skokie,2019,April,"$ 2,299.77",13,23,6
149,1,Skokie,2019,April,"$ 2,249.82",10,18,7
1552,1,Skokie,2019,April,"$ 2,249.55",5,9,8
156,1,Skokie,2019,April,"$ 2,099.79",14,21,9
1600,1,Skokie,2019,April,"$ 2,086.00",9,14,10
1594,1,Skokie,2019,May,"$ 4,667.00",8,13,1
2010,1,Skokie,2019,May,"$ 2,399.76",14,24,2
242,1,Skokie,2019,May,"$ 2,199.80",13,20,3
149,1,Skokie,2019,May,"$ 2,124.83",10,17,4
2013,1,Skokie,2019,May,"$ 2,039.76",14,24,5
175,1,Skokie,2019,May,"$ 2,039.76",16,24,6
16,1,Skokie,2019,May,"$ 2,039.52",16,24,7
254,1,Skokie,2019,May,"$ 1,952.79",13,21,8
1571,1,Skokie,2019,May,"$ 1,908.00",7,12,9
2012,1,Skokie,2019,May,"$ 1,889.79",15,21,10
115,1,Skokie,2019,June,"$ 2,403.24",15,21,1
201,1,Skokie,2019,June,"$ 2,339.82",13,18,2
177,1,Skokie,2019,June,"$ 2,309.78",13,22,3
2008,1,Skokie,2019,June,"$ 2,203.81",12,19,4
1551,1,Skokie,2019,June,"$ 2,069.55",5,9,5
183,1,Skokie,2019,June,"$ 1,999.80",12,20,6
119,1,Skokie,2019,June,"$ 1,984.29",13,21,7
1988,1,Skokie,2019,June,"$ 1,967.76",16,24,8
206,1,Skokie,2019,June,"$ 1,859.88",8,12,9
172,1,Skokie,2019,June,"$ 1,804.81",14,19,10
206,1,Skokie,2019,July,"$ 2,634.83",11,17,1
117,1,Skokie,2019,July,"$ 2,489.70",19,30,2
112,1,Skokie,2019,July,"$ 2,425.28",13,22,3
146,1,Skokie,2019,July,"$ 2,332.44",20,33,4
1592,1,Skokie,2019,July,"$ 2,268.00",8,12,5
149,1,Skokie,2019,July,"$ 1,999.84",10,16,6
1552,1,Skokie,2019,July,"$ 1,999.60",4,8,7
2007,1,Skokie,2019,July,"$ 1,988.83",10,17,8
50,1,Skokie,2019,July,"$ 1,819.74",16,26,9
1594,1,Skokie,2019,July,"$ 1,795.00",4,5,10
1594,1,Skokie,2019,August,"$ 3,949.00",6,11,1
206,1,Skokie,2019,August,"$ 3,719.76",14,24,2
112,1,Skokie,2019,August,"$ 2,425.28",13,22,3
170,1,Skokie,2019,August,"$ 2,339.74",17,26,4
1572,1,Skokie,2019,August,"$ 2,148.00",9,12,5
2006,1,Skokie,2019,August,"$ 2,136.93",12,19,6
181,1,Skokie,2019,August,"$ 2,111.78",13,22,7
173,1,Skokie,2019,August,"$ 2,087.82",11,18,8
175,1,Skokie,2019,August,"$ 2,039.76",17,24,9
3,1,Skokie,2019,August,"$ 2,039.52",14,24,10
201,1,Skokie,2019,September,"$ 4,159.68",22,32,1
198,1,Skokie,2019,September,"$ 3,058.77",15,23,2
1572,1,Skokie,2019,September,"$ 2,327.00",10,13,3
177,1,Skokie,2019,September,"$ 2,309.78",12,22,4
2010,1,Skokie,2019,September,"$ 2,199.78",12,22,5
1594,1,Skokie,2019,September,"$ 2,154.00",4,6,6
156,1,Skokie,2019,September,"$ 2,099.79",14,21,7
206,1,Skokie,2019,September,"$ 2,014.87",8,13,8
265,1,Skokie,2019,September,"$ 1,999.80",12,20,9
2009,1,Skokie,2019,September,"$ 1,899.81",13,19,10
206,1,Skokie,2019,October,"$ 2,634.83",10,17,1
201,1,Skokie,2019,October,"$ 2,599.80",14,20,2
7,1,Skokie,2019,October,"$ 2,379.44",17,28,3
181,1,Skokie,2019,October,"$ 2,303.76",13,24,4
156,1,Skokie,2019,October,"$ 2,299.77",16,23,5
115,1,Skokie,2019,October,"$ 2,288.80",12,20,6
204,1,Skokie,2019,October,"$ 2,267.82",11,18,7
1626,1,Skokie,2019,October,"$ 2,191.20",11,16,8
149,1,Skokie,2019,October,"$ 2,124.83",11,17,9
2009,1,Skokie,2019,October,"$ 2,099.79",13,21,10
206,1,Skokie,2019,November,"$ 3,254.79",13,21,1
1594,1,Skokie,2019,November,"$ 3,231.00",5,9,2
204,1,Skokie,2019,November,"$ 2,771.78",14,22,3
212,1,Skokie,2019,November,"$ 2,219.80",14,20,4
1572,1,Skokie,2019,November,"$ 2,148.00",7,12,5
2011,1,Skokie,2019,November,"$ 2,039.80",14,20,6
152,1,Skokie,2019,November,"$ 1,899.81",12,19,7
219,1,Skokie,2019,November,"$ 1,871.82",11,18,8
121,1,Skokie,2019,November,"$ 1,804.81",15,19,9
211,1,Skokie,2019,November,"$ 1,801.83",12,17,10
206,1,Skokie,2019,December,"$ 3,874.75",18,25,1
115,1,Skokie,2019,December,"$ 3,089.88",18,27,2
1645,1,Skokie,2019,December,"$ 3,043.00",13,17,3
271,1,Skokie,2019,December,"$ 2,789.69",19,31,4
173,1,Skokie,2019,December,"$ 2,783.76",13,24,5
201,1,Skokie,2019,December,"$ 2,729.79",13,21,6
212,1,Skokie,2019,December,"$ 2,663.76",17,24,7
129,1,Skokie,2019,December,"$ 2,639.67",19,33,8
106,1,Skokie,2019,December,"$ 2,632.12",17,23,9
170,1,Skokie,2019,December,"$ 2,609.71",17,29,10
1593,1,Skokie,2020,January,"$ 2,926.00",8,14,1
250,1,Skokie,2020,January,"$ 2,603.72",16,28,2
172,1,Skokie,2020,January,"$ 2,564.73",18,27,3
1595,1,Skokie,2020,January,"$ 2,549.83",12,17,4
265,1,Skokie,2020,January,"$ 2,499.75",15,25,5
181,1,Skokie,2020,January,"$ 2,495.74",15,26,6
149,1,Skokie,2020,January,"$ 2,374.81",12,19,7
1551,1,Skokie,2020,January,"$ 2,299.50",7,10,8
15,1,Skokie,2020,January,"$ 2,294.46",16,27,9
109,1,Skokie,2020,January,"$ 2,288.80",13,20,10
106,1,Skokie,2020,Febuary,"$ 3,318.76",16,29,1
1594,1,Skokie,2020,Febuary,"$ 3,231.00",6,9,2
168,1,Skokie,2020,Febuary,"$ 2,899.71",18,29,3
149,1,Skokie,2020,Febuary,"$ 2,874.77",16,23,4
109,1,Skokie,2020,Febuary,"$ 2,746.56",15,24,5
1645,1,Skokie,2020,Febuary,"$ 2,685.00",9,15,6
201,1,Skokie,2020,Febuary,"$ 2,599.80",13,20,7
121,1,Skokie,2020,Febuary,"$ 2,374.75",15,25,8
2006,1,Skokie,2020,Febuary,"$ 2,361.87",13,21,9
185,1,Skokie,2020,Febuary,"$ 2,309.79",11,21,10
1594,1,Skokie,2020,March,"$ 3,949.00",7,11,1
177,1,Skokie,2020,March,"$ 3,569.66",22,34,2
1552,1,Skokie,2020,March,"$ 3,249.35",9,13,3
179,1,Skokie,2020,March,"$ 3,167.67",23,33,4
2007,1,Skokie,2020,March,"$ 2,924.75",18,25,5
1635,1,Skokie,2020,March,"$ 2,699.85",9,15,6
1644,1,Skokie,2020,March,"$ 2,682.00",11,18,7
1601,1,Skokie,2020,March,"$ 2,506.00",8,14,8
2,1,Skokie,2020,March,"$ 2,463.68",21,32,9
211,1,Skokie,2020,March,"$ 2,437.77",15,23,10
1594,1,Skokie,2020,April,"$ 4,667.00",8,13,1
1635,1,Skokie,2020,April,"$ 2,519.86",8,14,2
1591,1,Skokie,2020,April,"$ 2,366.00",8,14,3
2007,1,Skokie,2020,April,"$ 2,339.80",14,20,4
2010,1,Skokie,2020,April,"$ 2,299.77",17,23,5
200,1,Skokie,2020,April,"$ 2,213.73",18,27,6
152,1,Skokie,2020,April,"$ 2,099.79",15,21,7
1986,1,Skokie,2020,April,"$ 2,091.96",18,27,8
1997,1,Skokie,2020,April,"$ 2,051.73",15,27,9
164,1,Skokie,2020,April,"$ 1,999.75",15,25,10
2007,1,Skokie,2020,May,"$ 2,807.76",15,24,1
1596,1,Skokie,2020,May,"$ 2,699.85",9,15,2
206,1,Skokie,2020,May,"$ 2,634.83",12,17,3
160,1,Skokie,2020,May,"$ 2,609.71",18,29,4
1552,1,Skokie,2020,May,"$ 2,499.50",6,10,5
7,1,Skokie,2020,May,"$ 2,379.44",19,28,6
2008,1,Skokie,2020,May,"$ 2,319.80",14,20,7
198,1,Skokie,2020,May,"$ 2,260.83",9,17,8
177,1,Skokie,2020,May,"$ 2,204.79",13,21,9
1541,1,Skokie,2020,May,"$ 2,199.80",13,20,10
1594,1,Skokie,2020,June,"$ 3,949.00",7,11,1
206,1,Skokie,2020,June,"$ 3,099.80",13,20,2
2007,1,Skokie,2020,June,"$ 2,690.77",14,23,3
211,1,Skokie,2020,June,"$ 2,543.76",14,24,4
112,1,Skokie,2020,June,"$ 2,425.28",14,22,5
177,1,Skokie,2020,June,"$ 2,309.78",14,22,6
131,1,Skokie,2020,June,"$ 2,239.72",19,28,7
2008,1,Skokie,2020,June,"$ 2,203.81",13,19,8
1988,1,Skokie,2020,June,"$ 2,131.74",16,26,9
198,1,Skokie,2020,June,"$ 2,127.84",10,16,10
1594,1,Skokie,2020,July,"$ 3,590.00",7,10,1
149,1,Skokie,2020,July,"$ 3,249.74",16,26,2
212,1,Skokie,2020,July,"$ 3,218.71",19,29,3
204,1,Skokie,2020,July,"$ 3,023.76",17,24,4
2006,1,Skokie,2020,July,"$ 2,811.75",16,25,5
1645,1,Skokie,2020,July,"$ 2,685.00",10,15,6
1601,1,Skokie,2020,July,"$ 2,685.00",8,15,7
211,1,Skokie,2020,July,"$ 2,649.75",15,25,8
173,1,Skokie,2020,July,"$ 2,551.78",13,22,9
112,1,Skokie,2020,July,"$ 2,535.52",13,23,10
1552,1,Skokie,2020,August,"$ 2,749.45",7,11,1
1644,1,Skokie,2020,August,"$ 2,682.00",10,18,2
173,1,Skokie,2020,August,"$ 2,667.77",13,23,3
18,1,Skokie,2020,August,"$ 2,379.44",19,28,4
119,1,Skokie,2020,August,"$ 2,362.25",17,25,5
112,1,Skokie,2020,August,"$ 2,315.04",13,21,6
177,1,Skokie,2020,August,"$ 2,204.79",15,21,7
219,1,Skokie,2020,August,"$ 2,183.79",12,21,8
2000,1,Skokie,2020,August,"$ 2,159.73",17,27,9
168,1,Skokie,2020,August,"$ 2,099.79",15,21,10
1594,1,Skokie,2020,September,"$ 3,949.00",6,11,1
1551,1,Skokie,2020,September,"$ 3,449.25",9,15,2
1552,1,Skokie,2020,September,"$ 3,249.35",8,13,3
2008,1,Skokie,2020,September,"$ 3,015.74",16,26,4
198,1,Skokie,2020,September,"$ 2,659.80",11,20,5
225,1,Skokie,2020,September,"$ 2,627.64",23,36,6
106,1,Skokie,2020,September,"$ 2,517.68",14,22,7
1572,1,Skokie,2020,September,"$ 2,506.00",9,14,8
206,1,Skokie,2020,September,"$ 2,479.84",8,16,9
262,1,Skokie,2020,September,"$ 2,379.72",17,28,10
206,1,Skokie,2020,October,"$ 3,719.76",16,24,1
2007,1,Skokie,2020,October,"$ 3,275.72",16,28,2
106,1,Skokie,2020,October,"$ 3,089.88",17,27,3
1572,1,Skokie,2020,October,"$ 2,685.00",9,15,4
246,1,Skokie,2020,October,"$ 2,609.71",15,29,5
1594,1,Skokie,2020,October,"$ 2,513.00",5,7,6
1552,1,Skokie,2020,October,"$ 2,499.50",6,10,7
185,1,Skokie,2020,October,"$ 2,419.78",13,22,8
1645,1,Skokie,2020,October,"$ 2,327.00",7,13,9
265,1,Skokie,2020,October,"$ 2,299.77",15,23,10
1551,1,Skokie,2020,November,"$ 4,139.10",13,18,1
1594,1,Skokie,2020,November,"$ 3,231.00",6,9,2
219,1,Skokie,2020,November,"$ 3,119.70",18,30,3
206,1,Skokie,2020,November,"$ 2,789.82",11,18,4
115,1,Skokie,2020,November,"$ 2,632.12",15,23,5
149,1,Skokie,2020,November,"$ 2,374.81",13,19,6
1596,1,Skokie,2020,November,"$ 2,339.87",8,13,7
265,1,Skokie,2020,November,"$ 2,299.77",14,23,8
1572,1,Skokie,2020,November,"$ 2,148.00",8,12,9
262,1,Skokie,2020,November,"$ 2,124.75",16,25,10
1551,1,Skokie,2020,December,"$ 5,518.80",16,24,1
204,1,Skokie,2020,December,"$ 3,905.69",21,31,2
173,1,Skokie,2020,December,"$ 3,247.72",18,28,3
109,1,Skokie,2020,December,"$ 3,089.88",16,27,4
1591,1,Skokie,2020,December,"$ 3,042.00",13,18,5
219,1,Skokie,2020,December,"$ 2,911.72",17,28,6
211,1,Skokie,2020,December,"$ 2,861.73",19,27,7
242,1,Skokie,2020,December,"$ 2,859.74",16,26,8
106,1,Skokie,2020,December,"$ 2,746.56",15,24,9
201,1,Skokie,2020,December,"$ 2,599.80",13,20,10
1551,1,Skokie,2021,January,"$ 2,989.35",7,13,1
156,1,Skokie,2021,January,"$ 2,899.71",19,29,2
2008,1,Skokie,2021,January,"$ 2,551.78",15,22,3
212,1,Skokie,2021,January,"$ 2,441.78",13,22,4
247,1,Skokie,2021,January,"$ 2,249.75",16,25,5
206,1,Skokie,2021,January,"$ 2,169.86",10,14,6
1635,1,Skokie,2021,January,"$ 2,159.88",8,12,7
1594,1,Skokie,2021,January,"$ 2,154.00",5,6,8
158,1,Skokie,2021,January,"$ 2,069.77",15,23,9
3,1,Skokie,2021,January,"$ 2,039.52",16,24,10
176,1,Skokie,2021,Febuary,"$ 1,899.81",12,19,1
1593,1,Skokie,2021,Febuary,"$ 1,881.00",5,9,2
2010,1,Skokie,2021,Febuary,"$ 1,799.82",10,18,3
212,1,Skokie,2021,Febuary,"$ 1,775.84",10,16,4
185,1,Skokie,2021,Febuary,"$ 1,759.84",10,16,5
52,1,Skokie,2021,Febuary,"$ 1,749.75",15,25,6
227,1,Skokie,2021,Febuary,"$ 1,721.79",17,21,7
15,1,Skokie,2021,Febuary,"$ 1,699.60",11,20,8
149,1,Skokie,2021,Febuary,"$ 1,624.87",8,13,9
2008,1,Skokie,2021,Febuary,"$ 1,623.86",8,14,10
1594,1,Skokie,2021,March,"$ 3,949.00",7,11,1
1593,1,Skokie,2021,March,"$ 2,926.00",10,14,2
117,1,Skokie,2021,March,"$ 2,655.68",18,32,3
201,1,Skokie,2021,March,"$ 2,599.80",11,20,4
1572,1,Skokie,2021,March,"$ 2,327.00",9,13,5
206,1,Skokie,2021,March,"$ 2,169.86",9,14,6
1,1,Skokie,2021,March,"$ 2,155.72",18,28,7
246,1,Skokie,2021,March,"$ 2,069.77",13,23,8
2006,1,Skokie,2021,March,"$ 2,024.46",11,18,9
1645,1,Skokie,2021,March,"$ 1,969.00",6,11,10
1551,1,Skokie,2021,April,"$ 2,529.45",7,11,1
1596,1,Skokie,2021,April,"$ 2,339.87",9,13,2
204,1,Skokie,2021,April,"$ 2,267.82",12,18,3
2006,1,Skokie,2021,April,"$ 2,249.40",12,20,4
2000,1,Skokie,2021,April,"$ 2,159.73",18,27,5
1594,1,Skokie,2021,April,"$ 2,154.00",4,6,6
198,1,Skokie,2021,April,"$ 2,127.84",10,16,7
112,1,Skokie,2021,April,"$ 2,094.56",12,19,8
206,1,Skokie,2021,April,"$ 2,014.87",8,13,9
156,1,Skokie,2021,April,"$ 1,999.80",12,20,10
265,1,Skokie,2021,May,"$ 3,099.69",18,31,1
212,1,Skokie,2021,May,"$ 2,663.76",15,24,2
198,1,Skokie,2021,May,"$ 2,526.81",11,19,3
156,1,Skokie,2021,May,"$ 2,499.75",14,25,4
1592,1,Skokie,2021,May,"$ 2,457.00",8,13,5
152,1,Skokie,2021,May,"$ 2,299.77",13,23,6
242,1,Skokie,2021,May,"$ 2,199.80",15,20,7
149,1,Skokie,2021,May,"$ 2,124.83",11,17,8
1591,1,Skokie,2021,May,"$ 2,028.00",8,12,9
112,1,Skokie,2021,May,"$ 1,984.32",11,18,10
115,1,Skokie,2021,June,"$ 3,089.88",15,27,1
198,1,Skokie,2021,June,"$ 2,792.79",12,21,2
149,1,Skokie,2021,June,"$ 2,624.79",12,21,3
201,1,Skokie,2021,June,"$ 2,209.83",11,17,4
206,1,Skokie,2021,June,"$ 2,169.86",9,14,5
1551,1,Skokie,2021,June,"$ 2,069.55",6,9,6
172,1,Skokie,2021,June,"$ 1,994.79",13,21,7
1628,1,Skokie,2021,June,"$ 1,819.30",8,14,8
246,1,Skokie,2021,June,"$ 1,799.80",14,20,9
162,1,Skokie,2021,June,"$ 1,799.80",13,20,10
1551,1,Skokie,2021,July,"$ 3,219.30",9,14,1
1594,1,Skokie,2021,July,"$ 2,513.00",5,7,2
211,1,Skokie,2021,July,"$ 2,225.79",14,21,3
123,1,Skokie,2021,July,"$ 2,184.77",15,23,4
184,1,Skokie,2021,July,"$ 2,099.70",17,30,5
242,1,Skokie,2021,July,"$ 2,089.81",13,19,6
2014,1,Skokie,2021,July,"$ 2,039.76",16,24,7
206,1,Skokie,2021,July,"$ 2,014.87",9,13,8
197,1,Skokie,2021,July,"$ 1,801.83",10,17,9
2006,1,Skokie,2021,July,"$ 1,799.52",12,16,10
198,1,Skokie,2021,August,"$ 2,659.80",11,20,1
206,1,Skokie,2021,August,"$ 2,634.83",10,17,2
1551,1,Skokie,2021,August,"$ 2,299.50",6,10,3
115,1,Skokie,2021,August,"$ 2,174.36",12,19,4
106,1,Skokie,2021,August,"$ 2,174.36",12,19,5
201,1,Skokie,2021,August,"$ 1,949.85",11,15,6
2008,1,Skokie,2021,August,"$ 1,855.84",10,16,7
11,1,Skokie,2021,August,"$ 1,823.52",15,24,8
119,1,Skokie,2021,August,"$ 1,795.31",13,19,9
1594,1,Skokie,2021,August,"$ 1,795.00",4,5,10
1594,1,Skokie,2021,September,"$ 2,154.00",5,6,1
227,1,Skokie,2021,September,"$ 2,131.74",17,26,2
177,1,Skokie,2021,September,"$ 2,099.80",11,20,3
211,1,Skokie,2021,September,"$ 2,013.81",13,19,4
9,1,Skokie,2021,September,"$ 2,001.48",18,26,5
106,1,Skokie,2021,September,"$ 1,945.48",11,17,6
123,1,Skokie,2021,September,"$ 1,899.80",13,20,7
204,1,Skokie,2021,September,"$ 1,889.85",10,15,8
2012,1,Skokie,2021,September,"$ 1,889.79",12,21,9
2008,1,Skokie,2021,September,"$ 1,855.84",9,16,10
173,1,Skokie,2021,October,"$ 3,015.74",15,26,1
1594,1,Skokie,2021,October,"$ 2,872.00",5,8,2
265,1,Skokie,2021,October,"$ 2,799.72",16,28,3
204,1,Skokie,2021,October,"$ 2,393.81",10,19,4
1552,1,Skokie,2021,October,"$ 2,249.55",6,9,5
206,1,Skokie,2021,October,"$ 2,169.86",9,14,6
1635,1,Skokie,2021,October,"$ 2,159.88",7,12,7
227,1,Skokie,2021,October,"$ 2,049.75",15,25,8
152,1,Skokie,2021,October,"$ 1,999.80",15,20,9
106,1,Skokie,2021,October,"$ 1,945.48",10,17,10
1594,1,Skokie,2021,November,"$ 3,590.00",6,10,1
206,1,Skokie,2021,November,"$ 2,634.83",11,17,2
67,1,Skokie,2021,November,"$ 2,335.68",19,32,3
112,1,Skokie,2021,November,"$ 2,204.80",12,20,4
217,1,Skokie,2021,November,"$ 2,159.73",16,27,5
1551,1,Skokie,2021,November,"$ 2,069.55",6,9,6
1635,1,Skokie,2021,November,"$ 1,979.89",7,11,7
247,1,Skokie,2021,November,"$ 1,979.78",14,22,8
2013,1,Skokie,2021,November,"$ 1,954.77",16,23,9
2011,1,Skokie,2021,November,"$ 1,937.81",12,19,10
152,1,Skokie,2021,December,"$ 2,999.70",18,30,1
204,1,Skokie,2021,December,"$ 2,897.77",15,23,2
183,1,Skokie,2021,December,"$ 2,699.73",18,27,3
198,1,Skokie,2021,December,"$ 2,659.80",12,20,4
206,1,Skokie,2021,December,"$ 2,479.84",12,16,5
158,1,Skokie,2021,December,"$ 2,429.73",18,27,6
112,1,Skokie,2021,December,"$ 2,425.28",13,22,7
16,1,Skokie,2021,December,"$ 2,379.44",16,28,8
1645,1,Skokie,2021,December,"$ 2,327.00",8,13,9
181,1,Skokie,2021,December,"$ 2,303.76",16,24,10
1593,1,Skokie,2022,January,"$ 2,717.00",9,13,1
1594,1,Skokie,2022,January,"$ 2,513.00",5,7,2
1601,1,Skokie,2022,January,"$ 2,506.00",7,14,3
1606,1,Skokie,2022,January,"$ 2,209.83",11,17,4
212,1,Skokie,2022,January,"$ 2,108.81",13,19,5
168,1,Skokie,2022,January,"$ 2,099.79",11,21,6
1634,1,Skokie,2022,January,"$ 1,949.87",9,13,7
1584,1,Skokie,2022,January,"$ 1,946.00",8,14,8
2002,1,Skokie,2022,January,"$ 1,908.77",14,23,9
2003,1,Skokie,2022,January,"$ 1,825.78",15,22,10
1552,1,Skokie,2022,Febuary,"$ 3,249.35",7,13,1
112,1,Skokie,2022,Febuary,"$ 2,315.04",13,21,2
1592,1,Skokie,2022,Febuary,"$ 2,268.00",7,12,3
204,1,Skokie,2022,Febuary,"$ 2,267.82",12,18,4
2008,1,Skokie,2022,Febuary,"$ 2,087.82",11,18,5
17,1,Skokie,2022,Febuary,"$ 2,039.52",16,24,6
185,1,Skokie,2022,Febuary,"$ 1,979.82",11,18,7
1601,1,Skokie,2022,Febuary,"$ 1,969.00",8,11,8
1634,1,Skokie,2022,Febuary,"$ 1,949.87",8,13,9
106,1,Skokie,2022,Febuary,"$ 1,945.48",11,17,10
1594,1,Skokie,2022,March,"$ 6,103.00",13,17,1
212,1,Skokie,2022,March,"$ 3,218.71",17,29,2
1552,1,Skokie,2022,March,"$ 2,999.40",6,12,3
201,1,Skokie,2022,March,"$ 2,989.77",16,23,4
16,1,Skokie,2022,March,"$ 2,549.40",20,30,5
1596,1,Skokie,2022,March,"$ 2,519.86",10,14,6
149,1,Skokie,2022,March,"$ 2,499.80",14,20,7
121,1,Skokie,2022,March,"$ 2,469.74",15,26,8
2011,1,Skokie,2022,March,"$ 2,345.77",15,23,9
106,1,Skokie,2022,March,"$ 2,174.36",14,19,10
201,1,Skokie,2022,April,"$ 2,599.80",13,20,1
109,1,Skokie,2022,April,"$ 2,288.80",13,20,2
204,1,Skokie,2022,April,"$ 2,267.82",12,18,3
2009,1,Skokie,2022,April,"$ 2,199.78",13,22,4
121,1,Skokie,2022,April,"$ 2,184.77",15,23,5
1,1,Skokie,2022,April,"$ 2,155.72",18,28,6
185,1,Skokie,2022,April,"$ 2,089.81",12,19,7
197,1,Skokie,2022,April,"$ 2,013.81",11,19,8
265,1,Skokie,2022,April,"$ 1,899.81",12,19,9
156,1,Skokie,2022,April,"$ 1,899.81",14,19,10
1552,1,Skokie,2022,May,"$ 5,748.85",14,23,1
1571,1,Skokie,2022,May,"$ 3,498.00",14,22,2
206,1,Skokie,2022,May,"$ 2,944.81",11,19,3
1593,1,Skokie,2022,May,"$ 2,926.00",10,14,4
125,1,Skokie,2022,May,"$ 2,469.74",18,26,5
183,1,Skokie,2022,May,"$ 2,299.77",15,23,6
204,1,Skokie,2022,May,"$ 2,267.82",12,18,7
121,1,Skokie,2022,May,"$ 2,184.77",14,23,8
172,1,Skokie,2022,May,"$ 2,184.77",14,23,9
123,1,Skokie,2022,May,"$ 2,184.77",13,23,10
206,1,Skokie,2022,June,"$ 2,944.81",13,19,1
271,1,Skokie,2022,June,"$ 2,609.71",18,29,2
250,1,Skokie,2022,June,"$ 2,510.73",17,27,3
1552,1,Skokie,2022,June,"$ 2,499.50",6,10,4
198,1,Skokie,2022,June,"$ 2,393.82",12,18,5
2007,1,Skokie,2022,June,"$ 2,339.80",13,20,6
109,1,Skokie,2022,June,"$ 2,174.36",14,19,7
149,1,Skokie,2022,June,"$ 2,124.83",11,17,8
112,1,Skokie,2022,June,"$ 2,094.56",13,19,9
219,1,Skokie,2022,June,"$ 2,079.80",13,20,10
206,1,Skokie,2022,July,"$ 4,029.74",15,26,1
1594,1,Skokie,2022,July,"$ 3,231.00",6,9,2
2011,1,Skokie,2022,July,"$ 2,243.78",14,22,3
185,1,Skokie,2022,July,"$ 2,199.80",14,20,4
170,1,Skokie,2022,July,"$ 2,159.76",17,24,5
262,1,Skokie,2022,July,"$ 2,124.75",15,25,6
1593,1,Skokie,2022,July,"$ 2,090.00",7,10,7
203,1,Skokie,2022,July,"$ 2,024.73",16,27,8
1572,1,Skokie,2022,July,"$ 1,969.00",7,11,9
1543,1,Skokie,2022,July,"$ 1,920.00",12,16,10
2006,1,Skokie,2022,August,"$ 2,474.34",14,22,1
250,1,Skokie,2022,August,"$ 2,324.75",14,25,2
173,1,Skokie,2022,August,"$ 2,319.80",12,20,3
176,1,Skokie,2022,August,"$ 2,199.78",13,22,4
1986,1,Skokie,2022,August,"$ 2,169.44",18,28,5
2007,1,Skokie,2022,August,"$ 2,105.82",11,18,6
1593,1,Skokie,2022,August,"$ 2,090.00",7,10,7
109,1,Skokie,2022,August,"$ 2,059.92",12,18,8
206,1,Skokie,2022,August,"$ 2,014.87",8,13,9
168,1,Skokie,2022,August,"$ 1,999.80",13,20,10
1594,1,Skokie,2022,September,"$ 4,308.00",9,12,1
1591,1,Skokie,2022,September,"$ 3,211.00",11,19,2
1592,1,Skokie,2022,September,"$ 2,835.00",9,15,3
1645,1,Skokie,2022,September,"$ 2,685.00",11,15,4
181,1,Skokie,2022,September,"$ 2,303.76",14,24,5
1551,1,Skokie,2022,September,"$ 2,299.50",6,10,6
206,1,Skokie,2022,September,"$ 2,169.86",8,14,7
1601,1,Skokie,2022,September,"$ 2,148.00",7,12,8
179,1,Skokie,2022,September,"$ 2,111.78",14,22,9
160,1,Skokie,2022,September,"$ 1,979.78",14,22,10
198,1,Skokie,2022,October,"$ 2,260.83",12,17,1
254,1,Skokie,2022,October,"$ 2,231.76",16,24,2
206,1,Skokie,2022,October,"$ 2,169.86",9,14,3
172,1,Skokie,2022,October,"$ 2,089.78",14,22,4
112,1,Skokie,2022,October,"$ 1,984.32",11,18,5
119,1,Skokie,2022,October,"$ 1,984.29",13,21,6
173,1,Skokie,2022,October,"$ 1,971.83",10,17,7
201,1,Skokie,2022,October,"$ 1,949.85",9,15,8
115,1,Skokie,2022,October,"$ 1,945.48",11,17,9
160,1,Skokie,2022,October,"$ 1,889.79",13,21,10
1593,1,Skokie,2022,November,"$ 2,926.00",10,14,1
198,1,Skokie,2022,November,"$ 2,393.82",11,18,2
2007,1,Skokie,2022,November,"$ 2,339.80",12,20,3
197,1,Skokie,2022,November,"$ 2,331.78",13,22,4
115,1,Skokie,2022,November,"$ 2,288.80",12,20,5
109,1,Skokie,2022,November,"$ 2,174.36",12,19,6
204,1,Skokie,2022,November,"$ 2,141.83",10,17,7
2006,1,Skokie,2022,November,"$ 2,136.93",13,19,8
1592,1,Skokie,2022,November,"$ 2,079.00",6,11,9
1551,1,Skokie,2022,November,"$ 2,069.55",7,9,10
173,1,Skokie,2022,December,"$ 2,899.75",17,25,1
125,1,Skokie,2022,December,"$ 2,849.70",20,30,2
198,1,Skokie,2022,December,"$ 2,792.79",14,21,3
1572,1,Skokie,2022,December,"$ 2,506.00",8,14,4
121,1,Skokie,2022,December,"$ 2,469.74",16,26,5
197,1,Skokie,2022,December,"$ 2,437.77",17,23,6
14,1,Skokie,2022,December,"$ 2,379.44",17,28,7
247,1,Skokie,2022,December,"$ 2,339.74",17,26,8
112,1,Skokie,2022,December,"$ 2,315.04",14,21,9
183,1,Skokie,2022,December,"$ 2,299.77",16,23,10
1594,1,Skokie,2023,January,"$ 2,872.00",4,8,1
1601,1,Skokie,2023,January,"$ 2,864.00",9,16,2
265,1,Skokie,2023,January,"$ 2,399.76",16,24,3
149,1,Skokie,2023,January,"$ 2,374.81",12,19,4
2006,1,Skokie,2023,January,"$ 2,361.87",12,21,5
242,1,Skokie,2023,January,"$ 2,309.79",16,21,6
246,1,Skokie,2023,January,"$ 2,159.76",16,24,7
173,1,Skokie,2023,January,"$ 2,087.82",12,18,8
125,1,Skokie,2023,January,"$ 1,994.79",13,21,9
2008,1,Skokie,2023,January,"$ 1,971.83",10,17,10
173,1,Skokie,2023,Febuary,"$ 2,783.76",17,24,1
1635,1,Skokie,2023,Febuary,"$ 2,159.88",6,12,2
204,1,Skokie,2023,Febuary,"$ 2,141.83",10,17,3
162,1,Skokie,2023,Febuary,"$ 2,069.77",13,23,4
177,1,Skokie,2023,Febuary,"$ 1,994.81",12,19,5
115,1,Skokie,2023,Febuary,"$ 1,945.48",12,17,6
211,1,Skokie,2023,Febuary,"$ 1,907.82",12,18,7
271,1,Skokie,2023,Febuary,"$ 1,889.79",14,21,8
2009,1,Skokie,2023,Febuary,"$ 1,799.82",10,18,9
262,1,Skokie,2023,Febuary,"$ 1,784.79",12,21,10
1594,1,Skokie,2023,March,"$ 3,949.00",8,11,1
1601,1,Skokie,2023,March,"$ 3,043.00",11,17,2
2007,1,Skokie,2023,March,"$ 3,041.74",16,26,3
198,1,Skokie,2023,March,"$ 2,526.81",14,19,4
1645,1,Skokie,2023,March,"$ 2,148.00",9,12,5
109,1,Skokie,2023,March,"$ 2,059.92",13,18,6
2011,1,Skokie,2023,March,"$ 2,039.80",14,20,7
1552,1,Skokie,2023,March,"$ 1,999.60",5,8,8
242,1,Skokie,2023,March,"$ 1,979.82",12,18,9
135,1,Skokie,2023,March,"$ 1,957.78",13,22,10
185,1,Skokie,2023,April,"$ 2,529.77",15,23,1
119,1,Skokie,2023,April,"$ 2,456.74",16,26,2
206,1,Skokie,2023,April,"$ 2,324.85",9,15,3
1992,1,Skokie,2023,April,"$ 2,249.75",16,25,4
212,1,Skokie,2023,April,"$ 2,219.80",12,20,5
1996,1,Skokie,2023,April,"$ 2,155.72",18,28,6
1594,1,Skokie,2023,April,"$ 2,154.00",4,6,7
148,1,Skokie,2023,April,"$ 2,099.72",17,28,8
1627,1,Skokie,2023,April,"$ 2,089.05",13,19,9
1552,1,Skokie,2023,April,"$ 1,999.60",4,8,10
201,1,Skokie,2023,May,"$ 2,859.78",15,22,1
106,1,Skokie,2023,May,"$ 2,632.12",15,23,2
1594,1,Skokie,2023,May,"$ 2,513.00",4,7,3
168,1,Skokie,2023,May,"$ 2,399.76",13,24,4
1645,1,Skokie,2023,May,"$ 2,327.00",7,13,5
2008,1,Skokie,2023,May,"$ 2,319.80",14,20,6
242,1,Skokie,2023,May,"$ 2,309.79",12,21,7
2007,1,Skokie,2023,May,"$ 2,222.81",13,19,8
173,1,Skokie,2023,May,"$ 2,087.82",12,18,9
204,1,Skokie,2023,May,"$ 2,015.84",10,16,10
112,1,Skokie,2023,June,"$ 3,086.72",17,28,1
201,1,Skokie,2023,June,"$ 2,339.82",11,18,2
206,1,Skokie,2023,June,"$ 2,169.86",8,14,3
168,1,Skokie,2023,June,"$ 1,999.80",13,20,4
215,1,Skokie,2023,June,"$ 1,999.75",16,25,5
225,1,Skokie,2023,June,"$ 1,970.73",17,27,6
212,1,Skokie,2023,June,"$ 1,886.83",10,17,7
197,1,Skokie,2023,June,"$ 1,801.83",12,17,8
265,1,Skokie,2023,June,"$ 1,799.82",9,18,9
1594,1,Skokie,2023,June,"$ 1,795.00",4,5,10
1594,1,Skokie,2023,July,"$ 4,308.00",7,12,1
109,1,Skokie,2023,July,"$ 2,861.00",18,25,2
1551,1,Skokie,2023,July,"$ 2,759.40",7,12,3
179,1,Skokie,2023,July,"$ 2,495.74",17,26,4
1572,1,Skokie,2023,July,"$ 2,148.00",8,12,5
1645,1,Skokie,2023,July,"$ 2,148.00",7,12,6
1992,1,Skokie,2023,July,"$ 2,069.77",14,23,7
197,1,Skokie,2023,July,"$ 2,013.81",14,19,8
152,1,Skokie,2023,July,"$ 1,999.80",14,20,9
1571,1,Skokie,2023,July,"$ 1,908.00",8,12,10
1552,1,Skokie,2023,August,"$ 2,749.45",7,11,1
109,1,Skokie,2023,August,"$ 2,746.56",13,24,2
197,1,Skokie,2023,August,"$ 2,437.77",15,23,3
16,1,Skokie,2023,August,"$ 2,379.44",17,28,4
2009,1,Skokie,2023,August,"$ 2,299.77",16,23,5
106,1,Skokie,2023,August,"$ 2,288.80",14,20,6
1987,1,Skokie,2023,August,"$ 2,079.74",16,26,7
129,1,Skokie,2023,August,"$ 2,079.74",18,26,8
119,1,Skokie,2023,August,"$ 2,078.78",13,22,9
170,1,Skokie,2023,August,"$ 1,979.78",14,22,10
60,1,Skokie,2023,September,"$ 2,554.65",19,35,1
198,1,Skokie,2023,September,"$ 2,526.81",12,19,2
1594,1,Skokie,2023,September,"$ 2,513.00",5,7,3
1593,1,Skokie,2023,September,"$ 2,508.00",9,12,4
112,1,Skokie,2023,September,"$ 2,425.28",13,22,5
156,1,Skokie,2023,September,"$ 2,299.77",15,23,6
201,1,Skokie,2023,September,"$ 2,209.83",11,17,7
2007,1,Skokie,2023,September,"$ 2,105.82",12,18,8
1644,1,Skokie,2023,September,"$ 2,086.00",9,14,9
1551,1,Skokie,2023,September,"$ 2,069.55",6,9,10
106,1,Skokie,2023,October,"$ 3,089.88",17,27,1
2010,1,Skokie,2023,October,"$ 2,699.73",17,27,2
2009,1,Skokie,2023,October,"$ 2,399.76",17,24,3
1570,1,Skokie,2023,October,"$ 2,363.00",11,17,4
177,1,Skokie,2023,October,"$ 2,309.78",15,22,5
2008,1,Skokie,2023,October,"$ 2,203.81",12,19,6
1645,1,Skokie,2023,October,"$ 2,148.00",9,12,7
119,1,Skokie,2023,October,"$ 1,984.29",12,21,8
1635,1,Skokie,2023,October,"$ 1,979.89",7,11,9
173,1,Skokie,2023,October,"$ 1,971.83",11,17,10
1552,1,Skokie,2023,November,"$ 2,999.40",8,12,1
1594,1,Skokie,2023,November,"$ 2,872.00",5,8,2
2006,1,Skokie,2023,November,"$ 2,474.34",16,22,3
2008,1,Skokie,2023,November,"$ 2,319.80",15,20,4
1592,1,Skokie,2023,November,"$ 2,268.00",8,12,5
201,1,Skokie,2023,November,"$ 2,209.83",11,17,6
265,1,Skokie,2023,November,"$ 2,199.78",13,22,7
206,1,Skokie,2023,November,"$ 2,014.87",8,13,8
198,1,Skokie,2023,November,"$ 1,861.86",10,14,9
211,1,Skokie,2023,November,"$ 1,801.83",10,17,10
1645,1,Skokie,2023,December,"$ 3,401.00",12,19,1
1594,1,Skokie,2023,December,"$ 3,231.00",6,9,2
1595,1,Skokie,2023,December,"$ 2,999.80",13,20,3
149,1,Skokie,2023,December,"$ 2,749.78",14,22,4
1989,1,Skokie,2023,December,"$ 2,519.70",20,30,5
197,1,Skokie,2023,December,"$ 2,437.77",15,23,6
173,1,Skokie,2023,December,"$ 2,435.79",13,21,7
106,1,Skokie,2023,December,"$ 2,403.24",13,21,8
7,1,Skokie,2023,December,"$ 2,294.46",18,27,9
172,1,Skokie,2023,December,"$ 2,279.76",16,24,10
206,1,Skokie,2024,January,"$ 2,944.81",13,19,1
123,1,Skokie,2024,January,"$ 2,944.69",19,31,2
172,1,Skokie,2024,January,"$ 2,564.73",17,27,3
149,1,Skokie,2024,January,"$ 2,499.80",12,20,4
135,1,Skokie,2024,January,"$ 2,402.73",17,27,5
176,1,Skokie,2024,January,"$ 2,299.77",14,23,6
204,1,Skokie,2024,January,"$ 2,267.82",10,18,7
109,1,Skokie,2024,January,"$ 2,174.36",10,19,8
1635,1,Skokie,2024,January,"$ 2,159.88",9,12,9
1594,1,Skokie,2024,January,"$ 2,154.00",5,6,10
1593,1,Skokie,2024,Febuary,"$ 2,508.00",8,12,1
1635,1,Skokie,2024,Febuary,"$ 2,339.87",8,13,2
2006,1,Skokie,2024,Febuary,"$ 2,249.40",14,20,3
2000,1,Skokie,2024,Febuary,"$ 2,239.72",18,28,4
121,1,Skokie,2024,Febuary,"$ 2,184.77",14,23,5
1601,1,Skokie,2024,Febuary,"$ 2,148.00",7,12,6
185,1,Skokie,2024,Febuary,"$ 2,089.81",14,19,7
1551,1,Skokie,2024,Febuary,"$ 2,069.55",5,9,8
198,1,Skokie,2024,Febuary,"$ 1,994.85",10,15,9
242,1,Skokie,2024,Febuary,"$ 1,979.82",14,18,10
2007,1,Skokie,2024,March,"$ 2,573.78",14,22,1
166,1,Skokie,2024,March,"$ 2,159.73",17,27,2
1594,1,Skokie,2024,March,"$ 2,154.00",4,6,3
121,1,Skokie,2024,March,"$ 2,089.78",14,22,4
217,1,Skokie,2024,March,"$ 2,079.74",18,26,5
175,1,Skokie,2024,March,"$ 2,039.76",16,24,6
198,1,Skokie,2024,March,"$ 1,994.85",11,15,7
1998,1,Skokie,2024,March,"$ 1,974.75",17,25,8
1572,1,Skokie,2024,March,"$ 1,969.00",8,11,9
135,1,Skokie,2024,March,"$ 1,957.78",15,22,10
1594,1,Skokie,2024,April,"$ 3,590.00",6,10,1
2007,1,Skokie,2024,April,"$ 2,807.76",14,24,2
219,1,Skokie,2024,April,"$ 2,391.77",15,23,3
13,1,Skokie,2024,April,"$ 2,379.44",16,28,4
1635,1,Skokie,2024,April,"$ 2,339.87",8,13,5
206,1,Skokie,2024,April,"$ 2,324.85",9,15,6
152,1,Skokie,2024,April,"$ 2,199.78",13,22,7
1992,1,Skokie,2024,April,"$ 2,159.76",15,24,8
175,1,Skokie,2024,April,"$ 1,954.77",15,23,9
123,1,Skokie,2024,April,"$ 1,899.80",14,20,10
198,1,Skokie,2024,May,"$ 2,925.78",12,22,1
204,1,Skokie,2024,May,"$ 2,771.78",14,22,2
1551,1,Skokie,2024,May,"$ 2,759.40",7,12,3
2006,1,Skokie,2024,May,"$ 2,699.28",17,24,4
112,1,Skokie,2024,May,"$ 2,645.76",16,24,5
1594,1,Skokie,2024,May,"$ 2,513.00",6,7,6
206,1,Skokie,2024,May,"$ 2,479.84",10,16,7
2008,1,Skokie,2024,May,"$ 2,435.79",13,21,8
173,1,Skokie,2024,May,"$ 2,435.79",11,21,9
1988,1,Skokie,2024,May,"$ 2,213.73",14,27,10
206,1,Skokie,2024,June,"$ 2,634.83",11,17,1
149,1,Skokie,2024,June,"$ 2,624.79",13,21,2
1593,1,Skokie,2024,June,"$ 2,508.00",7,12,3
212,1,Skokie,2024,June,"$ 2,330.79",13,21,4
154,1,Skokie,2024,June,"$ 2,319.71",19,29,5
204,1,Skokie,2024,June,"$ 2,267.82",11,18,6
176,1,Skokie,2024,June,"$ 2,199.78",12,22,7
115,1,Skokie,2024,June,"$ 2,174.36",14,19,8
198,1,Skokie,2024,June,"$ 2,127.84",11,16,9
112,1,Skokie,2024,June,"$ 2,094.56",13,19,10
1594,1,Skokie,2024,July,"$ 4,308.00",8,12,1
1593,1,Skokie,2024,July,"$ 2,717.00",7,13,2
206,1,Skokie,2024,July,"$ 2,324.85",11,15,3
119,1,Skokie,2024,July,"$ 2,173.27",13,23,4
177,1,Skokie,2024,July,"$ 2,099.80",13,20,5
121,1,Skokie,2024,July,"$ 2,089.78",14,22,6
1552,1,Skokie,2024,July,"$ 1,999.60",5,8,7
1628,1,Skokie,2024,July,"$ 1,949.25",8,15,8
149,1,Skokie,2024,July,"$ 1,874.85",9,15,9
112,1,Skokie,2024,July,"$ 1,874.08",11,17,10
1594,1,Skokie,2024,August,"$ 3,590.00",5,10,1
201,1,Skokie,2024,August,"$ 2,859.78",15,22,2
1552,1,Skokie,2024,August,"$ 2,749.45",8,11,3
246,1,Skokie,2024,August,"$ 2,429.73",18,27,4
1551,1,Skokie,2024,August,"$ 2,299.50",8,10,5
219,1,Skokie,2024,August,"$ 2,287.78",13,22,6
2006,1,Skokie,2024,August,"$ 2,249.40",12,20,7
13,1,Skokie,2024,August,"$ 2,039.52",14,24,8
181,1,Skokie,2024,August,"$ 2,015.79",13,21,9
112,1,Skokie,2024,August,"$ 1,984.32",11,18,10
1593,1,Skokie,2024,September,"$ 3,135.00",8,15,1
1551,1,Skokie,2024,September,"$ 2,989.35",10,13,2
1594,1,Skokie,2024,September,"$ 2,513.00",5,7,3
1572,1,Skokie,2024,September,"$ 2,506.00",9,14,4
201,1,Skokie,2024,September,"$ 2,339.82",11,18,5
1552,1,Skokie,2024,September,"$ 2,249.55",7,9,6
106,1,Skokie,2024,September,"$ 2,174.36",14,19,7
206,1,Skokie,2024,September,"$ 2,169.86",10,14,8
1989,1,Skokie,2024,September,"$ 2,099.75",15,25,9
198,1,Skokie,2024,September,"$ 1,994.85",9,15,10
1551,1,Skokie,2024,October,"$ 2,759.40",8,12,1
1594,1,Skokie,2024,October,"$ 2,513.00",5,7,2
2011,1,Skokie,2024,October,"$ 2,447.76",15,24,3
1572,1,Skokie,2024,October,"$ 2,327.00",8,13,4
156,1,Skokie,2024,October,"$ 2,299.77",15,23,5
1592,1,Skokie,2024,October,"$ 2,268.00",7,12,6
181,1,Skokie,2024,October,"$ 2,111.78",16,22,7
201,1,Skokie,2024,October,"$ 2,079.84",11,16,8
1552,1,Skokie,2024,October,"$ 1,999.60",4,8,9
158,1,Skokie,2024,October,"$ 1,889.79",14,21,10
206,1,Skokie,2024,November,"$ 3,254.79",14,21,1
1594,1,Skokie,2024,November,"$ 2,513.00",4,7,2
1592,1,Skokie,2024,November,"$ 2,268.00",7,12,3
2006,1,Skokie,2024,November,"$ 2,249.40",11,20,4
106,1,Skokie,2024,November,"$ 2,174.36",13,19,5
1992,1,Skokie,2024,November,"$ 2,159.76",14,24,6
11,1,Skokie,2024,November,"$ 2,127.44",18,28,7
1996,1,Skokie,2024,November,"$ 2,078.73",18,27,8
2011,1,Skokie,2024,November,"$ 2,039.80",14,20,9
212,1,Skokie,2024,November,"$ 1,997.82",13,18,10
204,1,Skokie,2024,December,"$ 3,401.73",17,27,1
198,1,Skokie,2024,December,"$ 3,324.75",17,25,2
149,1,Skokie,2024,December,"$ 2,874.77",16,23,3
1594,1,Skokie,2024,December,"$ 2,872.00",6,8,4
112,1,Skokie,2024,December,"$ 2,866.24",17,26,5
1551,1,Skokie,2024,December,"$ 2,759.40",9,12,6
160,1,Skokie,2024,December,"$ 2,609.71",21,29,7
219,1,Skokie,2024,December,"$ 2,599.75",16,25,8
2007,1,Skokie,2024,December,"$ 2,573.78",15,22,9
172,1,Skokie,2024,December,"$ 2,564.73",16,27,10
201,2,Waukesha,2019,January,"$ 2,729.79",16,21,1
177,2,Waukesha,2019,January,"$ 2,309.78",14,22,2
149,2,Waukesha,2019,January,"$ 2,124.83",10,17,3
67,2,Waukesha,2019,January,"$ 2,043.72",17,28,4
1552,2,Waukesha,2019,January,"$ 1,999.60",5,8,5
112,2,Waukesha,2019,January,"$ 1,984.32",12,18,6
1601,2,Waukesha,2019,January,"$ 1,969.00",8,11,7
2002,2,Waukesha,2019,January,"$ 1,908.77",16,23,8
1551,2,Waukesha,2019,January,"$ 1,839.60",6,8,9
1570,2,Waukesha,2019,January,"$ 1,807.00",7,13,10
1552,2,Waukesha,2019,Febuary,"$ 3,249.35",7,13,1
204,2,Waukesha,2019,Febuary,"$ 2,519.80",14,20,2
177,2,Waukesha,2019,Febuary,"$ 2,309.78",13,22,3
212,2,Waukesha,2019,Febuary,"$ 2,219.80",11,20,4
185,2,Waukesha,2019,Febuary,"$ 2,199.80",12,20,5
109,2,Waukesha,2019,Febuary,"$ 2,059.92",11,18,6
170,2,Waukesha,2019,Febuary,"$ 1,889.79",14,21,7
198,2,Waukesha,2019,Febuary,"$ 1,861.86",8,14,8
206,2,Waukesha,2019,Febuary,"$ 1,859.88",8,12,9
251,2,Waukesha,2019,Febuary,"$ 1,859.80",13,20,10
1600,2,Waukesha,2019,March,"$ 2,533.00",10,17,1
211,2,Waukesha,2019,March,"$ 2,331.78",14,22,2
115,2,Waukesha,2019,March,"$ 2,288.80",13,20,3
2009,2,Waukesha,2019,March,"$ 2,199.78",13,22,4
2012,2,Waukesha,2019,March,"$ 2,159.76",15,24,5
1594,2,Waukesha,2019,March,"$ 2,154.00",4,6,6
149,2,Waukesha,2019,March,"$ 2,124.83",13,17,7
1551,2,Waukesha,2019,March,"$ 2,069.55",6,9,8
1645,2,Waukesha,2019,March,"$ 1,969.00",6,11,9
179,2,Waukesha,2019,March,"$ 1,919.80",12,20,10
170,2,Waukesha,2019,April,"$ 2,519.72",20,28,1
242,2,Waukesha,2019,April,"$ 2,309.79",13,21,2
204,2,Waukesha,2019,April,"$ 2,267.82",12,18,3
1572,2,Waukesha,2019,April,"$ 1,969.00",7,11,4
1655,2,Waukesha,2019,April,"$ 1,959.86",9,14,5
109,2,Waukesha,2019,April,"$ 1,945.48",10,17,6
185,2,Waukesha,2019,April,"$ 1,869.83",10,17,7
18,2,Waukesha,2019,April,"$ 1,869.56",12,22,8
198,2,Waukesha,2019,April,"$ 1,861.86",10,14,9
106,2,Waukesha,2019,April,"$ 1,831.04",11,16,10
1594,2,Waukesha,2019,May,"$ 3,231.00",5,9,1
1635,2,Waukesha,2019,May,"$ 2,699.85",8,15,2
206,2,Waukesha,2019,May,"$ 2,479.84",12,16,3
125,2,Waukesha,2019,May,"$ 2,184.77",15,23,4
198,2,Waukesha,2019,May,"$ 1,994.85",8,15,5
1572,2,Waukesha,2019,May,"$ 1,969.00",7,11,6
17,2,Waukesha,2019,May,"$ 1,954.54",13,23,7
1628,2,Waukesha,2019,May,"$ 1,949.25",9,15,8
109,2,Waukesha,2019,May,"$ 1,945.48",12,17,9
154,2,Waukesha,2019,May,"$ 1,919.76",15,24,10
173,2,Waukesha,2019,June,"$ 2,551.78",14,22,1
1594,2,Waukesha,2019,June,"$ 2,513.00",5,7,2
2011,2,Waukesha,2019,June,"$ 2,447.76",15,24,3
1592,2,Waukesha,2019,June,"$ 2,268.00",8,12,4
1606,2,Waukesha,2019,June,"$ 2,209.83",10,17,5
181,2,Waukesha,2019,June,"$ 2,207.77",13,23,6
1551,2,Waukesha,2019,June,"$ 2,069.55",6,9,7
185,2,Waukesha,2019,June,"$ 1,979.82",11,18,8
1645,2,Waukesha,2019,June,"$ 1,969.00",7,11,9
254,2,Waukesha,2019,June,"$ 1,952.79",12,21,10
119,2,Waukesha,2019,July,"$ 2,362.25",15,25,1
1601,2,Waukesha,2019,July,"$ 2,327.00",8,13,2
129,2,Waukesha,2019,July,"$ 2,239.72",18,28,3
1634,2,Waukesha,2019,July,"$ 2,099.86",8,14,4
1551,2,Waukesha,2019,July,"$ 2,069.55",5,9,5
206,2,Waukesha,2019,July,"$ 2,014.87",8,13,6
149,2,Waukesha,2019,July,"$ 1,999.84",11,16,7
212,2,Waukesha,2019,July,"$ 1,997.82",11,18,8
1644,2,Waukesha,2019,July,"$ 1,937.00",8,13,9
121,2,Waukesha,2019,July,"$ 1,899.80",12,20,10
1552,2,Waukesha,2019,August,"$ 4,499.10",11,18,1
1594,2,Waukesha,2019,August,"$ 3,231.00",6,9,2
198,2,Waukesha,2019,August,"$ 3,191.76",14,24,3
204,2,Waukesha,2019,August,"$ 2,645.79",15,21,4
201,2,Waukesha,2019,August,"$ 2,339.82",13,18,5
241,2,Waukesha,2019,August,"$ 2,145.71",16,29,6
137,2,Waukesha,2019,August,"$ 2,069.77",15,23,7
219,2,Waukesha,2019,August,"$ 1,975.81",13,19,8
152,2,Waukesha,2019,August,"$ 1,899.81",13,19,9
112,2,Waukesha,2019,August,"$ 1,874.08",10,17,10
1552,2,Waukesha,2019,September,"$ 3,249.35",8,13,1
212,2,Waukesha,2019,September,"$ 2,552.77",14,23,2
1594,2,Waukesha,2019,September,"$ 2,513.00",6,7,3
185,2,Waukesha,2019,September,"$ 2,419.78",12,22,4
1601,2,Waukesha,2019,September,"$ 2,327.00",8,13,5
156,2,Waukesha,2019,September,"$ 2,299.77",14,23,6
1551,2,Waukesha,2019,September,"$ 2,299.50",5,10,7
109,2,Waukesha,2019,September,"$ 2,174.36",12,19,8
201,2,Waukesha,2019,September,"$ 2,079.84",9,16,9
265,2,Waukesha,2019,September,"$ 1,999.80",13,20,10
1551,2,Waukesha,2019,October,"$ 2,759.40",7,12,1
197,2,Waukesha,2019,October,"$ 2,649.75",16,25,2
204,2,Waukesha,2019,October,"$ 2,393.81",11,19,3
1606,2,Waukesha,2019,October,"$ 2,339.82",9,18,4
2007,2,Waukesha,2019,October,"$ 2,339.80",13,20,5
1552,2,Waukesha,2019,October,"$ 2,249.55",6,9,6
123,2,Waukesha,2019,October,"$ 2,184.77",14,23,7
1986,2,Waukesha,2019,October,"$ 2,169.44",18,28,8
1594,2,Waukesha,2019,October,"$ 2,154.00",5,6,9
162,2,Waukesha,2019,October,"$ 2,069.77",14,23,10
2007,2,Waukesha,2019,November,"$ 2,573.78",14,22,1
173,2,Waukesha,2019,November,"$ 2,551.78",12,22,2
1551,2,Waukesha,2019,November,"$ 2,529.45",6,11,3
1644,2,Waukesha,2019,November,"$ 2,235.00",10,15,4
109,2,Waukesha,2019,November,"$ 2,059.92",11,18,5
206,2,Waukesha,2019,November,"$ 2,014.87",9,13,6
185,2,Waukesha,2019,November,"$ 1,979.82",13,18,7
219,2,Waukesha,2019,November,"$ 1,871.82",12,18,8
162,2,Waukesha,2019,November,"$ 1,799.80",12,20,9
2,2,Waukesha,2019,November,"$ 1,770.77",14,23,10
149,2,Waukesha,2019,December,"$ 2,999.76",15,24,1
1552,2,Waukesha,2019,December,"$ 2,999.40",8,12,2
1594,2,Waukesha,2019,December,"$ 2,872.00",4,8,3
206,2,Waukesha,2019,December,"$ 2,789.82",12,18,4
185,2,Waukesha,2019,December,"$ 2,749.75",17,25,5
1,2,Waukesha,2019,December,"$ 2,694.65",22,35,6
201,2,Waukesha,2019,December,"$ 2,599.80",14,20,7
2008,2,Waukesha,2019,December,"$ 2,551.78",16,22,8
1571,2,Waukesha,2019,December,"$ 2,544.00",10,16,9
1551,2,Waukesha,2019,December,"$ 2,529.45",8,11,10
198,2,Waukesha,2020,January,"$ 2,925.78",15,22,1
2008,2,Waukesha,2020,January,"$ 2,783.76",19,24,2
2003,2,Waukesha,2020,January,"$ 2,323.72",19,28,3
206,2,Waukesha,2020,January,"$ 2,169.86",8,14,4
1594,2,Waukesha,2020,January,"$ 2,154.00",5,6,5
204,2,Waukesha,2020,January,"$ 2,141.83",11,17,6
211,2,Waukesha,2020,January,"$ 2,119.80",14,20,7
179,2,Waukesha,2020,January,"$ 2,111.78",15,22,8
265,2,Waukesha,2020,January,"$ 2,099.79",12,21,9
201,2,Waukesha,2020,January,"$ 2,079.84",11,16,10
2010,2,Waukesha,2020,Febuary,"$ 3,099.69",20,31,1
1551,2,Waukesha,2020,Febuary,"$ 2,989.35",9,13,2
1594,2,Waukesha,2020,Febuary,"$ 2,872.00",6,8,3
1645,2,Waukesha,2020,Febuary,"$ 2,864.00",10,16,4
2009,2,Waukesha,2020,Febuary,"$ 2,799.72",18,28,5
1593,2,Waukesha,2020,Febuary,"$ 2,717.00",8,13,6
242,2,Waukesha,2020,Febuary,"$ 2,529.77",16,23,7
109,2,Waukesha,2020,Febuary,"$ 2,517.68",14,22,8
183,2,Waukesha,2020,Febuary,"$ 2,499.75",15,25,9
119,2,Waukesha,2020,Febuary,"$ 2,456.74",16,26,10
1593,2,Waukesha,2020,March,"$ 3,344.00",11,16,1
197,2,Waukesha,2020,March,"$ 3,285.69",21,31,2
1552,2,Waukesha,2020,March,"$ 3,249.35",8,13,3
109,2,Waukesha,2020,March,"$ 3,089.88",16,27,4
106,2,Waukesha,2020,March,"$ 2,746.56",16,24,5
183,2,Waukesha,2020,March,"$ 2,599.74",17,26,6
166,2,Waukesha,2020,March,"$ 2,399.70",20,30,7
2009,2,Waukesha,2020,March,"$ 2,299.77",17,23,8
4,2,Waukesha,2020,March,"$ 2,294.46",18,27,9
13,2,Waukesha,2020,March,"$ 2,124.50",17,25,10
1552,2,Waukesha,2020,April,"$ 3,999.20",10,16,1
1594,2,Waukesha,2020,April,"$ 2,872.00",5,8,2
1592,2,Waukesha,2020,April,"$ 2,646.00",9,14,3
2007,2,Waukesha,2020,April,"$ 2,456.79",14,21,4
172,2,Waukesha,2020,April,"$ 2,374.75",17,25,5
206,2,Waukesha,2020,April,"$ 2,324.85",9,15,6
112,2,Waukesha,2020,April,"$ 2,315.04",12,21,7
1627,2,Waukesha,2020,April,"$ 2,308.95",12,21,8
12,2,Waukesha,2020,April,"$ 2,294.46",17,27,9
2008,2,Waukesha,2020,April,"$ 2,203.81",12,19,10
1594,2,Waukesha,2020,May,"$ 3,949.00",6,11,1
206,2,Waukesha,2020,May,"$ 3,564.77",14,23,2
1551,2,Waukesha,2020,May,"$ 3,449.25",11,15,3
1571,2,Waukesha,2020,May,"$ 3,180.00",11,20,4
152,2,Waukesha,2020,May,"$ 2,799.72",18,28,5
170,2,Waukesha,2020,May,"$ 2,609.71",19,29,6
242,2,Waukesha,2020,May,"$ 2,529.77",16,23,7
1593,2,Waukesha,2020,May,"$ 2,508.00",7,12,8
1645,2,Waukesha,2020,May,"$ 2,506.00",8,14,9
1552,2,Waukesha,2020,May,"$ 2,499.50",6,10,10
112,2,Waukesha,2020,June,"$ 3,637.92",21,33,1
206,2,Waukesha,2020,June,"$ 3,409.78",13,22,2
1552,2,Waukesha,2020,June,"$ 3,249.35",8,13,3
204,2,Waukesha,2020,June,"$ 3,023.76",14,24,4
1594,2,Waukesha,2020,June,"$ 2,872.00",6,8,5
2011,2,Waukesha,2020,June,"$ 2,855.72",17,28,6
201,2,Waukesha,2020,June,"$ 2,599.80",14,20,7
197,2,Waukesha,2020,June,"$ 2,437.77",17,23,8
1551,2,Waukesha,2020,June,"$ 2,299.50",8,10,9
109,2,Waukesha,2020,June,"$ 2,288.80",11,20,10
206,2,Waukesha,2020,July,"$ 3,564.77",16,23,1
198,2,Waukesha,2020,July,"$ 3,191.76",15,24,2
1595,2,Waukesha,2020,July,"$ 2,999.80",13,20,3
109,2,Waukesha,2020,July,"$ 2,975.44",17,26,4
212,2,Waukesha,2020,July,"$ 2,885.74",16,26,5
112,2,Waukesha,2020,July,"$ 2,866.24",18,26,6
1601,2,Waukesha,2020,July,"$ 2,685.00",10,15,7
181,2,Waukesha,2020,July,"$ 2,591.73",16,27,8
1645,2,Waukesha,2020,July,"$ 2,327.00",9,13,9
204,2,Waukesha,2020,July,"$ 2,267.82",13,18,10
1594,2,Waukesha,2020,August,"$ 5,026.00",9,14,1
204,2,Waukesha,2020,August,"$ 3,149.75",16,25,2
1593,2,Waukesha,2020,August,"$ 2,717.00",7,13,3
125,2,Waukesha,2020,August,"$ 2,659.72",17,28,4
115,2,Waukesha,2020,August,"$ 2,403.24",14,21,5
112,2,Waukesha,2020,August,"$ 2,315.04",14,21,6
1552,2,Waukesha,2020,August,"$ 2,249.55",5,9,7
211,2,Waukesha,2020,August,"$ 2,225.79",13,21,8
201,2,Waukesha,2020,August,"$ 2,209.83",9,17,9
2009,2,Waukesha,2020,August,"$ 2,199.78",14,22,10
1552,2,Waukesha,2020,September,"$ 3,749.25",10,15,1
201,2,Waukesha,2020,September,"$ 2,859.78",13,22,2
2006,2,Waukesha,2020,September,"$ 2,811.75",17,25,3
217,2,Waukesha,2020,September,"$ 2,399.70",18,30,4
1596,2,Waukesha,2020,September,"$ 2,339.87",9,13,5
198,2,Waukesha,2020,September,"$ 2,260.83",10,17,6
211,2,Waukesha,2020,September,"$ 2,225.79",12,21,7
14,2,Waukesha,2020,September,"$ 2,124.50",16,25,8
12,2,Waukesha,2020,September,"$ 2,124.50",18,25,9
2007,2,Waukesha,2020,September,"$ 2,105.82",11,18,10
198,2,Waukesha,2020,October,"$ 2,925.78",13,22,1
1552,2,Waukesha,2020,October,"$ 2,749.45",7,11,2
177,2,Waukesha,2020,October,"$ 2,729.74",16,26,3
1992,2,Waukesha,2020,October,"$ 2,699.70",20,30,4
197,2,Waukesha,2020,October,"$ 2,437.77",15,23,5
201,2,Waukesha,2020,October,"$ 2,339.82",11,18,6
152,2,Waukesha,2020,October,"$ 2,299.77",14,23,7
3,2,Waukesha,2020,October,"$ 2,294.46",16,27,8
11,2,Waukesha,2020,October,"$ 2,279.40",18,30,9
1571,2,Waukesha,2020,October,"$ 2,226.00",8,14,10
1594,2,Waukesha,2020,November,"$ 3,949.00",6,11,1
109,2,Waukesha,2020,November,"$ 2,861.00",15,25,2
1551,2,Waukesha,2020,November,"$ 2,759.40",8,12,3
1635,2,Waukesha,2020,November,"$ 2,699.85",8,15,4
173,2,Waukesha,2020,November,"$ 2,319.80",14,20,5
112,2,Waukesha,2020,November,"$ 2,315.04",15,21,6
1644,2,Waukesha,2020,November,"$ 2,235.00",9,15,7
3,2,Waukesha,2020,November,"$ 2,209.48",16,26,8
1595,2,Waukesha,2020,November,"$ 2,099.86",8,14,9
1593,2,Waukesha,2020,November,"$ 2,090.00",7,10,10
1594,2,Waukesha,2020,December,"$ 5,385.00",10,15,1
206,2,Waukesha,2020,December,"$ 3,719.76",15,24,2
2007,2,Waukesha,2020,December,"$ 3,392.71",18,29,3
2008,2,Waukesha,2020,December,"$ 3,131.73",17,27,4
242,2,Waukesha,2020,December,"$ 3,079.72",18,28,5
1551,2,Waukesha,2020,December,"$ 2,989.35",8,13,6
109,2,Waukesha,2020,December,"$ 2,861.00",18,25,7
172,2,Waukesha,2020,December,"$ 2,754.71",21,29,8
164,2,Waukesha,2020,December,"$ 2,719.66",22,34,9
211,2,Waukesha,2020,December,"$ 2,649.75",20,25,10
201,2,Waukesha,2021,January,"$ 2,859.78",15,22,1
158,2,Waukesha,2021,January,"$ 2,429.73",16,27,2
206,2,Waukesha,2021,January,"$ 2,324.85",11,15,3
119,2,Waukesha,2021,January,"$ 2,267.76",16,24,4
1552,2,Waukesha,2021,January,"$ 2,249.55",5,9,5
1584,2,Waukesha,2021,January,"$ 2,224.00",11,16,6
162,2,Waukesha,2021,January,"$ 2,069.77",15,23,7
164,2,Waukesha,2021,January,"$ 1,999.75",15,25,8
172,2,Waukesha,2021,January,"$ 1,994.79",12,21,9
242,2,Waukesha,2021,January,"$ 1,979.82",12,18,10
206,2,Waukesha,2021,Febuary,"$ 3,564.77",15,23,1
1594,2,Waukesha,2021,Febuary,"$ 2,872.00",5,8,2
149,2,Waukesha,2021,Febuary,"$ 2,749.78",16,22,3
201,2,Waukesha,2021,Febuary,"$ 2,339.82",13,18,4
219,2,Waukesha,2021,Febuary,"$ 2,287.78",13,22,5
168,2,Waukesha,2021,Febuary,"$ 2,199.78",15,22,6
183,2,Waukesha,2021,Febuary,"$ 2,099.79",15,21,7
265,2,Waukesha,2021,Febuary,"$ 2,099.79",12,21,8
115,2,Waukesha,2021,Febuary,"$ 2,059.92",13,18,9
262,2,Waukesha,2021,Febuary,"$ 2,039.76",16,24,10
1594,2,Waukesha,2021,March,"$ 3,231.00",5,9,1
2007,2,Waukesha,2021,March,"$ 2,924.75",17,25,2
1600,2,Waukesha,2021,March,"$ 2,831.00",13,19,3
1571,2,Waukesha,2021,March,"$ 2,703.00",10,17,4
1595,2,Waukesha,2021,March,"$ 2,399.84",10,16,5
168,2,Waukesha,2021,March,"$ 2,299.77",17,23,6
204,2,Waukesha,2021,March,"$ 2,141.83",11,17,7
185,2,Waukesha,2021,March,"$ 2,089.81",12,19,8
1626,2,Waukesha,2021,March,"$ 2,054.25",8,15,9
149,2,Waukesha,2021,March,"$ 1,874.85",10,15,10
1552,2,Waukesha,2021,April,"$ 3,249.35",10,13,1
156,2,Waukesha,2021,April,"$ 2,799.72",16,28,2
206,2,Waukesha,2021,April,"$ 2,634.83",11,17,3
177,2,Waukesha,2021,April,"$ 2,519.76",16,24,4
125,2,Waukesha,2021,April,"$ 2,374.75",15,25,5
2006,2,Waukesha,2021,April,"$ 2,249.40",13,20,6
201,2,Waukesha,2021,April,"$ 2,209.83",11,17,7
172,2,Waukesha,2021,April,"$ 2,089.78",14,22,8
1592,2,Waukesha,2021,April,"$ 2,079.00",7,11,9
1551,2,Waukesha,2021,April,"$ 2,069.55",6,9,10
1594,2,Waukesha,2021,May,"$ 3,590.00",7,10,1
201,2,Waukesha,2021,May,"$ 2,599.80",14,20,2
219,2,Waukesha,2021,May,"$ 2,495.76",16,24,3
2011,2,Waukesha,2021,May,"$ 2,345.77",15,23,4
1584,2,Waukesha,2021,May,"$ 2,224.00",10,16,5
168,2,Waukesha,2021,May,"$ 2,199.78",14,22,6
7,2,Waukesha,2021,May,"$ 2,124.50",16,25,7
197,2,Waukesha,2021,May,"$ 2,119.80",12,20,8
156,2,Waukesha,2021,May,"$ 2,099.79",13,21,9
1645,2,Waukesha,2021,May,"$ 1,969.00",7,11,10
198,2,Waukesha,2021,June,"$ 3,191.76",16,24,1
211,2,Waukesha,2021,June,"$ 2,755.74",15,26,2
206,2,Waukesha,2021,June,"$ 2,634.83",12,17,3
1552,2,Waukesha,2021,June,"$ 2,499.50",6,10,4
112,2,Waukesha,2021,June,"$ 2,425.28",15,22,5
181,2,Waukesha,2021,June,"$ 2,303.76",15,24,6
227,2,Waukesha,2021,June,"$ 2,131.74",16,26,7
212,2,Waukesha,2021,June,"$ 2,108.81",13,19,8
168,2,Waukesha,2021,June,"$ 2,099.79",12,21,9
135,2,Waukesha,2021,June,"$ 2,046.77",14,23,10
204,2,Waukesha,2021,July,"$ 3,653.71",19,29,1
1594,2,Waukesha,2021,July,"$ 3,231.00",5,9,2
201,2,Waukesha,2021,July,"$ 2,989.77",16,23,3
185,2,Waukesha,2021,July,"$ 2,419.78",15,22,4
198,2,Waukesha,2021,July,"$ 2,393.82",11,18,5
1600,2,Waukesha,2021,July,"$ 2,384.00",10,16,6
164,2,Waukesha,2021,July,"$ 2,319.71",17,29,7
254,2,Waukesha,2021,July,"$ 2,231.76",16,24,8
112,2,Waukesha,2021,July,"$ 2,094.56",12,19,9
173,2,Waukesha,2021,July,"$ 2,087.82",13,18,10
109,2,Waukesha,2021,August,"$ 2,517.68",13,22,1
198,2,Waukesha,2021,August,"$ 2,393.82",14,18,2
170,2,Waukesha,2021,August,"$ 2,339.74",16,26,3
1551,2,Waukesha,2021,August,"$ 2,299.50",8,10,4
1593,2,Waukesha,2021,August,"$ 2,299.00",8,11,5
149,2,Waukesha,2021,August,"$ 2,249.82",14,18,6
2007,2,Waukesha,2021,August,"$ 2,222.81",13,19,7
175,2,Waukesha,2021,August,"$ 2,209.74",18,26,8
2012,2,Waukesha,2021,August,"$ 2,159.76",16,24,9
85,2,Waukesha,2021,August,"$ 2,015.72",17,28,10
1594,2,Waukesha,2021,September,"$ 5,026.00",9,14,1
1552,2,Waukesha,2021,September,"$ 2,499.50",7,10,2
1551,2,Waukesha,2021,September,"$ 2,299.50",7,10,3
201,2,Waukesha,2021,September,"$ 2,209.83",10,17,4
177,2,Waukesha,2021,September,"$ 2,204.79",14,21,5
176,2,Waukesha,2021,September,"$ 2,199.78",16,22,6
206,2,Waukesha,2021,September,"$ 2,169.86",10,14,7
14,2,Waukesha,2021,September,"$ 2,124.50",16,25,8
2012,2,Waukesha,2021,September,"$ 2,069.77",13,23,9
123,2,Waukesha,2021,September,"$ 1,994.79",11,21,10
149,2,Waukesha,2021,October,"$ 3,124.75",15,25,1
206,2,Waukesha,2021,October,"$ 2,634.83",12,17,2
168,2,Waukesha,2021,October,"$ 2,399.76",15,24,3
1551,2,Waukesha,2021,October,"$ 2,299.50",5,10,4
262,2,Waukesha,2021,October,"$ 2,294.73",20,27,5
1594,2,Waukesha,2021,October,"$ 2,154.00",3,6,6
160,2,Waukesha,2021,October,"$ 2,069.77",14,23,7
254,2,Waukesha,2021,October,"$ 2,045.78",13,22,8
15,2,Waukesha,2021,October,"$ 2,039.52",15,24,9
2006,2,Waukesha,2021,October,"$ 2,024.46",11,18,10
1594,2,Waukesha,2021,November,"$ 5,385.00",8,15,1
206,2,Waukesha,2021,November,"$ 2,789.82",12,18,2
212,2,Waukesha,2021,November,"$ 2,774.75",16,25,3
149,2,Waukesha,2021,November,"$ 2,749.78",16,22,4
198,2,Waukesha,2021,November,"$ 2,526.81",11,19,5
271,2,Waukesha,2021,November,"$ 2,249.75",16,25,6
1596,2,Waukesha,2021,November,"$ 2,159.88",8,12,7
1601,2,Waukesha,2021,November,"$ 2,148.00",8,12,8
1645,2,Waukesha,2021,November,"$ 1,969.00",7,11,9
204,2,Waukesha,2021,November,"$ 1,889.85",13,15,10
1591,2,Waukesha,2021,December,"$ 3,211.00",11,19,1
206,2,Waukesha,2021,December,"$ 3,099.80",13,20,2
109,2,Waukesha,2021,December,"$ 2,861.00",18,25,3
177,2,Waukesha,2021,December,"$ 2,624.75",17,25,4
2011,2,Waukesha,2021,December,"$ 2,549.75",16,25,5
242,2,Waukesha,2021,December,"$ 2,529.77",15,23,6
1594,2,Waukesha,2021,December,"$ 2,513.00",5,7,7
1601,2,Waukesha,2021,December,"$ 2,506.00",7,14,8
2006,2,Waukesha,2021,December,"$ 2,474.34",15,22,9
172,2,Waukesha,2021,December,"$ 2,469.74",19,26,10
206,2,Waukesha,2022,January,"$ 3,254.79",13,21,1
204,2,Waukesha,2022,January,"$ 3,149.75",13,25,2
1552,2,Waukesha,2022,January,"$ 2,749.45",8,11,3
185,2,Waukesha,2022,January,"$ 2,529.77",14,23,4
1551,2,Waukesha,2022,January,"$ 2,529.45",6,11,5
247,2,Waukesha,2022,January,"$ 2,159.76",16,24,6
2007,2,Waukesha,2022,January,"$ 2,105.82",12,18,7
219,2,Waukesha,2022,January,"$ 2,079.80",14,20,8
115,2,Waukesha,2022,January,"$ 2,059.92",13,18,9
13,2,Waukesha,2022,January,"$ 2,039.52",17,24,10
1594,2,Waukesha,2022,Febuary,"$ 5,026.00",8,14,1
206,2,Waukesha,2022,Febuary,"$ 2,944.81",14,19,2
2012,2,Waukesha,2022,Febuary,"$ 2,519.72",18,28,3
106,2,Waukesha,2022,Febuary,"$ 2,174.36",10,19,4
6,2,Waukesha,2022,Febuary,"$ 2,027.48",15,26,5
1600,2,Waukesha,2022,Febuary,"$ 1,937.00",7,13,6
181,2,Waukesha,2022,Febuary,"$ 1,919.80",14,20,7
271,2,Waukesha,2022,Febuary,"$ 1,799.80",14,20,8
177,2,Waukesha,2022,Febuary,"$ 1,784.83",10,17,9
251,2,Waukesha,2022,Febuary,"$ 1,766.81",14,19,10
1594,2,Waukesha,2022,March,"$ 5,744.00",9,16,1
1552,2,Waukesha,2022,March,"$ 3,999.20",11,16,2
201,2,Waukesha,2022,March,"$ 2,469.81",13,19,3
2007,2,Waukesha,2022,March,"$ 2,456.79",12,21,4
1635,2,Waukesha,2022,March,"$ 2,339.87",7,13,5
131,2,Waukesha,2022,March,"$ 2,319.71",19,29,6
123,2,Waukesha,2022,March,"$ 2,184.77",16,23,7
1541,2,Waukesha,2022,March,"$ 2,089.81",11,19,8
1551,2,Waukesha,2022,March,"$ 2,069.55",6,9,9
149,2,Waukesha,2022,March,"$ 1,999.84",11,16,10
1551,2,Waukesha,2022,April,"$ 2,759.40",9,12,1
2011,2,Waukesha,2022,April,"$ 2,549.75",20,25,2
109,2,Waukesha,2022,April,"$ 2,517.68",14,22,3
1593,2,Waukesha,2022,April,"$ 2,508.00",7,12,4
2014,2,Waukesha,2022,April,"$ 2,379.72",18,28,5
2008,2,Waukesha,2022,April,"$ 2,319.80",14,20,6
168,2,Waukesha,2022,April,"$ 2,299.77",14,23,7
125,2,Waukesha,2022,April,"$ 2,184.77",15,23,8
1596,2,Waukesha,2022,April,"$ 2,159.88",7,12,9
198,2,Waukesha,2022,April,"$ 1,994.85",8,15,10
2007,2,Waukesha,2022,May,"$ 2,807.76",15,24,1
1645,2,Waukesha,2022,May,"$ 2,685.00",9,15,2
121,2,Waukesha,2022,May,"$ 2,659.72",18,28,3
219,2,Waukesha,2022,May,"$ 2,599.75",15,25,4
183,2,Waukesha,2022,May,"$ 2,599.74",15,26,5
1594,2,Waukesha,2022,May,"$ 2,513.00",5,7,6
201,2,Waukesha,2022,May,"$ 2,469.81",14,19,7
1644,2,Waukesha,2022,May,"$ 2,384.00",11,16,8
212,2,Waukesha,2022,May,"$ 2,330.79",14,21,9
177,2,Waukesha,2022,May,"$ 2,204.79",14,21,10
1552,2,Waukesha,2022,June,"$ 3,499.30",8,14,1
1601,2,Waukesha,2022,June,"$ 3,222.00",12,18,2
1593,2,Waukesha,2022,June,"$ 2,717.00",9,13,3
242,2,Waukesha,2022,June,"$ 2,529.77",13,23,4
149,2,Waukesha,2022,June,"$ 2,499.80",13,20,5
204,2,Waukesha,2022,June,"$ 2,267.82",10,18,6
135,2,Waukesha,2022,June,"$ 2,224.75",15,25,7
197,2,Waukesha,2022,June,"$ 2,013.81",12,19,8
1635,2,Waukesha,2022,June,"$ 1,979.89",7,11,9
206,2,Waukesha,2022,June,"$ 1,859.88",9,12,10
1594,2,Waukesha,2022,July,"$ 3,949.00",6,11,1
206,2,Waukesha,2022,July,"$ 3,874.75",16,25,2
1591,2,Waukesha,2022,July,"$ 2,535.00",9,15,3
212,2,Waukesha,2022,July,"$ 2,441.78",15,22,4
211,2,Waukesha,2022,July,"$ 2,331.78",13,22,5
168,2,Waukesha,2022,July,"$ 2,299.77",13,23,6
246,2,Waukesha,2022,July,"$ 2,159.76",15,24,7
1645,2,Waukesha,2022,July,"$ 2,148.00",9,12,8
1601,2,Waukesha,2022,July,"$ 2,148.00",8,12,9
2008,2,Waukesha,2022,July,"$ 2,087.82",12,18,10
206,2,Waukesha,2022,August,"$ 2,789.82",13,18,1
242,2,Waukesha,2022,August,"$ 2,639.76",14,24,2
212,2,Waukesha,2022,August,"$ 2,441.78",15,22,3
204,2,Waukesha,2022,August,"$ 2,393.81",11,19,4
106,2,Waukesha,2022,August,"$ 2,288.80",15,20,5
1628,2,Waukesha,2022,August,"$ 2,209.15",9,17,6
198,2,Waukesha,2022,August,"$ 2,127.84",10,16,7
2008,2,Waukesha,2022,August,"$ 2,087.82",12,18,8
115,2,Waukesha,2022,August,"$ 2,059.92",12,18,9
219,2,Waukesha,2022,August,"$ 1,975.81",14,19,10
18,2,Waukesha,2022,September,"$ 2,719.36",20,32,1
204,2,Waukesha,2022,September,"$ 2,519.80",12,20,2
172,2,Waukesha,2022,September,"$ 2,374.75",17,25,3
198,2,Waukesha,2022,September,"$ 2,260.83",13,17,4
160,2,Waukesha,2022,September,"$ 2,249.75",16,25,5
2007,2,Waukesha,2022,September,"$ 2,222.81",12,19,6
265,2,Waukesha,2022,September,"$ 2,199.78",16,22,7
247,2,Waukesha,2022,September,"$ 2,159.76",16,24,8
212,2,Waukesha,2022,September,"$ 2,108.81",12,19,9
112,2,Waukesha,2022,September,"$ 2,094.56",14,19,10
1552,2,Waukesha,2022,October,"$ 2,749.45",6,11,1
1593,2,Waukesha,2022,October,"$ 2,508.00",7,12,2
121,2,Waukesha,2022,October,"$ 2,469.74",16,26,3
1992,2,Waukesha,2022,October,"$ 2,429.73",17,27,4
1571,2,Waukesha,2022,October,"$ 2,385.00",8,15,5
211,2,Waukesha,2022,October,"$ 2,331.78",14,22,6
156,2,Waukesha,2022,October,"$ 2,299.77",13,23,7
242,2,Waukesha,2022,October,"$ 2,089.81",11,19,8
2008,2,Waukesha,2022,October,"$ 2,087.82",12,18,9
204,2,Waukesha,2022,October,"$ 2,015.84",11,16,10
206,2,Waukesha,2022,November,"$ 2,634.83",10,17,1
2007,2,Waukesha,2022,November,"$ 2,573.78",15,22,2
1591,2,Waukesha,2022,November,"$ 2,366.00",9,14,3
211,2,Waukesha,2022,November,"$ 2,331.78",13,22,4
1595,2,Waukesha,2022,November,"$ 2,249.85",10,15,5
1594,2,Waukesha,2022,November,"$ 2,154.00",4,6,6
262,2,Waukesha,2022,November,"$ 2,039.76",14,24,7
1989,2,Waukesha,2022,November,"$ 2,015.76",16,24,8
168,2,Waukesha,2022,November,"$ 1,999.80",12,20,9
121,2,Waukesha,2022,November,"$ 1,994.79",14,21,10
206,2,Waukesha,2022,December,"$ 3,099.80",12,20,1
1551,2,Waukesha,2022,December,"$ 2,989.35",8,13,2
1592,2,Waukesha,2022,December,"$ 2,646.00",9,14,3
183,2,Waukesha,2022,December,"$ 2,599.74",17,26,4
1593,2,Waukesha,2022,December,"$ 2,508.00",8,12,5
204,2,Waukesha,2022,December,"$ 2,267.82",11,18,6
2009,2,Waukesha,2022,December,"$ 2,199.78",14,22,7
135,2,Waukesha,2022,December,"$ 2,135.76",15,24,8
1643,2,Waukesha,2022,December,"$ 2,099.79",13,21,9
2010,2,Waukesha,2022,December,"$ 2,099.79",13,21,10
206,2,Waukesha,2023,January,"$ 3,254.79",13,21,1
1594,2,Waukesha,2023,January,"$ 3,231.00",6,9,2
1552,2,Waukesha,2023,January,"$ 2,749.45",7,11,3
1592,2,Waukesha,2023,January,"$ 2,646.00",9,14,4
1572,2,Waukesha,2023,January,"$ 2,148.00",7,12,5
197,2,Waukesha,2023,January,"$ 2,119.80",13,20,6
2007,2,Waukesha,2023,January,"$ 2,105.82",12,18,7
177,2,Waukesha,2023,January,"$ 2,099.80",14,20,8
1593,2,Waukesha,2023,January,"$ 2,090.00",7,10,9
125,2,Waukesha,2023,January,"$ 1,994.79",13,21,10
206,2,Waukesha,2023,Febuary,"$ 3,254.79",15,21,1
177,2,Waukesha,2023,Febuary,"$ 2,519.76",13,24,2
197,2,Waukesha,2023,Febuary,"$ 2,437.77",17,23,3
1551,2,Waukesha,2023,Febuary,"$ 2,299.50",6,10,4
2008,2,Waukesha,2023,Febuary,"$ 2,087.82",14,18,5
168,2,Waukesha,2023,Febuary,"$ 1,999.80",13,20,6
185,2,Waukesha,2023,Febuary,"$ 1,979.82",11,18,7
94,2,Waukesha,2023,Febuary,"$ 1,889.70",18,30,8
1594,2,Waukesha,2023,Febuary,"$ 1,795.00",3,5,9
212,2,Waukesha,2023,Febuary,"$ 1,775.84",12,16,10
206,2,Waukesha,2023,March,"$ 2,944.81",12,19,1
201,2,Waukesha,2023,March,"$ 2,599.80",13,20,2
173,2,Waukesha,2023,March,"$ 2,319.80",13,20,3
1552,2,Waukesha,2023,March,"$ 2,249.55",5,9,4
129,2,Waukesha,2023,March,"$ 2,079.74",16,26,5
1551,2,Waukesha,2023,March,"$ 2,069.55",7,9,6
223,2,Waukesha,2023,March,"$ 2,045.69",18,31,7
197,2,Waukesha,2023,March,"$ 2,013.81",16,19,8
2009,2,Waukesha,2023,March,"$ 1,999.80",13,20,9
109,2,Waukesha,2023,March,"$ 1,945.48",11,17,10
149,2,Waukesha,2023,April,"$ 2,624.79",14,21,1
1552,2,Waukesha,2023,April,"$ 2,499.50",6,10,2
201,2,Waukesha,2023,April,"$ 2,469.81",12,19,3
212,2,Waukesha,2023,April,"$ 2,219.80",13,20,4
1594,2,Waukesha,2023,April,"$ 2,154.00",4,6,5
125,2,Waukesha,2023,April,"$ 2,089.78",12,22,6
1592,2,Waukesha,2023,April,"$ 2,079.00",6,11,7
206,2,Waukesha,2023,April,"$ 2,014.87",9,13,8
197,2,Waukesha,2023,April,"$ 2,013.81",12,19,9
1635,2,Waukesha,2023,April,"$ 1,979.89",8,11,10
206,2,Waukesha,2023,May,"$ 2,789.82",13,18,1
198,2,Waukesha,2023,May,"$ 2,526.81",11,19,2
1594,2,Waukesha,2023,May,"$ 2,513.00",5,7,3
1593,2,Waukesha,2023,May,"$ 2,508.00",7,12,4
109,2,Waukesha,2023,May,"$ 2,403.24",15,21,5
204,2,Waukesha,2023,May,"$ 2,141.83",11,17,6
251,2,Waukesha,2023,May,"$ 2,045.78",16,22,7
1645,2,Waukesha,2023,May,"$ 1,969.00",6,11,8
265,2,Waukesha,2023,May,"$ 1,899.81",14,19,9
2010,2,Waukesha,2023,May,"$ 1,899.81",11,19,10
115,2,Waukesha,2023,June,"$ 3,204.32",17,28,1
185,2,Waukesha,2023,June,"$ 2,859.74",17,26,2
1594,2,Waukesha,2023,June,"$ 2,513.00",6,7,3
1552,2,Waukesha,2023,June,"$ 2,499.50",6,10,4
158,2,Waukesha,2023,June,"$ 2,429.73",17,27,5
2009,2,Waukesha,2023,June,"$ 2,399.76",17,24,6
2013,2,Waukesha,2023,June,"$ 2,379.72",17,28,7
2007,2,Waukesha,2023,June,"$ 2,339.80",14,20,8
212,2,Waukesha,2023,June,"$ 2,330.79",14,21,9
206,2,Waukesha,2023,June,"$ 2,324.85",11,15,10
173,2,Waukesha,2023,July,"$ 2,435.79",16,21,1
198,2,Waukesha,2023,July,"$ 2,260.83",11,17,2
1552,2,Waukesha,2023,July,"$ 2,249.55",5,9,3
177,2,Waukesha,2023,July,"$ 2,204.79",12,21,4
211,2,Waukesha,2023,July,"$ 2,119.80",12,20,5
115,2,Waukesha,2023,July,"$ 2,059.92",13,18,6
265,2,Waukesha,2023,July,"$ 1,999.80",10,20,7
125,2,Waukesha,2023,July,"$ 1,994.79",12,21,8
2014,2,Waukesha,2023,July,"$ 1,869.78",14,22,9
221,2,Waukesha,2023,July,"$ 1,823.76",15,24,10
1552,2,Waukesha,2023,August,"$ 2,749.45",7,11,1
1989,2,Waukesha,2023,August,"$ 2,267.73",18,27,2
271,2,Waukesha,2023,August,"$ 2,159.76",14,24,3
198,2,Waukesha,2023,August,"$ 2,127.84",10,16,4
1596,2,Waukesha,2023,August,"$ 1,979.89",6,11,5
1645,2,Waukesha,2023,August,"$ 1,969.00",7,11,6
1571,2,Waukesha,2023,August,"$ 1,908.00",8,12,7
185,2,Waukesha,2023,August,"$ 1,869.83",13,17,8
210,2,Waukesha,2023,August,"$ 1,819.74",16,26,9
2010,2,Waukesha,2023,August,"$ 1,799.82",12,18,10
1594,2,Waukesha,2023,September,"$ 3,590.00",6,10,1
242,2,Waukesha,2023,September,"$ 2,639.76",15,24,2
168,2,Waukesha,2023,September,"$ 2,499.75",14,25,3
206,2,Waukesha,2023,September,"$ 2,169.86",8,14,4
204,2,Waukesha,2023,September,"$ 2,141.83",11,17,5
2007,2,Waukesha,2023,September,"$ 2,105.82",11,18,6
2009,2,Waukesha,2023,September,"$ 2,099.79",12,21,7
1592,2,Waukesha,2023,September,"$ 2,079.00",8,11,8
6,2,Waukesha,2023,September,"$ 1,949.50",14,25,9
115,2,Waukesha,2023,September,"$ 1,945.48",10,17,10
1594,2,Waukesha,2023,October,"$ 3,949.00",6,11,1
173,2,Waukesha,2023,October,"$ 2,203.81",12,19,2
1570,2,Waukesha,2023,October,"$ 2,085.00",10,15,3
119,2,Waukesha,2023,October,"$ 2,078.78",15,22,4
1591,2,Waukesha,2023,October,"$ 2,028.00",8,12,5
197,2,Waukesha,2023,October,"$ 2,013.81",12,19,6
181,2,Waukesha,2023,October,"$ 1,919.80",12,20,7
1992,2,Waukesha,2023,October,"$ 1,889.79",14,21,8
149,2,Waukesha,2023,October,"$ 1,874.85",10,15,9
2007,2,Waukesha,2023,October,"$ 1,871.84",10,16,10
1591,2,Waukesha,2023,November,"$ 3,211.00",11,19,1
1594,2,Waukesha,2023,November,"$ 2,872.00",5,8,2
2011,2,Waukesha,2023,November,"$ 2,753.73",16,27,3
1655,2,Waukesha,2023,November,"$ 2,519.82",12,18,4
219,2,Waukesha,2023,November,"$ 2,079.80",13,20,5
1592,2,Waukesha,2023,November,"$ 2,079.00",6,11,6
2006,2,Waukesha,2023,November,"$ 2,024.46",11,18,7
206,2,Waukesha,2023,November,"$ 2,014.87",7,13,8
183,2,Waukesha,2023,November,"$ 1,999.80",13,20,9
2009,2,Waukesha,2023,November,"$ 1,999.80",14,20,10
1594,2,Waukesha,2023,December,"$ 4,308.00",7,12,1
1551,2,Waukesha,2023,December,"$ 3,449.25",11,15,2
1592,2,Waukesha,2023,December,"$ 3,402.00",10,18,3
149,2,Waukesha,2023,December,"$ 3,374.73",16,27,4
1552,2,Waukesha,2023,December,"$ 3,249.35",10,13,5
1593,2,Waukesha,2023,December,"$ 3,135.00",9,15,6
262,2,Waukesha,2023,December,"$ 2,974.65",23,35,7
2007,2,Waukesha,2023,December,"$ 2,690.77",17,23,8
112,2,Waukesha,2023,December,"$ 2,645.76",15,24,9
1583,2,Waukesha,2023,December,"$ 2,618.00",13,22,10
1551,2,Waukesha,2024,January,"$ 4,369.05",11,19,1
1552,2,Waukesha,2024,January,"$ 2,749.45",7,11,2
175,2,Waukesha,2024,January,"$ 2,634.69",20,31,3
201,2,Waukesha,2024,January,"$ 2,599.80",11,20,4
1594,2,Waukesha,2024,January,"$ 2,513.00",5,7,5
1986,2,Waukesha,2024,January,"$ 2,324.40",19,30,6
212,2,Waukesha,2024,January,"$ 2,219.80",14,20,7
2007,2,Waukesha,2024,January,"$ 2,105.82",11,18,8
204,2,Waukesha,2024,January,"$ 2,015.84",10,16,9
149,2,Waukesha,2024,January,"$ 1,999.84",9,16,10
206,2,Waukesha,2024,Febuary,"$ 3,254.79",14,21,1
1596,2,Waukesha,2024,Febuary,"$ 2,699.85",10,15,2
1594,2,Waukesha,2024,Febuary,"$ 2,513.00",5,7,3
1552,2,Waukesha,2024,Febuary,"$ 2,249.55",7,9,4
219,2,Waukesha,2024,Febuary,"$ 2,183.79",14,21,5
4,2,Waukesha,2024,Febuary,"$ 2,039.52",15,24,6
2006,2,Waukesha,2024,Febuary,"$ 2,024.46",11,18,7
185,2,Waukesha,2024,Febuary,"$ 1,869.83",12,17,8
18,2,Waukesha,2024,Febuary,"$ 1,869.56",16,22,9
254,2,Waukesha,2024,Febuary,"$ 1,859.80",11,20,10
1551,2,Waukesha,2024,March,"$ 2,989.35",8,13,1
1655,2,Waukesha,2024,March,"$ 2,939.79",12,21,2
198,2,Waukesha,2024,March,"$ 2,792.79",13,21,3
201,2,Waukesha,2024,March,"$ 2,729.79",14,21,4
1594,2,Waukesha,2024,March,"$ 2,513.00",5,7,5
185,2,Waukesha,2024,March,"$ 2,419.78",14,22,6
197,2,Waukesha,2024,March,"$ 2,119.80",12,20,7
1634,2,Waukesha,2024,March,"$ 2,099.86",10,14,8
219,2,Waukesha,2024,March,"$ 2,079.80",13,20,9
125,2,Waukesha,2024,March,"$ 1,899.80",14,20,10
206,2,Waukesha,2024,April,"$ 2,944.81",11,19,1
1551,2,Waukesha,2024,April,"$ 2,759.40",8,12,2
1594,2,Waukesha,2024,April,"$ 2,513.00",5,7,3
149,2,Waukesha,2024,April,"$ 2,249.82",12,18,4
185,2,Waukesha,2024,April,"$ 2,199.80",13,20,5
2011,2,Waukesha,2024,April,"$ 2,141.79",12,21,6
106,2,Waukesha,2024,April,"$ 2,059.92",11,18,7
9,2,Waukesha,2024,April,"$ 2,001.48",16,26,8
1596,2,Waukesha,2024,April,"$ 1,979.89",6,11,9
2008,2,Waukesha,2024,April,"$ 1,971.83",9,17,10
1594,2,Waukesha,2024,May,"$ 5,026.00",10,14,1
1551,2,Waukesha,2024,May,"$ 2,759.40",7,12,2
170,2,Waukesha,2024,May,"$ 2,519.72",19,28,3
265,2,Waukesha,2024,May,"$ 2,399.76",15,24,4
206,2,Waukesha,2024,May,"$ 2,324.85",9,15,5
152,2,Waukesha,2024,May,"$ 2,199.78",14,22,6
133,2,Waukesha,2024,May,"$ 2,079.74",18,26,7
1591,2,Waukesha,2024,May,"$ 2,028.00",7,12,8
201,2,Waukesha,2024,May,"$ 1,949.85",10,15,9
1600,2,Waukesha,2024,May,"$ 1,937.00",9,13,10
149,2,Waukesha,2024,June,"$ 2,999.76",17,24,1
1593,2,Waukesha,2024,June,"$ 2,717.00",8,13,2
242,2,Waukesha,2024,June,"$ 2,639.76",16,24,3
106,2,Waukesha,2024,June,"$ 2,632.12",15,23,4
176,2,Waukesha,2024,June,"$ 2,599.74",18,26,5
185,2,Waukesha,2024,June,"$ 2,309.79",14,21,6
2011,2,Waukesha,2024,June,"$ 2,243.78",16,22,7
212,2,Waukesha,2024,June,"$ 2,219.80",12,20,8
1594,2,Waukesha,2024,June,"$ 2,154.00",5,6,9
206,2,Waukesha,2024,June,"$ 2,014.87",8,13,10
1594,2,Waukesha,2024,July,"$ 2,872.00",5,8,1
204,2,Waukesha,2024,July,"$ 2,645.79",11,21,2
201,2,Waukesha,2024,July,"$ 2,599.80",12,20,3
1551,2,Waukesha,2024,July,"$ 2,529.45",7,11,4
1601,2,Waukesha,2024,July,"$ 2,506.00",8,14,5
247,2,Waukesha,2024,July,"$ 2,339.74",18,26,6
4,2,Waukesha,2024,July,"$ 2,294.46",17,27,7
158,2,Waukesha,2024,July,"$ 2,249.75",15,25,8
242,2,Waukesha,2024,July,"$ 2,199.80",12,20,9
176,2,Waukesha,2024,July,"$ 2,199.78",14,22,10
1594,2,Waukesha,2024,August,"$ 2,872.00",5,8,1
2008,2,Waukesha,2024,August,"$ 2,667.77",15,23,2
106,2,Waukesha,2024,August,"$ 2,288.80",11,20,3
271,2,Waukesha,2024,August,"$ 2,159.76",17,24,4
2011,2,Waukesha,2024,August,"$ 2,141.79",15,21,5
204,2,Waukesha,2024,August,"$ 2,015.84",9,16,6
206,2,Waukesha,2024,August,"$ 2,014.87",8,13,7
185,2,Waukesha,2024,August,"$ 1,979.82",12,18,8
60,2,Waukesha,2024,August,"$ 1,897.74",16,26,9
1592,2,Waukesha,2024,August,"$ 1,890.00",6,10,10
200,2,Waukesha,2024,September,"$ 2,541.69",18,31,1
1596,2,Waukesha,2024,September,"$ 2,519.86",10,14,2
1645,2,Waukesha,2024,September,"$ 2,506.00",8,14,3
1552,2,Waukesha,2024,September,"$ 2,499.50",7,10,4
1571,2,Waukesha,2024,September,"$ 2,385.00",10,15,5
206,2,Waukesha,2024,September,"$ 2,324.85",10,15,6
1594,2,Waukesha,2024,September,"$ 2,154.00",3,6,7
183,2,Waukesha,2024,September,"$ 2,099.79",14,21,8
198,2,Waukesha,2024,September,"$ 1,994.85",10,15,9
18,2,Waukesha,2024,September,"$ 1,954.54",18,23,10
1592,2,Waukesha,2024,October,"$ 2,835.00",9,15,1
135,2,Waukesha,2024,October,"$ 2,669.70",18,30,2
177,2,Waukesha,2024,October,"$ 2,519.76",15,24,3
2007,2,Waukesha,2024,October,"$ 2,456.79",13,21,4
242,2,Waukesha,2024,October,"$ 2,419.78",15,22,5
183,2,Waukesha,2024,October,"$ 2,399.76",16,24,6
149,2,Waukesha,2024,October,"$ 2,374.81",13,19,7
1992,2,Waukesha,2024,October,"$ 2,339.74",17,26,8
185,2,Waukesha,2024,October,"$ 2,309.79",14,21,9
2009,2,Waukesha,2024,October,"$ 2,299.77",16,23,10
1594,2,Waukesha,2024,November,"$ 5,744.00",11,16,1
1551,2,Waukesha,2024,November,"$ 3,449.25",9,15,2
206,2,Waukesha,2024,November,"$ 2,789.82",12,18,3
2010,2,Waukesha,2024,November,"$ 2,099.79",14,21,4
149,2,Waukesha,2024,November,"$ 1,999.84",10,16,5
168,2,Waukesha,2024,November,"$ 1,999.80",14,20,6
156,2,Waukesha,2024,November,"$ 1,999.80",13,20,7
1595,2,Waukesha,2024,November,"$ 1,949.87",8,13,8
106,2,Waukesha,2024,November,"$ 1,945.48",13,17,9
177,2,Waukesha,2024,November,"$ 1,889.82",10,18,10
1551,2,Waukesha,2024,December,"$ 4,369.05",12,19,1
206,2,Waukesha,2024,December,"$ 3,409.78",15,22,2
1594,2,Waukesha,2024,December,"$ 3,231.00",6,9,3
201,2,Waukesha,2024,December,"$ 3,119.76",18,24,4
204,2,Waukesha,2024,December,"$ 2,897.77",16,23,5
149,2,Waukesha,2024,December,"$ 2,874.77",16,23,6
198,2,Waukesha,2024,December,"$ 2,659.80",12,20,7
2009,2,Waukesha,2024,December,"$ 2,499.75",17,25,8
1552,2,Waukesha,2024,December,"$ 2,499.50",8,10,9
168,2,Waukesha,2024,December,"$ 2,399.76",16,24,10
201,3,Chicago,2019,January,"$ 8,319.36",43,64,1
1594,3,Chicago,2019,January,"$ 8,257.00",17,23,2
2007,3,Chicago,2019,January,"$ 7,604.35",44,65,3
1584,3,Chicago,2019,January,"$ 7,506.00",35,54,4
1552,3,Chicago,2019,January,"$ 6,998.60",18,28,5
219,3,Chicago,2019,January,"$ 6,967.33",42,67,6
197,3,Chicago,2019,January,"$ 6,889.35",41,65,7
2006,3,Chicago,2019,January,"$ 6,748.20",39,60,8
206,3,Chicago,2019,January,"$ 6,664.57",28,43,9
109,3,Chicago,2019,January,"$ 6,637.52",41,58,10
1594,3,Chicago,2019,Febuary,"$ 7,898.00",15,22,1
1551,3,Chicago,2019,Febuary,"$ 7,588.35",21,33,2
206,3,Chicago,2019,Febuary,"$ 6,974.55",29,45,3
204,3,Chicago,2019,Febuary,"$ 6,425.49",34,51,4
119,3,Chicago,2019,Febuary,"$ 5,952.87",39,63,5
1572,3,Chicago,2019,Febuary,"$ 5,907.00",21,33,6
137,3,Chicago,2019,Febuary,"$ 5,849.35",42,65,7
17,3,Chicago,2019,Febuary,"$ 5,778.64",47,68,8
201,3,Chicago,2019,Febuary,"$ 5,719.56",32,44,9
212,3,Chicago,2019,Febuary,"$ 5,660.49",30,51,10
1594,3,Chicago,2019,March,"$ 14,360.00",27,40,1
211,3,Chicago,2019,March,"$ 6,995.34",41,66,2
201,3,Chicago,2019,March,"$ 6,889.47",30,53,3
106,3,Chicago,2019,March,"$ 6,866.40",38,60,4
115,3,Chicago,2019,March,"$ 6,637.52",37,58,5
206,3,Chicago,2019,March,"$ 6,509.58",28,42,6
121,3,Chicago,2019,March,"$ 6,459.32",43,68,7
1551,3,Chicago,2019,March,"$ 6,438.60",19,28,8
135,3,Chicago,2019,March,"$ 6,318.29",43,71,9
1645,3,Chicago,2019,March,"$ 6,265.00",22,35,10
1594,3,Chicago,2019,April,"$ 13,283.00",26,37,1
206,3,Chicago,2019,April,"$ 7,749.50",31,50,2
173,3,Chicago,2019,April,"$ 7,655.34",40,66,3
201,3,Chicago,2019,April,"$ 6,889.47",34,53,4
112,3,Chicago,2019,April,"$ 6,393.92",37,58,5
149,3,Chicago,2019,April,"$ 6,374.49",34,51,6
115,3,Chicago,2019,April,"$ 6,294.20",37,55,7
1601,3,Chicago,2019,April,"$ 6,265.00",21,35,8
1552,3,Chicago,2019,April,"$ 6,248.75",18,25,9
2008,3,Chicago,2019,April,"$ 6,147.47",34,53,10
1594,3,Chicago,2019,May,"$ 10,052.00",19,28,1
1593,3,Chicago,2019,May,"$ 7,524.00",24,36,2
197,3,Chicago,2019,May,"$ 7,313.31",43,69,3
1552,3,Chicago,2019,May,"$ 7,248.55",19,29,4
149,3,Chicago,2019,May,"$ 6,999.44",36,56,5
2006,3,Chicago,2019,May,"$ 6,860.67",42,61,6
206,3,Chicago,2019,May,"$ 6,819.56",30,44,7
204,3,Chicago,2019,May,"$ 6,551.48",36,52,8
246,3,Chicago,2019,May,"$ 6,299.30",46,70,9
219,3,Chicago,2019,May,"$ 6,239.40",43,60,10
206,3,Chicago,2019,June,"$ 9,299.40",39,60,1
247,3,Chicago,2019,June,"$ 7,199.20",53,80,2
212,3,Chicago,2019,June,"$ 6,881.38",39,62,3
1596,3,Chicago,2019,June,"$ 6,659.63",23,37,4
173,3,Chicago,2019,June,"$ 6,611.43",36,57,5
160,3,Chicago,2019,June,"$ 6,569.27",48,73,6
204,3,Chicago,2019,June,"$ 6,551.48",34,52,7
106,3,Chicago,2019,June,"$ 6,408.64",36,56,8
201,3,Chicago,2019,June,"$ 6,369.51",31,49,9
115,3,Chicago,2019,June,"$ 6,294.20",34,55,10
1594,3,Chicago,2019,July,"$ 12,206.00",21,34,1
201,3,Chicago,2019,July,"$ 8,449.35",41,65,2
115,3,Chicago,2019,July,"$ 8,239.68",44,72,3
1551,3,Chicago,2019,July,"$ 7,358.40",21,32,4
204,3,Chicago,2019,July,"$ 7,181.43",39,57,5
206,3,Chicago,2019,July,"$ 7,129.54",32,46,6
149,3,Chicago,2019,July,"$ 6,749.46",35,54,7
1992,3,Chicago,2019,July,"$ 6,749.25",47,75,8
1570,3,Chicago,2019,July,"$ 6,533.00",28,47,9
185,3,Chicago,2019,July,"$ 6,269.43",41,57,10
198,3,Chicago,2019,August,"$ 8,910.33",43,67,1
1594,3,Chicago,2019,August,"$ 8,616.00",16,24,2
204,3,Chicago,2019,August,"$ 8,441.33",42,67,3
1552,3,Chicago,2019,August,"$ 7,748.45",19,31,4
2008,3,Chicago,2019,August,"$ 7,191.38",44,62,5
1645,3,Chicago,2019,August,"$ 7,160.00",25,40,6
177,3,Chicago,2019,August,"$ 6,824.35",44,65,7
206,3,Chicago,2019,August,"$ 6,664.57",29,43,8
219,3,Chicago,2019,August,"$ 6,551.37",43,63,9
211,3,Chicago,2019,August,"$ 6,359.40",41,60,10
1552,3,Chicago,2019,September,"$ 11,747.65",30,47,1
1594,3,Chicago,2019,September,"$ 10,411.00",18,29,2
1551,3,Chicago,2019,September,"$ 8,048.25",21,35,3
1593,3,Chicago,2019,September,"$ 7,733.00",27,37,4
2009,3,Chicago,2019,September,"$ 7,599.24",46,76,5
149,3,Chicago,2019,September,"$ 7,249.42",35,58,6
206,3,Chicago,2019,September,"$ 6,974.55",32,45,7
185,3,Chicago,2019,September,"$ 6,929.37",43,63,8
211,3,Chicago,2019,September,"$ 6,677.37",41,63,9
2008,3,Chicago,2019,September,"$ 6,379.45",38,55,10
206,3,Chicago,2019,October,"$ 9,919.36",41,64,1
1593,3,Chicago,2019,October,"$ 8,778.00",27,42,2
1551,3,Chicago,2019,October,"$ 8,278.20",26,36,3
1594,3,Chicago,2019,October,"$ 7,898.00",16,22,4
185,3,Chicago,2019,October,"$ 7,589.31",42,69,5
179,3,Chicago,2019,October,"$ 7,007.27",49,73,6
115,3,Chicago,2019,October,"$ 6,408.64",36,56,7
106,3,Chicago,2019,October,"$ 6,408.64",36,56,8
1596,3,Chicago,2019,October,"$ 6,299.65",26,35,9
109,3,Chicago,2019,October,"$ 6,294.20",39,55,10
206,3,Chicago,2019,November,"$ 10,074.35",42,65,1
149,3,Chicago,2019,November,"$ 8,874.29",46,71,2
1594,3,Chicago,2019,November,"$ 7,539.00",15,21,3
212,3,Chicago,2019,November,"$ 7,325.34",41,66,4
176,3,Chicago,2019,November,"$ 6,899.31",43,69,5
2007,3,Chicago,2019,November,"$ 6,317.46",36,54,6
177,3,Chicago,2019,November,"$ 6,089.42",38,58,7
173,3,Chicago,2019,November,"$ 6,031.48",32,52,8
168,3,Chicago,2019,November,"$ 5,999.40",40,60,9
201,3,Chicago,2019,November,"$ 5,979.54",30,46,10
1594,3,Chicago,2019,December,"$ 12,924.00",26,36,1
206,3,Chicago,2019,December,"$ 12,399.20",56,80,2
1551,3,Chicago,2019,December,"$ 11,727.45",32,51,3
204,3,Chicago,2019,December,"$ 9,953.21",53,79,4
1645,3,Chicago,2019,December,"$ 9,308.00",34,52,5
149,3,Chicago,2019,December,"$ 9,124.27",47,73,6
201,3,Chicago,2019,December,"$ 8,969.31",44,69,7
168,3,Chicago,2019,December,"$ 8,699.13",56,87,8
1552,3,Chicago,2019,December,"$ 8,498.30",21,34,9
185,3,Chicago,2019,December,"$ 8,249.25",48,75,10
1594,3,Chicago,2020,January,"$ 11,488.00",20,32,1
1552,3,Chicago,2020,January,"$ 10,497.90",27,42,2
198,3,Chicago,2020,January,"$ 9,708.27",47,73,3
185,3,Chicago,2020,January,"$ 9,679.12",52,88,4
1596,3,Chicago,2020,January,"$ 8,999.50",32,50,5
206,3,Chicago,2020,January,"$ 8,679.44",43,56,6
2007,3,Chicago,2020,January,"$ 8,306.29",46,71,7
2009,3,Chicago,2020,January,"$ 8,299.17",56,83,8
106,3,Chicago,2020,January,"$ 8,239.68",47,72,9
201,3,Chicago,2020,January,"$ 8,059.38",41,62,10
206,3,Chicago,2020,Febuary,"$ 9,144.41",40,59,1
1551,3,Chicago,2020,Febuary,"$ 7,818.30",21,34,2
185,3,Chicago,2020,Febuary,"$ 7,589.31",47,69,3
183,3,Chicago,2020,Febuary,"$ 7,299.27",44,73,4
162,3,Chicago,2020,Febuary,"$ 7,019.22",47,78,5
109,3,Chicago,2020,Febuary,"$ 6,980.84",38,61,6
170,3,Chicago,2020,Febuary,"$ 6,929.23",51,77,7
1593,3,Chicago,2020,Febuary,"$ 6,897.00",23,33,8
121,3,Chicago,2020,Febuary,"$ 6,744.29",46,71,9
2007,3,Chicago,2020,Febuary,"$ 6,668.43",34,57,10
1594,3,Chicago,2020,March,"$ 11,847.00",22,33,1
115,3,Chicago,2020,March,"$ 9,269.64",49,81,2
198,3,Chicago,2020,March,"$ 8,378.37",44,63,3
206,3,Chicago,2020,March,"$ 7,904.49",35,51,4
183,3,Chicago,2020,March,"$ 7,899.21",50,79,5
112,3,Chicago,2020,March,"$ 7,827.04",45,71,6
1551,3,Chicago,2020,March,"$ 7,818.30",24,34,7
172,3,Chicago,2020,March,"$ 7,409.22",50,78,8
14,3,Chicago,2020,March,"$ 7,308.28",58,86,9
1596,3,Chicago,2020,March,"$ 7,199.60",26,40,10
1594,3,Chicago,2020,April,"$ 9,334.00",18,26,1
1552,3,Chicago,2020,April,"$ 9,248.15",24,37,2
149,3,Chicago,2020,April,"$ 8,874.29",48,71,3
1645,3,Chicago,2020,April,"$ 8,234.00",30,46,4
206,3,Chicago,2020,April,"$ 8,059.48",37,52,5
106,3,Chicago,2020,April,"$ 7,896.36",45,69,6
123,3,Chicago,2020,April,"$ 7,314.23",51,77,7
1584,3,Chicago,2020,April,"$ 7,228.00",29,52,8
198,3,Chicago,2020,April,"$ 7,181.46",38,54,9
185,3,Chicago,2020,April,"$ 7,149.35",47,65,10
206,3,Chicago,2020,May,"$ 12,089.22",48,78,1
1551,3,Chicago,2020,May,"$ 9,198.00",26,40,2
1594,3,Chicago,2020,May,"$ 8,257.00",17,23,3
201,3,Chicago,2020,May,"$ 8,189.37",40,63,4
173,3,Chicago,2020,May,"$ 7,887.32",48,68,5
198,3,Chicago,2020,May,"$ 7,846.41",38,59,6
149,3,Chicago,2020,May,"$ 7,624.39",41,61,7
106,3,Chicago,2020,May,"$ 7,324.16",40,64,8
109,3,Chicago,2020,May,"$ 7,324.16",40,64,9
219,3,Chicago,2020,May,"$ 7,279.30",46,70,10
1594,3,Chicago,2020,June,"$ 13,283.00",25,37,1
201,3,Chicago,2020,June,"$ 9,229.29",44,71,2
206,3,Chicago,2020,June,"$ 8,989.42",39,58,3
1552,3,Chicago,2020,June,"$ 8,748.25",20,35,4
198,3,Chicago,2020,June,"$ 8,511.36",43,64,5
212,3,Chicago,2020,June,"$ 8,213.26",50,74,6
1645,3,Chicago,2020,June,"$ 7,697.00",27,43,7
251,3,Chicago,2020,June,"$ 7,532.19",52,81,8
2009,3,Chicago,2020,June,"$ 7,299.27",44,73,9
14,3,Chicago,2020,June,"$ 7,053.34",54,83,10
206,3,Chicago,2020,July,"$ 11,624.25",47,75,1
1552,3,Chicago,2020,July,"$ 9,998.00",26,40,2
1594,3,Chicago,2020,July,"$ 9,693.00",18,27,3
149,3,Chicago,2020,July,"$ 8,749.30",47,70,4
1635,3,Chicago,2020,July,"$ 8,459.53",29,47,5
204,3,Chicago,2020,July,"$ 8,315.34",45,66,6
198,3,Chicago,2020,July,"$ 8,112.39",45,61,7
112,3,Chicago,2020,July,"$ 8,047.52",45,73,8
185,3,Chicago,2020,July,"$ 8,029.27",48,73,9
2006,3,Chicago,2020,July,"$ 7,985.37",50,71,10
1551,3,Chicago,2020,August,"$ 11,957.40",33,52,1
1594,3,Chicago,2020,August,"$ 9,693.00",17,27,2
149,3,Chicago,2020,August,"$ 9,124.27",51,73,3
112,3,Chicago,2020,August,"$ 9,039.68",53,82,4
2010,3,Chicago,2020,August,"$ 8,499.15",54,85,5
212,3,Chicago,2020,August,"$ 8,102.27",45,73,6
204,3,Chicago,2020,August,"$ 7,937.37",41,63,7
262,3,Chicago,2020,August,"$ 7,734.09",55,91,8
2007,3,Chicago,2020,August,"$ 7,721.34",46,66,9
201,3,Chicago,2020,August,"$ 7,539.42",40,58,10
1594,3,Chicago,2020,September,"$ 8,975.00",18,25,1
1552,3,Chicago,2020,September,"$ 8,748.25",23,35,2
198,3,Chicago,2020,September,"$ 7,713.42",38,58,3
183,3,Chicago,2020,September,"$ 7,499.25",44,75,4
265,3,Chicago,2020,September,"$ 7,399.26",47,74,5
201,3,Chicago,2020,September,"$ 7,279.44",36,56,6
212,3,Chicago,2020,September,"$ 7,214.35",47,65,7
219,3,Chicago,2020,September,"$ 7,175.31",44,69,8
1593,3,Chicago,2020,September,"$ 7,106.00",21,34,9
242,3,Chicago,2020,September,"$ 7,039.36",42,64,10
206,3,Chicago,2020,October,"$ 13,174.15",56,85,1
1594,3,Chicago,2020,October,"$ 12,565.00",24,35,2
106,3,Chicago,2020,October,"$ 10,414.04",57,91,3
185,3,Chicago,2020,October,"$ 10,009.09",62,91,4
204,3,Chicago,2020,October,"$ 9,575.24",48,76,5
1551,3,Chicago,2020,October,"$ 8,738.10",24,38,6
1592,3,Chicago,2020,October,"$ 8,316.00",29,44,7
201,3,Chicago,2020,October,"$ 8,189.37",40,63,8
2007,3,Chicago,2020,October,"$ 8,189.30",44,70,9
197,3,Chicago,2020,October,"$ 8,055.24",47,76,10
198,3,Chicago,2020,November,"$ 10,240.23",52,77,1
1594,3,Chicago,2020,November,"$ 10,052.00",17,28,2
206,3,Chicago,2020,November,"$ 9,454.39",38,61,3
115,3,Chicago,2020,November,"$ 9,155.20",52,80,4
112,3,Chicago,2020,November,"$ 8,598.72",49,78,5
201,3,Chicago,2020,November,"$ 7,929.39",39,61,6
125,3,Chicago,2020,November,"$ 7,504.21",53,79,7
149,3,Chicago,2020,November,"$ 7,374.41",42,59,8
212,3,Chicago,2020,November,"$ 7,325.34",42,66,9
1635,3,Chicago,2020,November,"$ 7,199.60",27,40,10
1594,3,Chicago,2020,December,"$ 12,924.00",23,36,1
201,3,Chicago,2020,December,"$ 9,879.24",48,76,2
2006,3,Chicago,2020,December,"$ 9,784.89",55,87,3
106,3,Chicago,2020,December,"$ 9,498.52",56,83,4
2007,3,Chicago,2020,December,"$ 9,476.19",50,81,5
1551,3,Chicago,2020,December,"$ 9,427.95",25,41,6
219,3,Chicago,2020,December,"$ 9,359.10",59,90,7
198,3,Chicago,2020,December,"$ 9,309.30",44,70,8
206,3,Chicago,2020,December,"$ 9,299.40",46,60,9
109,3,Chicago,2020,December,"$ 8,811.88",48,77,10
1552,3,Chicago,2021,January,"$ 9,998.00",25,40,1
1594,3,Chicago,2021,January,"$ 9,693.00",16,27,2
201,3,Chicago,2021,January,"$ 7,409.43",37,57,3
219,3,Chicago,2021,January,"$ 7,279.30",49,70,4
2011,3,Chicago,2021,January,"$ 7,241.29",48,71,5
176,3,Chicago,2021,January,"$ 6,499.35",45,65,6
156,3,Chicago,2021,January,"$ 6,499.35",44,65,7
109,3,Chicago,2021,January,"$ 6,408.64",39,56,8
242,3,Chicago,2021,January,"$ 6,269.43",36,57,9
2008,3,Chicago,2021,January,"$ 6,263.46",36,54,10
1551,3,Chicago,2021,Febuary,"$ 7,818.30",23,34,1
1552,3,Chicago,2021,Febuary,"$ 7,748.45",22,31,2
212,3,Chicago,2021,Febuary,"$ 6,992.37",42,63,3
2008,3,Chicago,2021,Febuary,"$ 6,495.44",37,56,4
109,3,Chicago,2021,Febuary,"$ 5,722.00",31,50,5
198,3,Chicago,2021,Febuary,"$ 5,585.58",32,42,6
1593,3,Chicago,2021,Febuary,"$ 5,434.00",17,26,7
1594,3,Chicago,2021,Febuary,"$ 5,385.00",11,15,8
2011,3,Chicago,2021,Febuary,"$ 5,303.48",35,52,9
2010,3,Chicago,2021,Febuary,"$ 5,299.47",34,53,10
1552,3,Chicago,2021,March,"$ 6,748.65",17,27,1
2008,3,Chicago,2021,March,"$ 6,727.42",37,58,2
242,3,Chicago,2021,March,"$ 6,709.39",41,61,3
1593,3,Chicago,2021,March,"$ 6,688.00",19,32,4
206,3,Chicago,2021,March,"$ 6,664.57",29,43,5
2010,3,Chicago,2021,March,"$ 6,599.34",40,66,6
168,3,Chicago,2021,March,"$ 6,499.35",41,65,7
265,3,Chicago,2021,March,"$ 6,299.37",43,63,8
160,3,Chicago,2021,March,"$ 6,299.30",42,70,9
201,3,Chicago,2021,March,"$ 6,239.52",33,48,10
173,3,Chicago,2021,April,"$ 8,931.23",49,77,1
1594,3,Chicago,2021,April,"$ 7,180.00",16,20,2
2007,3,Chicago,2021,April,"$ 7,136.39",46,61,3
206,3,Chicago,2021,April,"$ 6,974.55",28,45,4
1593,3,Chicago,2021,April,"$ 6,897.00",23,33,5
201,3,Chicago,2021,April,"$ 6,759.48",36,52,6
198,3,Chicago,2021,April,"$ 6,649.50",34,50,7
1572,3,Chicago,2021,April,"$ 6,623.00",24,37,8
2009,3,Chicago,2021,April,"$ 6,599.34",43,66,9
183,3,Chicago,2021,April,"$ 6,399.36",40,64,10
1594,3,Chicago,2021,May,"$ 11,129.00",21,31,1
149,3,Chicago,2021,May,"$ 8,874.29",48,71,2
201,3,Chicago,2021,May,"$ 7,929.39",37,61,3
198,3,Chicago,2021,May,"$ 7,846.41",41,59,4
1552,3,Chicago,2021,May,"$ 7,498.50",19,30,5
112,3,Chicago,2021,May,"$ 7,496.32",48,68,6
206,3,Chicago,2021,May,"$ 7,439.52",32,48,7
106,3,Chicago,2021,May,"$ 6,980.84",40,61,8
115,3,Chicago,2021,May,"$ 6,408.64",36,56,9
265,3,Chicago,2021,May,"$ 6,299.37",40,63,10
201,3,Chicago,2021,June,"$ 7,669.41",39,59,1
149,3,Chicago,2021,June,"$ 6,999.44",33,56,2
2008,3,Chicago,2021,June,"$ 6,843.41",39,59,3
176,3,Chicago,2021,June,"$ 6,599.34",44,66,4
1594,3,Chicago,2021,June,"$ 6,462.00",12,18,5
106,3,Chicago,2021,June,"$ 6,408.64",37,56,6
206,3,Chicago,2021,June,"$ 6,354.59",30,41,7
156,3,Chicago,2021,June,"$ 6,099.39",37,61,8
1592,3,Chicago,2021,June,"$ 6,048.00",21,32,9
198,3,Chicago,2021,June,"$ 5,984.55",33,45,10
1552,3,Chicago,2021,July,"$ 10,747.85",26,43,1
206,3,Chicago,2021,July,"$ 9,144.41",38,59,2
149,3,Chicago,2021,July,"$ 8,624.31",44,69,3
204,3,Chicago,2021,July,"$ 7,937.37",46,63,4
2007,3,Chicago,2021,July,"$ 7,838.33",44,67,5
2008,3,Chicago,2021,July,"$ 7,075.39",41,61,6
219,3,Chicago,2021,July,"$ 7,071.32",49,68,7
198,3,Chicago,2021,July,"$ 6,649.50",31,50,8
177,3,Chicago,2021,July,"$ 6,614.37",42,63,9
173,3,Chicago,2021,July,"$ 6,495.44",41,56,10
1594,3,Chicago,2021,August,"$ 10,411.00",19,29,1
201,3,Chicago,2021,August,"$ 7,539.42",40,58,2
1593,3,Chicago,2021,August,"$ 7,524.00",21,36,3
206,3,Chicago,2021,August,"$ 7,439.52",34,48,4
212,3,Chicago,2021,August,"$ 7,436.33",42,67,5
156,3,Chicago,2021,August,"$ 7,399.26",50,74,6
204,3,Chicago,2021,August,"$ 7,307.42",38,58,7
1552,3,Chicago,2021,August,"$ 7,248.55",19,29,8
177,3,Chicago,2021,August,"$ 7,139.32",43,68,9
242,3,Chicago,2021,August,"$ 6,929.37",41,63,10
1594,3,Chicago,2021,September,"$ 13,642.00",24,38,1
204,3,Chicago,2021,September,"$ 7,685.39",40,61,2
206,3,Chicago,2021,September,"$ 7,129.54",31,46,3
201,3,Chicago,2021,September,"$ 6,889.47",33,53,4
1572,3,Chicago,2021,September,"$ 6,802.00",24,38,5
125,3,Chicago,2021,September,"$ 6,554.31",44,69,6
1596,3,Chicago,2021,September,"$ 6,479.64",25,36,7
2007,3,Chicago,2021,September,"$ 6,434.45",37,55,8
119,3,Chicago,2021,September,"$ 6,425.32",41,68,9
173,3,Chicago,2021,September,"$ 6,147.47",34,53,10
204,3,Chicago,2021,October,"$ 8,189.35",39,65,1
1592,3,Chicago,2021,October,"$ 8,127.00",26,43,2
206,3,Chicago,2021,October,"$ 7,904.49",34,51,3
149,3,Chicago,2021,October,"$ 7,624.39",43,61,4
201,3,Chicago,2021,October,"$ 7,409.43",36,57,5
1552,3,Chicago,2021,October,"$ 7,248.55",20,29,6
115,3,Chicago,2021,October,"$ 7,095.28",41,62,7
177,3,Chicago,2021,October,"$ 6,824.35",42,65,8
185,3,Chicago,2021,October,"$ 6,709.39",40,61,9
1594,3,Chicago,2021,October,"$ 6,462.00",12,18,10
1594,3,Chicago,2021,November,"$ 9,693.00",17,27,1
206,3,Chicago,2021,November,"$ 7,904.49",36,51,2
109,3,Chicago,2021,November,"$ 7,781.92",47,68,3
1593,3,Chicago,2021,November,"$ 7,106.00",21,34,4
173,3,Chicago,2021,November,"$ 6,727.42",38,58,5
149,3,Chicago,2021,November,"$ 6,499.48",35,52,6
2008,3,Chicago,2021,November,"$ 6,495.44",36,56,7
177,3,Chicago,2021,November,"$ 6,299.40",40,60,8
2010,3,Chicago,2021,November,"$ 6,299.37",40,63,9
2006,3,Chicago,2021,November,"$ 6,298.32",40,56,10
1594,3,Chicago,2021,December,"$ 12,565.00",23,35,1
2007,3,Chicago,2021,December,"$ 9,827.16",55,84,2
206,3,Chicago,2021,December,"$ 9,609.38",41,62,3
201,3,Chicago,2021,December,"$ 8,709.33",42,67,4
149,3,Chicago,2021,December,"$ 8,499.32",41,68,5
211,3,Chicago,2021,December,"$ 8,161.23",49,77,6
1552,3,Chicago,2021,December,"$ 7,998.40",24,32,7
197,3,Chicago,2021,December,"$ 7,949.25",48,75,8
198,3,Chicago,2021,December,"$ 7,846.41",41,59,9
1551,3,Chicago,2021,December,"$ 7,818.30",23,34,10
1552,3,Chicago,2022,January,"$ 8,998.20",24,36,1
242,3,Chicago,2022,January,"$ 8,359.24",49,76,2
1594,3,Chicago,2022,January,"$ 8,257.00",15,23,3
173,3,Chicago,2022,January,"$ 7,539.35",42,65,4
198,3,Chicago,2022,January,"$ 7,181.46",36,54,5
1572,3,Chicago,2022,January,"$ 6,981.00",23,39,6
115,3,Chicago,2022,January,"$ 6,523.08",37,57,7
177,3,Chicago,2022,January,"$ 6,404.39",40,61,8
204,3,Chicago,2022,January,"$ 6,299.50",33,50,9
123,3,Chicago,2022,January,"$ 6,269.34",40,66,10
204,3,Chicago,2022,Febuary,"$ 8,693.31",45,69,1
198,3,Chicago,2022,Febuary,"$ 8,378.37",41,63,2
1551,3,Chicago,2022,Febuary,"$ 7,818.30",23,34,3
201,3,Chicago,2022,Febuary,"$ 7,669.41",39,59,4
206,3,Chicago,2022,Febuary,"$ 7,594.51",31,49,5
1594,3,Chicago,2022,Febuary,"$ 7,180.00",13,20,6
1552,3,Chicago,2022,Febuary,"$ 6,998.60",18,28,7
2008,3,Chicago,2022,Febuary,"$ 6,843.41",42,59,8
2007,3,Chicago,2022,Febuary,"$ 6,668.43",34,57,9
109,3,Chicago,2022,Febuary,"$ 6,637.52",38,58,10
1594,3,Chicago,2022,March,"$ 13,283.00",23,37,1
149,3,Chicago,2022,March,"$ 8,124.35",39,65,2
242,3,Chicago,2022,March,"$ 7,919.28",48,72,3
1635,3,Chicago,2022,March,"$ 7,739.57",28,43,4
2007,3,Chicago,2022,March,"$ 7,604.35",42,65,5
1551,3,Chicago,2022,March,"$ 7,588.35",23,33,6
201,3,Chicago,2022,March,"$ 7,409.43",38,57,7
115,3,Chicago,2022,March,"$ 7,209.72",42,63,8
204,3,Chicago,2022,March,"$ 6,551.48",34,52,9
185,3,Chicago,2022,March,"$ 6,379.42",39,58,10
206,3,Chicago,2022,April,"$ 8,369.46",34,54,1
1594,3,Chicago,2022,April,"$ 8,257.00",18,23,2
201,3,Chicago,2022,April,"$ 7,409.43",36,57,3
1584,3,Chicago,2022,April,"$ 7,089.00",32,51,4
1552,3,Chicago,2022,April,"$ 6,998.60",18,28,5
198,3,Chicago,2022,April,"$ 6,782.49",33,51,6
185,3,Chicago,2022,April,"$ 6,709.39",40,61,7
2008,3,Chicago,2022,April,"$ 6,611.43",39,57,8
265,3,Chicago,2022,April,"$ 6,599.34",42,66,9
2011,3,Chicago,2022,April,"$ 6,527.36",42,64,10
1594,3,Chicago,2022,May,"$ 8,616.00",15,24,1
173,3,Chicago,2022,May,"$ 8,003.31",45,69,2
185,3,Chicago,2022,May,"$ 7,919.28",45,72,3
206,3,Chicago,2022,May,"$ 7,594.51",34,49,4
1592,3,Chicago,2022,May,"$ 7,371.00",27,39,5
109,3,Chicago,2022,May,"$ 7,209.72",39,63,6
204,3,Chicago,2022,May,"$ 7,181.43",42,57,7
211,3,Chicago,2022,May,"$ 6,783.36",44,64,8
115,3,Chicago,2022,May,"$ 6,751.96",36,59,9
149,3,Chicago,2022,May,"$ 6,749.46",36,54,10
1594,3,Chicago,2022,June,"$ 9,693.00",22,27,1
201,3,Chicago,2022,June,"$ 7,929.39",39,61,2
206,3,Chicago,2022,June,"$ 7,749.50",35,50,3
212,3,Chicago,2022,June,"$ 7,325.34",43,66,4
1572,3,Chicago,2022,June,"$ 7,160.00",26,40,5
198,3,Chicago,2022,June,"$ 7,048.47",37,53,6
112,3,Chicago,2022,June,"$ 6,504.16",41,59,7
173,3,Chicago,2022,June,"$ 6,495.44",36,56,8
158,3,Chicago,2022,June,"$ 6,299.30",44,70,9
183,3,Chicago,2022,June,"$ 6,099.39",42,61,10
1594,3,Chicago,2022,July,"$ 10,770.00",20,30,1
1551,3,Chicago,2022,July,"$ 9,427.95",27,41,2
206,3,Chicago,2022,July,"$ 8,214.47",40,53,3
201,3,Chicago,2022,July,"$ 8,059.38",40,62,4
1552,3,Chicago,2022,July,"$ 7,998.40",22,32,5
204,3,Chicago,2022,July,"$ 7,811.38",38,62,6
1592,3,Chicago,2022,July,"$ 7,749.00",26,41,7
149,3,Chicago,2022,July,"$ 7,249.42",35,58,8
106,3,Chicago,2022,July,"$ 6,980.84",35,61,9
125,3,Chicago,2022,July,"$ 6,839.28",48,72,10
206,3,Chicago,2022,August,"$ 9,144.41",36,59,1
204,3,Chicago,2022,August,"$ 8,819.30",46,70,2
1594,3,Chicago,2022,August,"$ 8,616.00",15,24,3
2011,3,Chicago,2022,August,"$ 8,363.18",54,82,4
1645,3,Chicago,2022,August,"$ 7,518.00",26,42,5
149,3,Chicago,2022,August,"$ 7,499.40",40,60,6
1572,3,Chicago,2022,August,"$ 7,339.00",29,41,7
1571,3,Chicago,2022,August,"$ 6,996.00",26,44,8
1635,3,Chicago,2022,August,"$ 6,839.62",24,38,9
198,3,Chicago,2022,August,"$ 6,782.49",33,51,10
201,3,Chicago,2022,September,"$ 8,579.34",40,66,1
204,3,Chicago,2022,September,"$ 8,063.36",41,64,2
206,3,Chicago,2022,September,"$ 7,904.49",31,51,3
149,3,Chicago,2022,September,"$ 7,874.37",41,63,4
1552,3,Chicago,2022,September,"$ 7,248.55",18,29,5
2008,3,Chicago,2022,September,"$ 7,191.38",44,62,6
212,3,Chicago,2022,September,"$ 7,103.36",42,64,7
2009,3,Chicago,2022,September,"$ 6,899.31",48,69,8
1594,3,Chicago,2022,September,"$ 6,821.00",15,19,9
198,3,Chicago,2022,September,"$ 6,649.50",32,50,10
1594,3,Chicago,2022,October,"$ 10,052.00",18,28,1
198,3,Chicago,2022,October,"$ 9,043.32",42,68,2
204,3,Chicago,2022,October,"$ 8,441.33",45,67,3
173,3,Chicago,2022,October,"$ 7,655.34",48,66,4
206,3,Chicago,2022,October,"$ 7,439.52",31,48,5
201,3,Chicago,2022,October,"$ 7,149.45",36,55,6
2008,3,Chicago,2022,October,"$ 7,075.39",34,61,7
109,3,Chicago,2022,October,"$ 6,980.84",37,61,8
149,3,Chicago,2022,October,"$ 6,749.46",33,54,9
115,3,Chicago,2022,October,"$ 6,637.52",37,58,10
206,3,Chicago,2022,November,"$ 10,539.32",47,68,1
1594,3,Chicago,2022,November,"$ 9,334.00",18,26,2
198,3,Chicago,2022,November,"$ 8,378.37",38,63,3
201,3,Chicago,2022,November,"$ 8,319.36",41,64,4
1552,3,Chicago,2022,November,"$ 7,998.40",20,32,5
106,3,Chicago,2022,November,"$ 7,438.60",41,65,6
204,3,Chicago,2022,November,"$ 7,433.41",40,59,7
2008,3,Chicago,2022,November,"$ 7,423.36",43,64,8
197,3,Chicago,2022,November,"$ 7,313.31",47,69,9
112,3,Chicago,2022,November,"$ 7,165.60",43,65,10
1594,3,Chicago,2022,December,"$ 16,155.00",27,45,1
206,3,Chicago,2022,December,"$ 10,849.30",47,70,2
168,3,Chicago,2022,December,"$ 8,899.11",59,89,3
197,3,Chicago,2022,December,"$ 8,797.17",55,83,4
1572,3,Chicago,2022,December,"$ 8,771.00",32,49,5
2006,3,Chicago,2022,December,"$ 8,322.78",51,74,6
109,3,Chicago,2022,December,"$ 8,239.68",46,72,7
172,3,Chicago,2022,December,"$ 8,074.15",55,85,8
1645,3,Chicago,2022,December,"$ 8,055.00",29,45,9
198,3,Chicago,2022,December,"$ 7,846.41",39,59,10
1594,3,Chicago,2023,January,"$ 8,616.00",17,24,1
1552,3,Chicago,2023,January,"$ 8,498.30",23,34,2
198,3,Chicago,2023,January,"$ 7,314.45",35,55,3
242,3,Chicago,2023,January,"$ 6,929.37",43,63,4
206,3,Chicago,2023,January,"$ 6,664.57",28,43,5
106,3,Chicago,2023,January,"$ 6,637.52",37,58,6
1645,3,Chicago,2023,January,"$ 6,444.00",24,36,7
183,3,Chicago,2023,January,"$ 6,399.36",43,64,8
173,3,Chicago,2023,January,"$ 6,379.45",38,55,9
149,3,Chicago,2023,January,"$ 6,249.50",34,50,10
1594,3,Chicago,2023,Febuary,"$ 9,334.00",17,26,1
198,3,Chicago,2023,Febuary,"$ 8,511.36",39,64,2
206,3,Chicago,2023,Febuary,"$ 7,594.51",33,49,3
212,3,Chicago,2023,Febuary,"$ 7,325.34",39,66,4
2011,3,Chicago,2023,Febuary,"$ 7,241.29",43,71,5
1551,3,Chicago,2023,Febuary,"$ 7,128.45",21,31,6
1593,3,Chicago,2023,Febuary,"$ 7,106.00",21,34,7
201,3,Chicago,2023,Febuary,"$ 6,759.48",37,52,8
246,3,Chicago,2023,Febuary,"$ 6,299.30",44,70,9
115,3,Chicago,2023,Febuary,"$ 6,179.76",40,54,10
1551,3,Chicago,2023,March,"$ 8,048.25",21,35,1
1594,3,Chicago,2023,March,"$ 7,898.00",15,22,2
115,3,Chicago,2023,March,"$ 6,866.40",40,60,3
1552,3,Chicago,2023,March,"$ 6,748.65",18,27,4
1572,3,Chicago,2023,March,"$ 6,623.00",25,37,5
204,3,Chicago,2023,March,"$ 6,551.48",35,52,6
109,3,Chicago,2023,March,"$ 6,523.08",36,57,7
149,3,Chicago,2023,March,"$ 6,499.48",35,52,8
152,3,Chicago,2023,March,"$ 6,499.35",40,65,9
2011,3,Chicago,2023,March,"$ 6,425.37",40,63,10
1594,3,Chicago,2023,April,"$ 16,873.00",29,47,1
206,3,Chicago,2023,April,"$ 7,749.50",33,50,2
1552,3,Chicago,2023,April,"$ 7,498.50",21,30,3
204,3,Chicago,2023,April,"$ 6,803.46",34,54,4
197,3,Chicago,2023,April,"$ 6,783.36",43,64,5
115,3,Chicago,2023,April,"$ 6,523.08",33,57,6
1635,3,Chicago,2023,April,"$ 6,479.64",23,36,7
156,3,Chicago,2023,April,"$ 6,299.37",43,63,8
2006,3,Chicago,2023,April,"$ 6,185.85",39,55,9
106,3,Chicago,2023,April,"$ 6,179.76",38,54,10
206,3,Chicago,2023,May,"$ 8,679.44",39,56,1
1551,3,Chicago,2023,May,"$ 8,048.25",23,35,2
1552,3,Chicago,2023,May,"$ 7,748.45",22,31,3
1596,3,Chicago,2023,May,"$ 7,559.58",26,42,4
106,3,Chicago,2023,May,"$ 7,324.16",40,64,5
12,3,Chicago,2023,May,"$ 7,308.28",56,86,6
125,3,Chicago,2023,May,"$ 7,124.25",46,75,7
198,3,Chicago,2023,May,"$ 7,048.47",35,53,8
201,3,Chicago,2023,May,"$ 6,889.47",34,53,9
1572,3,Chicago,2023,May,"$ 6,802.00",24,38,10
206,3,Chicago,2023,June,"$ 8,989.42",38,58,1
1552,3,Chicago,2023,June,"$ 7,998.40",22,32,2
265,3,Chicago,2023,June,"$ 7,399.26",48,74,3
106,3,Chicago,2023,June,"$ 7,324.16",42,64,4
1594,3,Chicago,2023,June,"$ 7,180.00",14,20,5
183,3,Chicago,2023,June,"$ 6,899.31",43,69,6
2011,3,Chicago,2023,June,"$ 6,833.33",46,67,7
1592,3,Chicago,2023,June,"$ 6,615.00",22,35,8
173,3,Chicago,2023,June,"$ 6,611.43",36,57,9
149,3,Chicago,2023,June,"$ 6,499.48",34,52,10
1594,3,Chicago,2023,July,"$ 10,411.00",19,29,1
206,3,Chicago,2023,July,"$ 8,524.45",36,55,2
198,3,Chicago,2023,July,"$ 8,112.39",39,61,3
201,3,Chicago,2023,July,"$ 7,539.42",38,58,4
181,3,Chicago,2023,July,"$ 7,391.23",49,77,5
185,3,Chicago,2023,July,"$ 7,149.35",41,65,6
1552,3,Chicago,2023,July,"$ 6,998.60",19,28,7
1551,3,Chicago,2023,July,"$ 6,898.50",21,30,8
173,3,Chicago,2023,July,"$ 6,727.42",37,58,9
2007,3,Chicago,2023,July,"$ 6,668.43",39,57,10
265,3,Chicago,2023,August,"$ 7,899.21",47,79,1
109,3,Chicago,2023,August,"$ 7,781.92",40,68,2
206,3,Chicago,2023,August,"$ 7,749.50",35,50,3
1594,3,Chicago,2023,August,"$ 7,539.00",15,21,4
1601,3,Chicago,2023,August,"$ 7,339.00",27,41,5
271,3,Chicago,2023,August,"$ 6,929.23",51,77,6
2008,3,Chicago,2023,August,"$ 6,843.41",37,59,7
198,3,Chicago,2023,August,"$ 6,782.49",33,51,8
201,3,Chicago,2023,August,"$ 6,759.48",35,52,9
170,3,Chicago,2023,August,"$ 6,659.26",46,74,10
198,3,Chicago,2023,September,"$ 8,112.39",39,61,1
2008,3,Chicago,2023,September,"$ 7,771.33",44,67,2
206,3,Chicago,2023,September,"$ 7,749.50",35,50,3
212,3,Chicago,2023,September,"$ 7,658.31",42,69,4
201,3,Chicago,2023,September,"$ 7,539.42",39,58,5
1594,3,Chicago,2023,September,"$ 7,180.00",14,20,6
1596,3,Chicago,2023,September,"$ 7,019.61",23,39,7
106,3,Chicago,2023,September,"$ 6,523.08",36,57,8
119,3,Chicago,2023,September,"$ 6,330.83",44,67,9
1551,3,Chicago,2023,September,"$ 6,208.65",18,27,10
1594,3,Chicago,2023,October,"$ 14,360.00",25,40,1
198,3,Chicago,2023,October,"$ 8,245.38",45,62,2
206,3,Chicago,2023,October,"$ 8,059.48",33,52,3
1552,3,Chicago,2023,October,"$ 7,748.45",23,31,4
112,3,Chicago,2023,October,"$ 7,716.80",49,70,5
242,3,Chicago,2023,October,"$ 7,479.32",45,68,6
2008,3,Chicago,2023,October,"$ 7,191.38",45,62,7
197,3,Chicago,2023,October,"$ 6,995.34",39,66,8
204,3,Chicago,2023,October,"$ 6,551.48",35,52,9
152,3,Chicago,2023,October,"$ 6,499.35",44,65,10
1594,3,Chicago,2023,November,"$ 9,334.00",18,26,1
198,3,Chicago,2023,November,"$ 8,112.39",42,61,2
206,3,Chicago,2023,November,"$ 7,904.49",32,51,3
201,3,Chicago,2023,November,"$ 7,799.40",37,60,4
109,3,Chicago,2023,November,"$ 7,667.48",42,67,5
1552,3,Chicago,2023,November,"$ 7,498.50",22,30,6
149,3,Chicago,2023,November,"$ 7,374.41",42,59,7
1551,3,Chicago,2023,November,"$ 7,128.45",21,31,8
1591,3,Chicago,2023,November,"$ 7,098.00",27,42,9
112,3,Chicago,2023,November,"$ 6,834.88",38,62,10
1552,3,Chicago,2023,December,"$ 11,497.70",28,46,1
198,3,Chicago,2023,December,"$ 10,772.19",50,81,2
206,3,Chicago,2023,December,"$ 9,299.40",39,60,3
201,3,Chicago,2023,December,"$ 8,709.33",45,67,4
115,3,Chicago,2023,December,"$ 8,583.00",53,75,5
250,3,Chicago,2023,December,"$ 8,462.09",60,91,6
1551,3,Chicago,2023,December,"$ 8,278.20",25,36,7
242,3,Chicago,2023,December,"$ 8,249.25",50,75,8
1601,3,Chicago,2023,December,"$ 8,055.00",29,45,9
2008,3,Chicago,2023,December,"$ 8,003.31",44,69,10
1594,3,Chicago,2024,January,"$ 10,052.00",17,28,1
206,3,Chicago,2024,January,"$ 8,214.47",40,53,2
212,3,Chicago,2024,January,"$ 7,880.29",48,71,3
201,3,Chicago,2024,January,"$ 7,539.42",41,58,4
149,3,Chicago,2024,January,"$ 7,499.40",41,60,5
198,3,Chicago,2024,January,"$ 7,181.46",34,54,6
185,3,Chicago,2024,January,"$ 6,819.38",41,62,7
1552,3,Chicago,2024,January,"$ 6,748.65",18,27,8
112,3,Chicago,2024,January,"$ 6,614.40",38,60,9
109,3,Chicago,2024,January,"$ 6,523.08",37,57,10
206,3,Chicago,2024,Febuary,"$ 8,369.46",36,54,1
109,3,Chicago,2024,Febuary,"$ 8,354.12",51,73,2
198,3,Chicago,2024,Febuary,"$ 8,245.38",38,62,3
1594,3,Chicago,2024,Febuary,"$ 7,898.00",14,22,4
149,3,Chicago,2024,Febuary,"$ 7,624.39",40,61,5
1552,3,Chicago,2024,Febuary,"$ 7,248.55",20,29,6
2007,3,Chicago,2024,Febuary,"$ 7,136.39",41,61,7
201,3,Chicago,2024,Febuary,"$ 6,759.48",35,52,8
115,3,Chicago,2024,Febuary,"$ 6,294.20",34,55,9
2010,3,Chicago,2024,Febuary,"$ 6,199.38",45,62,10
206,3,Chicago,2024,March,"$ 9,609.38",42,62,1
201,3,Chicago,2024,March,"$ 8,579.34",43,66,2
1551,3,Chicago,2024,March,"$ 8,508.15",23,37,3
1552,3,Chicago,2024,March,"$ 8,248.35",23,33,4
198,3,Chicago,2024,March,"$ 7,447.44",36,56,5
204,3,Chicago,2024,March,"$ 7,307.42",37,58,6
1593,3,Chicago,2024,March,"$ 6,897.00",21,33,7
2010,3,Chicago,2024,March,"$ 6,599.34",42,66,8
1645,3,Chicago,2024,March,"$ 6,444.00",22,36,9
1572,3,Chicago,2024,March,"$ 6,444.00",24,36,10
1594,3,Chicago,2024,April,"$ 13,642.00",24,38,1
206,3,Chicago,2024,April,"$ 7,904.49",32,51,2
1572,3,Chicago,2024,April,"$ 7,697.00",28,43,3
2007,3,Chicago,2024,April,"$ 7,487.36",40,64,4
242,3,Chicago,2024,April,"$ 7,149.35",42,65,5
211,3,Chicago,2024,April,"$ 6,889.35",41,65,6
109,3,Chicago,2024,April,"$ 6,408.64",39,56,7
115,3,Chicago,2024,April,"$ 6,408.64",36,56,8
112,3,Chicago,2024,April,"$ 6,393.92",36,58,9
177,3,Chicago,2024,April,"$ 6,299.40",35,60,10
1594,3,Chicago,2024,May,"$ 8,257.00",18,23,1
185,3,Chicago,2024,May,"$ 7,919.28",43,72,2
149,3,Chicago,2024,May,"$ 7,874.37",41,63,3
206,3,Chicago,2024,May,"$ 7,749.50",33,50,4
1593,3,Chicago,2024,May,"$ 7,106.00",21,34,5
201,3,Chicago,2024,May,"$ 6,889.47",34,53,6
212,3,Chicago,2024,May,"$ 6,548.41",36,59,7
254,3,Chicago,2024,May,"$ 6,509.30",49,70,8
1572,3,Chicago,2024,May,"$ 6,444.00",24,36,9
1551,3,Chicago,2024,May,"$ 6,438.60",17,28,10
206,3,Chicago,2024,June,"$ 8,834.43",38,57,1
1594,3,Chicago,2024,June,"$ 8,257.00",14,23,2
1592,3,Chicago,2024,June,"$ 8,127.00",28,43,3
204,3,Chicago,2024,June,"$ 7,559.40",36,60,4
198,3,Chicago,2024,June,"$ 7,314.45",31,55,5
1596,3,Chicago,2024,June,"$ 6,839.62",22,38,6
197,3,Chicago,2024,June,"$ 6,783.36",42,64,7
201,3,Chicago,2024,June,"$ 6,629.49",34,51,8
242,3,Chicago,2024,June,"$ 6,599.40",42,60,9
109,3,Chicago,2024,June,"$ 6,523.08",44,57,10
1552,3,Chicago,2024,July,"$ 9,498.10",25,38,1
206,3,Chicago,2024,July,"$ 9,454.39",38,61,2
1551,3,Chicago,2024,July,"$ 8,048.25",21,35,3
1594,3,Chicago,2024,July,"$ 7,180.00",12,20,4
1601,3,Chicago,2024,July,"$ 7,160.00",27,40,5
106,3,Chicago,2024,July,"$ 6,866.40",36,60,6
149,3,Chicago,2024,July,"$ 6,749.46",36,54,7
212,3,Chicago,2024,July,"$ 6,659.40",44,60,8
173,3,Chicago,2024,July,"$ 6,611.43",40,57,9
2010,3,Chicago,2024,July,"$ 6,599.34",44,66,10
1594,3,Chicago,2024,August,"$ 9,334.00",16,26,1
206,3,Chicago,2024,August,"$ 9,299.40",39,60,2
2007,3,Chicago,2024,August,"$ 7,604.35",40,65,3
1552,3,Chicago,2024,August,"$ 7,248.55",20,29,4
106,3,Chicago,2024,August,"$ 7,209.72",45,63,5
201,3,Chicago,2024,August,"$ 7,149.45",35,55,6
242,3,Chicago,2024,August,"$ 7,149.35",43,65,7
197,3,Chicago,2024,August,"$ 7,101.33",45,67,8
112,3,Chicago,2024,August,"$ 6,724.64",44,61,9
204,3,Chicago,2024,August,"$ 6,677.47",36,53,10
198,3,Chicago,2024,September,"$ 9,841.26",49,74,1
1594,3,Chicago,2024,September,"$ 8,616.00",15,24,2
204,3,Chicago,2024,September,"$ 8,063.36",45,64,3
1644,3,Chicago,2024,September,"$ 7,450.00",32,50,4
206,3,Chicago,2024,September,"$ 7,284.53",30,47,5
1591,3,Chicago,2024,September,"$ 6,929.00",27,41,6
1992,3,Chicago,2024,September,"$ 6,839.24",47,76,7
1596,3,Chicago,2024,September,"$ 6,479.64",25,36,8
211,3,Chicago,2024,September,"$ 6,253.41",38,59,9
160,3,Chicago,2024,September,"$ 6,119.32",44,68,10
1594,3,Chicago,2024,October,"$ 12,924.00",23,36,1
2008,3,Chicago,2024,October,"$ 7,771.33",41,67,2
1551,3,Chicago,2024,October,"$ 7,358.40",20,32,3
242,3,Chicago,2024,October,"$ 6,929.37",41,63,4
197,3,Chicago,2024,October,"$ 6,677.37",40,63,5
206,3,Chicago,2024,October,"$ 6,664.57",30,43,6
156,3,Chicago,2024,October,"$ 6,499.35",44,65,7
2007,3,Chicago,2024,October,"$ 6,317.46",37,54,8
149,3,Chicago,2024,October,"$ 5,999.52",34,48,9
119,3,Chicago,2024,October,"$ 5,952.87",42,63,10
1594,3,Chicago,2024,November,"$ 8,616.00",17,24,1
109,3,Chicago,2024,November,"$ 8,125.24",44,71,2
198,3,Chicago,2024,November,"$ 7,314.45",37,55,3
206,3,Chicago,2024,November,"$ 7,284.53",31,47,4
201,3,Chicago,2024,November,"$ 6,759.48",32,52,5
242,3,Chicago,2024,November,"$ 6,709.39",40,61,6
197,3,Chicago,2024,November,"$ 6,677.37",41,63,7
185,3,Chicago,2024,November,"$ 6,599.40",41,60,8
1644,3,Chicago,2024,November,"$ 6,407.00",28,43,9
1988,3,Chicago,2024,November,"$ 6,313.23",51,77,10
1594,3,Chicago,2024,December,"$ 13,283.00",25,37,1
206,3,Chicago,2024,December,"$ 11,934.23",48,77,2
201,3,Chicago,2024,December,"$ 8,969.31",42,69,3
106,3,Chicago,2024,December,"$ 8,811.88",49,77,4
2007,3,Chicago,2024,December,"$ 8,774.25",46,75,5
119,3,Chicago,2024,December,"$ 8,598.59",60,91,6
1645,3,Chicago,2024,December,"$ 8,592.00",32,48,7
1552,3,Chicago,2024,December,"$ 8,498.30",23,34,8
173,3,Chicago,2024,December,"$ 8,467.27",48,73,9
160,3,Chicago,2024,December,"$ 8,459.06",61,94,10
206,4,Buffalo,2019,January,"$ 6,509.58",28,42,1
1594,4,Buffalo,2019,January,"$ 5,744.00",10,16,2
1593,4,Buffalo,2019,January,"$ 4,389.00",13,21,3
198,4,Buffalo,2019,January,"$ 4,388.67",23,33,4
242,4,Buffalo,2019,January,"$ 4,069.63",24,37,5
1571,4,Buffalo,2019,January,"$ 3,975.00",16,25,6
204,4,Buffalo,2019,January,"$ 3,905.69",19,31,7
176,4,Buffalo,2019,January,"$ 3,899.61",26,39,8
183,4,Buffalo,2019,January,"$ 3,799.62",25,38,9
225,4,Buffalo,2019,January,"$ 3,795.48",30,52,10
1551,4,Buffalo,2019,Febuary,"$ 4,369.05",12,19,1
2008,4,Buffalo,2019,Febuary,"$ 4,291.63",25,37,2
1593,4,Buffalo,2019,Febuary,"$ 3,971.00",11,19,3
201,4,Buffalo,2019,Febuary,"$ 3,899.70",22,30,4
173,4,Buffalo,2019,Febuary,"$ 3,827.67",20,33,5
1552,4,Buffalo,2019,Febuary,"$ 3,749.25",9,15,6
211,4,Buffalo,2019,Febuary,"$ 3,709.65",24,35,7
1594,4,Buffalo,2019,Febuary,"$ 3,590.00",8,10,8
269,4,Buffalo,2019,Febuary,"$ 3,524.53",30,47,9
204,4,Buffalo,2019,Febuary,"$ 3,401.73",18,27,10
1552,4,Buffalo,2019,March,"$ 6,748.65",20,27,1
198,4,Buffalo,2019,March,"$ 5,319.60",26,40,2
204,4,Buffalo,2019,March,"$ 4,913.61",22,39,3
1596,4,Buffalo,2019,March,"$ 4,679.74",17,26,4
1594,4,Buffalo,2019,March,"$ 4,667.00",9,13,5
206,4,Buffalo,2019,March,"$ 4,649.70",22,30,6
197,4,Buffalo,2019,March,"$ 4,027.62",26,38,7
106,4,Buffalo,2019,March,"$ 4,005.40",21,35,8
115,4,Buffalo,2019,March,"$ 3,890.96",20,34,9
212,4,Buffalo,2019,March,"$ 3,884.65",23,35,10
2008,4,Buffalo,2019,April,"$ 4,407.62",23,38,1
1594,4,Buffalo,2019,April,"$ 4,308.00",10,12,2
149,4,Buffalo,2019,April,"$ 4,124.67",21,33,3
204,4,Buffalo,2019,April,"$ 3,905.69",21,31,4
206,4,Buffalo,2019,April,"$ 3,719.76",18,24,5
115,4,Buffalo,2019,April,"$ 3,662.08",23,32,6
109,4,Buffalo,2019,April,"$ 3,433.20",20,30,7
137,4,Buffalo,2019,April,"$ 3,419.62",26,38,8
121,4,Buffalo,2019,April,"$ 3,229.66",20,34,9
212,4,Buffalo,2019,April,"$ 3,218.71",17,29,10
1594,4,Buffalo,2019,May,"$ 8,975.00",17,25,1
206,4,Buffalo,2019,May,"$ 6,509.58",29,42,2
212,4,Buffalo,2019,May,"$ 4,994.55",28,45,3
168,4,Buffalo,2019,May,"$ 4,699.53",30,47,4
1551,4,Buffalo,2019,May,"$ 4,599.00",12,20,5
115,4,Buffalo,2019,May,"$ 4,577.60",27,40,6
198,4,Buffalo,2019,May,"$ 4,521.66",22,34,7
185,4,Buffalo,2019,May,"$ 4,399.60",27,40,8
109,4,Buffalo,2019,May,"$ 4,348.72",25,38,9
173,4,Buffalo,2019,May,"$ 4,291.63",24,37,10
1552,4,Buffalo,2019,June,"$ 6,248.75",15,25,1
1591,4,Buffalo,2019,June,"$ 5,577.00",20,33,2
1594,4,Buffalo,2019,June,"$ 5,026.00",9,14,3
1551,4,Buffalo,2019,June,"$ 4,828.95",13,21,4
206,4,Buffalo,2019,June,"$ 4,649.70",20,30,5
2007,4,Buffalo,2019,June,"$ 3,977.66",21,34,6
212,4,Buffalo,2019,June,"$ 3,884.65",23,35,7
198,4,Buffalo,2019,June,"$ 3,856.71",18,29,8
1593,4,Buffalo,2019,June,"$ 3,762.00",11,18,9
115,4,Buffalo,2019,June,"$ 3,662.08",22,32,10
1552,4,Buffalo,2019,July,"$ 6,248.75",16,25,1
2006,4,Buffalo,2019,July,"$ 5,173.62",32,46,2
1596,4,Buffalo,2019,July,"$ 4,679.74",18,26,3
1551,4,Buffalo,2019,July,"$ 4,599.00",13,20,4
2001,4,Buffalo,2019,July,"$ 4,239.47",35,53,5
206,4,Buffalo,2019,July,"$ 4,029.74",19,26,6
149,4,Buffalo,2019,July,"$ 3,874.69",19,31,7
198,4,Buffalo,2019,July,"$ 3,856.71",18,29,8
2011,4,Buffalo,2019,July,"$ 3,671.64",21,36,9
2010,4,Buffalo,2019,July,"$ 3,599.64",24,36,10
1594,4,Buffalo,2019,August,"$ 6,462.00",13,18,1
206,4,Buffalo,2019,August,"$ 4,959.68",23,32,2
112,4,Buffalo,2019,August,"$ 4,630.08",27,42,3
1592,4,Buffalo,2019,August,"$ 4,347.00",14,23,4
1593,4,Buffalo,2019,August,"$ 4,180.00",15,20,5
109,4,Buffalo,2019,August,"$ 4,005.40",25,35,6
149,4,Buffalo,2019,August,"$ 3,999.68",22,32,7
173,4,Buffalo,2019,August,"$ 3,943.66",21,34,8
211,4,Buffalo,2019,August,"$ 3,921.63",25,37,9
251,4,Buffalo,2019,August,"$ 3,719.60",29,40,10
1594,4,Buffalo,2019,September,"$ 5,744.00",11,16,1
265,4,Buffalo,2019,September,"$ 4,299.57",25,43,2
1551,4,Buffalo,2019,September,"$ 4,139.10",12,18,3
206,4,Buffalo,2019,September,"$ 3,874.75",17,25,4
181,4,Buffalo,2019,September,"$ 3,839.60",29,40,5
212,4,Buffalo,2019,September,"$ 3,773.66",21,34,6
198,4,Buffalo,2019,September,"$ 3,723.72",19,28,7
2011,4,Buffalo,2019,September,"$ 3,671.64",23,36,8
106,4,Buffalo,2019,September,"$ 3,662.08",19,32,9
109,4,Buffalo,2019,September,"$ 3,662.08",24,32,10
1594,4,Buffalo,2019,October,"$ 6,103.00",12,17,1
206,4,Buffalo,2019,October,"$ 6,044.61",26,39,2
2008,4,Buffalo,2019,October,"$ 4,523.61",28,39,3
201,4,Buffalo,2019,October,"$ 4,029.69",19,31,4
149,4,Buffalo,2019,October,"$ 3,999.68",21,32,5
183,4,Buffalo,2019,October,"$ 3,999.60",27,40,6
242,4,Buffalo,2019,October,"$ 3,959.64",20,36,7
1655,4,Buffalo,2019,October,"$ 3,919.72",17,28,8
1591,4,Buffalo,2019,October,"$ 3,887.00",13,23,9
212,4,Buffalo,2019,October,"$ 3,662.67",21,33,10
1594,4,Buffalo,2019,November,"$ 7,539.00",14,21,1
206,4,Buffalo,2019,November,"$ 5,734.63",23,37,2
1552,4,Buffalo,2019,November,"$ 5,248.95",12,21,3
1606,4,Buffalo,2019,November,"$ 4,159.68",20,32,4
242,4,Buffalo,2019,November,"$ 4,069.63",24,37,5
1551,4,Buffalo,2019,November,"$ 3,909.15",10,17,6
2011,4,Buffalo,2019,November,"$ 3,773.63",22,37,7
149,4,Buffalo,2019,November,"$ 3,499.72",21,28,8
2007,4,Buffalo,2019,November,"$ 3,392.71",21,29,9
201,4,Buffalo,2019,November,"$ 3,379.74",17,26,10
1594,4,Buffalo,2019,December,"$ 6,103.00",10,17,1
198,4,Buffalo,2019,December,"$ 5,718.57",26,43,2
156,4,Buffalo,2019,December,"$ 5,099.49",34,51,3
1551,4,Buffalo,2019,December,"$ 5,058.90",16,22,4
115,4,Buffalo,2019,December,"$ 5,035.36",33,44,5
1596,4,Buffalo,2019,December,"$ 4,859.73",17,27,6
206,4,Buffalo,2019,December,"$ 4,649.70",19,30,7
168,4,Buffalo,2019,December,"$ 4,599.54",30,46,8
152,4,Buffalo,2019,December,"$ 4,499.55",27,45,9
1601,4,Buffalo,2019,December,"$ 4,475.00",18,25,10
1594,4,Buffalo,2020,January,"$ 8,616.00",15,24,1
1593,4,Buffalo,2020,January,"$ 5,643.00",18,27,2
149,4,Buffalo,2020,January,"$ 4,999.60",26,40,3
206,4,Buffalo,2020,January,"$ 4,804.69",24,31,4
1996,4,Buffalo,2020,January,"$ 4,311.44",34,56,5
1584,4,Buffalo,2020,January,"$ 4,309.00",19,31,6
265,4,Buffalo,2020,January,"$ 4,299.57",29,43,7
198,4,Buffalo,2020,January,"$ 4,255.68",21,32,8
162,4,Buffalo,2020,January,"$ 4,229.53",31,47,9
112,4,Buffalo,2020,January,"$ 4,078.88",26,37,10
185,4,Buffalo,2020,Febuary,"$ 5,279.52",32,48,1
115,4,Buffalo,2020,Febuary,"$ 5,264.24",28,46,2
2008,4,Buffalo,2020,Febuary,"$ 4,639.60",25,40,3
1635,4,Buffalo,2020,Febuary,"$ 4,499.75",15,25,4
135,4,Buffalo,2020,Febuary,"$ 4,449.50",33,50,5
1551,4,Buffalo,2020,Febuary,"$ 4,369.05",12,19,6
204,4,Buffalo,2020,Febuary,"$ 4,031.68",23,32,7
109,4,Buffalo,2020,Febuary,"$ 4,005.40",25,35,8
265,4,Buffalo,2020,Febuary,"$ 3,999.60",26,40,9
1552,4,Buffalo,2020,Febuary,"$ 3,999.20",9,16,10
2007,4,Buffalo,2020,March,"$ 6,200.47",33,53,1
201,4,Buffalo,2020,March,"$ 5,719.56",28,44,2
1592,4,Buffalo,2020,March,"$ 5,481.00",19,29,3
1594,4,Buffalo,2020,March,"$ 5,385.00",10,15,4
1551,4,Buffalo,2020,March,"$ 5,288.85",15,23,5
123,4,Buffalo,2020,March,"$ 4,844.49",31,51,6
1635,4,Buffalo,2020,March,"$ 4,499.75",15,25,7
1552,4,Buffalo,2020,March,"$ 4,499.10",12,18,8
106,4,Buffalo,2020,March,"$ 4,348.72",28,38,9
176,4,Buffalo,2020,March,"$ 4,199.58",28,42,10
1594,4,Buffalo,2020,April,"$ 5,026.00",9,14,1
1572,4,Buffalo,2020,April,"$ 5,012.00",17,28,2
173,4,Buffalo,2020,April,"$ 4,871.58",26,42,3
177,4,Buffalo,2020,April,"$ 4,829.54",30,46,4
1593,4,Buffalo,2020,April,"$ 4,598.00",15,22,5
250,4,Buffalo,2020,April,"$ 4,556.51",30,49,6
176,4,Buffalo,2020,April,"$ 4,499.55",26,45,7
204,4,Buffalo,2020,April,"$ 4,283.66",21,34,8
168,4,Buffalo,2020,April,"$ 4,199.58",27,42,9
12,4,Buffalo,2020,April,"$ 4,164.02",31,49,10
1594,4,Buffalo,2020,May,"$ 7,539.00",15,21,1
242,4,Buffalo,2020,May,"$ 5,169.53",26,47,2
2008,4,Buffalo,2020,May,"$ 4,987.57",27,43,3
1591,4,Buffalo,2020,May,"$ 4,901.00",20,29,4
204,4,Buffalo,2020,May,"$ 4,787.62",25,38,5
2012,4,Buffalo,2020,May,"$ 4,769.47",35,53,6
211,4,Buffalo,2020,May,"$ 4,663.56",29,44,7
1551,4,Buffalo,2020,May,"$ 4,599.00",12,20,8
1593,4,Buffalo,2020,May,"$ 4,598.00",15,22,9
197,4,Buffalo,2020,May,"$ 4,557.57",30,43,10
1594,4,Buffalo,2020,June,"$ 5,026.00",9,14,1
206,4,Buffalo,2020,June,"$ 4,804.69",21,31,2
265,4,Buffalo,2020,June,"$ 4,599.54",27,46,3
1593,4,Buffalo,2020,June,"$ 4,389.00",15,21,4
204,4,Buffalo,2020,June,"$ 4,157.67",22,33,5
115,4,Buffalo,2020,June,"$ 4,119.84",24,36,6
1591,4,Buffalo,2020,June,"$ 4,056.00",17,24,7
201,4,Buffalo,2020,June,"$ 3,899.70",19,30,8
156,4,Buffalo,2020,June,"$ 3,899.61",25,39,9
106,4,Buffalo,2020,June,"$ 3,890.96",23,34,10
1551,4,Buffalo,2020,July,"$ 8,508.15",22,37,1
1594,4,Buffalo,2020,July,"$ 6,821.00",12,19,2
198,4,Buffalo,2020,July,"$ 6,782.49",30,51,3
204,4,Buffalo,2020,July,"$ 6,551.48",36,52,4
206,4,Buffalo,2020,July,"$ 5,889.62",23,38,5
242,4,Buffalo,2020,July,"$ 4,839.56",27,44,6
1593,4,Buffalo,2020,July,"$ 4,807.00",16,23,7
106,4,Buffalo,2020,July,"$ 4,577.60",25,40,8
109,4,Buffalo,2020,July,"$ 4,577.60",29,40,9
201,4,Buffalo,2020,July,"$ 4,159.68",21,32,10
1594,4,Buffalo,2020,August,"$ 6,462.00",12,18,1
109,4,Buffalo,2020,August,"$ 5,722.00",33,50,2
198,4,Buffalo,2020,August,"$ 5,053.62",24,38,3
183,4,Buffalo,2020,August,"$ 4,999.50",32,50,4
197,4,Buffalo,2020,August,"$ 4,981.53",32,47,5
1600,4,Buffalo,2020,August,"$ 4,917.00",21,33,6
2006,4,Buffalo,2020,August,"$ 4,723.74",25,42,7
1635,4,Buffalo,2020,August,"$ 4,499.75",16,25,8
1552,4,Buffalo,2020,August,"$ 4,499.10",11,18,9
206,4,Buffalo,2020,August,"$ 4,494.71",16,29,10
198,4,Buffalo,2020,September,"$ 5,718.57",25,43,1
242,4,Buffalo,2020,September,"$ 4,949.55",28,45,2
1572,4,Buffalo,2020,September,"$ 4,833.00",19,27,3
206,4,Buffalo,2020,September,"$ 4,804.69",22,31,4
211,4,Buffalo,2020,September,"$ 4,769.55",30,45,5
173,4,Buffalo,2020,September,"$ 4,755.59",26,41,6
1594,4,Buffalo,2020,September,"$ 4,667.00",10,13,7
201,4,Buffalo,2020,September,"$ 4,549.65",24,35,8
219,4,Buffalo,2020,September,"$ 4,367.58",27,42,9
1601,4,Buffalo,2020,September,"$ 4,296.00",15,24,10
1594,4,Buffalo,2020,October,"$ 10,052.00",18,28,1
206,4,Buffalo,2020,October,"$ 6,974.55",29,45,2
1551,4,Buffalo,2020,October,"$ 5,518.80",15,24,3
149,4,Buffalo,2020,October,"$ 5,249.58",27,42,4
109,4,Buffalo,2020,October,"$ 4,920.92",33,43,5
1591,4,Buffalo,2020,October,"$ 4,732.00",16,28,6
11,4,Buffalo,2020,October,"$ 4,710.76",39,62,7
1592,4,Buffalo,2020,October,"$ 4,347.00",17,23,8
1596,4,Buffalo,2020,October,"$ 4,319.76",18,24,9
173,4,Buffalo,2020,October,"$ 4,291.63",28,37,10
1593,4,Buffalo,2020,November,"$ 5,643.00",18,27,1
201,4,Buffalo,2020,November,"$ 5,329.59",25,41,2
204,4,Buffalo,2020,November,"$ 4,913.61",26,39,3
198,4,Buffalo,2020,November,"$ 4,521.66",22,34,4
242,4,Buffalo,2020,November,"$ 4,509.59",27,41,5
227,4,Buffalo,2020,November,"$ 4,509.45",37,55,6
1552,4,Buffalo,2020,November,"$ 4,499.10",13,18,7
137,4,Buffalo,2020,November,"$ 4,409.51",30,49,8
2010,4,Buffalo,2020,November,"$ 4,399.56",28,44,9
1551,4,Buffalo,2020,November,"$ 4,369.05",14,19,10
1552,4,Buffalo,2020,December,"$ 6,748.65",18,27,1
1592,4,Buffalo,2020,December,"$ 6,426.00",23,34,2
156,4,Buffalo,2020,December,"$ 6,299.37",41,63,3
115,4,Buffalo,2020,December,"$ 6,294.20",32,55,4
206,4,Buffalo,2020,December,"$ 5,889.62",23,38,5
1551,4,Buffalo,2020,December,"$ 5,748.75",16,25,6
1594,4,Buffalo,2020,December,"$ 5,744.00",9,16,7
1593,4,Buffalo,2020,December,"$ 5,643.00",17,27,8
2007,4,Buffalo,2020,December,"$ 5,615.52",31,48,9
1601,4,Buffalo,2020,December,"$ 5,370.00",21,30,10
1594,4,Buffalo,2021,January,"$ 7,539.00",13,21,1
204,4,Buffalo,2021,January,"$ 4,031.68",22,32,2
1552,4,Buffalo,2021,January,"$ 3,749.25",10,15,3
2013,4,Buffalo,2021,January,"$ 3,654.57",26,43,4
181,4,Buffalo,2021,January,"$ 3,551.63",22,37,5
2006,4,Buffalo,2021,January,"$ 3,486.57",20,31,6
175,4,Buffalo,2021,January,"$ 3,484.59",25,41,7
2011,4,Buffalo,2021,January,"$ 3,467.66",22,34,8
242,4,Buffalo,2021,January,"$ 3,409.69",19,31,9
14,4,Buffalo,2021,January,"$ 3,399.20",26,40,10
1594,4,Buffalo,2021,Febuary,"$ 6,821.00",12,19,1
206,4,Buffalo,2021,Febuary,"$ 4,649.70",21,30,2
204,4,Buffalo,2021,Febuary,"$ 4,409.65",24,35,3
201,4,Buffalo,2021,Febuary,"$ 4,159.68",21,32,4
1593,4,Buffalo,2021,Febuary,"$ 3,971.00",12,19,5
1552,4,Buffalo,2021,Febuary,"$ 3,749.25",11,15,6
2008,4,Buffalo,2021,Febuary,"$ 3,711.68",20,32,7
1551,4,Buffalo,2021,Febuary,"$ 3,679.20",9,16,8
197,4,Buffalo,2021,Febuary,"$ 3,603.66",20,34,9
76,4,Buffalo,2021,Febuary,"$ 3,603.47",31,53,10
173,4,Buffalo,2021,March,"$ 5,567.52",29,48,1
119,4,Buffalo,2021,March,"$ 4,535.52",28,48,2
1552,4,Buffalo,2021,March,"$ 4,499.10",14,18,3
2011,4,Buffalo,2021,March,"$ 4,385.57",27,43,4
206,4,Buffalo,2021,March,"$ 4,339.72",21,28,5
2006,4,Buffalo,2021,March,"$ 4,161.39",24,37,6
201,4,Buffalo,2021,March,"$ 4,159.68",20,32,7
1591,4,Buffalo,2021,March,"$ 4,056.00",17,24,8
2010,4,Buffalo,2021,March,"$ 3,999.60",25,40,9
13,4,Buffalo,2021,March,"$ 3,994.06",28,47,10
112,4,Buffalo,2021,April,"$ 4,078.88",25,37,1
1594,4,Buffalo,2021,April,"$ 3,949.00",7,11,2
149,4,Buffalo,2021,April,"$ 3,874.69",22,31,3
211,4,Buffalo,2021,April,"$ 3,603.66",23,34,4
2006,4,Buffalo,2021,April,"$ 3,599.04",22,32,5
173,4,Buffalo,2021,April,"$ 3,595.69",24,31,6
1593,4,Buffalo,2021,April,"$ 3,553.00",9,17,7
1591,4,Buffalo,2021,April,"$ 3,549.00",15,21,8
2008,4,Buffalo,2021,April,"$ 3,247.72",18,28,9
181,4,Buffalo,2021,April,"$ 3,071.68",22,32,10
1594,4,Buffalo,2021,May,"$ 6,103.00",10,17,1
198,4,Buffalo,2021,May,"$ 4,920.63",24,37,2
206,4,Buffalo,2021,May,"$ 4,804.69",19,31,3
149,4,Buffalo,2021,May,"$ 4,624.63",21,37,4
242,4,Buffalo,2021,May,"$ 3,849.65",21,35,5
1552,4,Buffalo,2021,May,"$ 3,749.25",12,15,6
2007,4,Buffalo,2021,May,"$ 3,626.69",22,31,7
211,4,Buffalo,2021,May,"$ 3,603.66",22,34,8
2008,4,Buffalo,2021,May,"$ 3,595.69",22,31,9
177,4,Buffalo,2021,May,"$ 3,359.68",20,32,10
1594,4,Buffalo,2021,June,"$ 4,667.00",8,13,1
197,4,Buffalo,2021,June,"$ 4,557.57",27,43,2
206,4,Buffalo,2021,June,"$ 4,339.72",18,28,3
1592,4,Buffalo,2021,June,"$ 4,158.00",15,22,4
204,4,Buffalo,2021,June,"$ 4,157.67",21,33,5
2006,4,Buffalo,2021,June,"$ 4,048.92",23,36,6
172,4,Buffalo,2021,June,"$ 3,989.58",27,42,7
242,4,Buffalo,2021,June,"$ 3,959.64",23,36,8
149,4,Buffalo,2021,June,"$ 3,749.70",19,30,9
69,4,Buffalo,2021,June,"$ 3,722.49",35,51,10
173,4,Buffalo,2021,July,"$ 4,523.61",29,39,1
156,4,Buffalo,2021,July,"$ 4,099.59",26,41,2
242,4,Buffalo,2021,July,"$ 3,959.64",22,36,3
2010,4,Buffalo,2021,July,"$ 3,799.62",26,38,4
204,4,Buffalo,2021,July,"$ 3,779.70",23,30,5
206,4,Buffalo,2021,July,"$ 3,719.76",16,24,6
212,4,Buffalo,2021,July,"$ 3,662.67",23,33,7
183,4,Buffalo,2021,July,"$ 3,599.64",24,36,8
1592,4,Buffalo,2021,July,"$ 3,591.00",12,19,9
1593,4,Buffalo,2021,July,"$ 3,553.00",12,17,10
149,4,Buffalo,2021,August,"$ 5,124.59",26,41,1
185,4,Buffalo,2021,August,"$ 4,839.56",29,44,2
1551,4,Buffalo,2021,August,"$ 4,828.95",14,21,3
211,4,Buffalo,2021,August,"$ 4,239.60",26,40,4
115,4,Buffalo,2021,August,"$ 3,890.96",22,34,5
251,4,Buffalo,2021,August,"$ 3,812.59",27,41,6
265,4,Buffalo,2021,August,"$ 3,799.62",24,38,7
176,4,Buffalo,2021,August,"$ 3,799.62",26,38,8
106,4,Buffalo,2021,August,"$ 3,776.52",21,33,9
16,4,Buffalo,2021,August,"$ 3,654.14",29,43,10
1594,4,Buffalo,2021,September,"$ 6,103.00",12,17,1
206,4,Buffalo,2021,September,"$ 5,114.67",21,33,2
2008,4,Buffalo,2021,September,"$ 4,755.59",28,41,3
242,4,Buffalo,2021,September,"$ 4,509.59",25,41,4
149,4,Buffalo,2021,September,"$ 4,499.64",23,36,5
112,4,Buffalo,2021,September,"$ 4,299.36",24,39,6
177,4,Buffalo,2021,September,"$ 4,199.60",27,40,7
2010,4,Buffalo,2021,September,"$ 4,199.58",27,42,8
109,4,Buffalo,2021,September,"$ 4,119.84",24,36,9
1584,4,Buffalo,2021,September,"$ 4,031.00",17,29,10
1594,4,Buffalo,2021,October,"$ 5,385.00",10,15,1
206,4,Buffalo,2021,October,"$ 4,959.68",22,32,2
109,4,Buffalo,2021,October,"$ 4,692.04",30,41,3
1551,4,Buffalo,2021,October,"$ 4,369.05",12,19,4
156,4,Buffalo,2021,October,"$ 4,299.57",28,43,5
212,4,Buffalo,2021,October,"$ 4,217.62",25,38,6
1596,4,Buffalo,2021,October,"$ 3,959.78",15,22,7
198,4,Buffalo,2021,October,"$ 3,856.71",18,29,8
183,4,Buffalo,2021,October,"$ 3,799.62",25,38,9
1591,4,Buffalo,2021,October,"$ 3,718.00",15,22,10
1552,4,Buffalo,2021,November,"$ 5,748.85",14,23,1
2007,4,Buffalo,2021,November,"$ 4,328.63",26,37,2
1594,4,Buffalo,2021,November,"$ 4,308.00",9,12,3
204,4,Buffalo,2021,November,"$ 4,157.67",23,33,4
1593,4,Buffalo,2021,November,"$ 3,971.00",14,19,5
212,4,Buffalo,2021,November,"$ 3,773.66",21,34,6
1572,4,Buffalo,2021,November,"$ 3,759.00",14,21,7
112,4,Buffalo,2021,November,"$ 3,748.16",24,34,8
106,4,Buffalo,2021,November,"$ 3,662.08",21,32,9
262,4,Buffalo,2021,November,"$ 3,569.58",26,42,10
198,4,Buffalo,2021,December,"$ 7,447.44",39,56,1
1594,4,Buffalo,2021,December,"$ 6,103.00",13,17,2
2007,4,Buffalo,2021,December,"$ 5,381.54",28,46,3
201,4,Buffalo,2021,December,"$ 5,329.59",31,41,4
1552,4,Buffalo,2021,December,"$ 5,248.95",14,21,5
106,4,Buffalo,2021,December,"$ 5,149.80",26,45,6
219,4,Buffalo,2021,December,"$ 5,095.51",34,49,7
251,4,Buffalo,2021,December,"$ 4,835.48",32,52,8
1593,4,Buffalo,2021,December,"$ 4,807.00",15,23,9
173,4,Buffalo,2021,December,"$ 4,755.59",27,41,10
156,4,Buffalo,2022,January,"$ 4,699.53",31,47,1
1594,4,Buffalo,2022,January,"$ 4,667.00",8,13,2
206,4,Buffalo,2022,January,"$ 4,339.72",18,28,3
173,4,Buffalo,2022,January,"$ 4,291.63",22,37,4
198,4,Buffalo,2022,January,"$ 4,255.68",20,32,5
2007,4,Buffalo,2022,January,"$ 4,094.65",24,35,6
254,4,Buffalo,2022,January,"$ 4,091.56",26,44,7
135,4,Buffalo,2022,January,"$ 3,915.56",28,44,8
106,4,Buffalo,2022,January,"$ 3,776.52",21,33,9
1552,4,Buffalo,2022,January,"$ 3,749.25",10,15,10
198,4,Buffalo,2022,Febuary,"$ 4,787.64",24,36,1
2008,4,Buffalo,2022,Febuary,"$ 4,407.62",24,38,2
197,4,Buffalo,2022,Febuary,"$ 4,239.60",25,40,3
173,4,Buffalo,2022,Febuary,"$ 4,175.64",22,36,4
1635,4,Buffalo,2022,Febuary,"$ 4,139.77",14,23,5
206,4,Buffalo,2022,Febuary,"$ 4,029.74",15,26,6
149,4,Buffalo,2022,Febuary,"$ 3,999.68",21,32,7
156,4,Buffalo,2022,Febuary,"$ 3,999.60",24,40,8
1552,4,Buffalo,2022,Febuary,"$ 3,999.20",9,16,9
1594,4,Buffalo,2022,Febuary,"$ 3,949.00",8,11,10
1594,4,Buffalo,2022,March,"$ 8,257.00",13,23,1
242,4,Buffalo,2022,March,"$ 5,499.50",35,50,2
1645,4,Buffalo,2022,March,"$ 4,654.00",19,26,3
201,4,Buffalo,2022,March,"$ 4,289.67",23,33,4
204,4,Buffalo,2022,March,"$ 4,157.67",21,33,5
206,4,Buffalo,2022,March,"$ 4,029.74",15,26,6
254,4,Buffalo,2022,March,"$ 3,905.58",29,42,7
13,4,Buffalo,2022,March,"$ 3,824.10",32,45,8
179,4,Buffalo,2022,March,"$ 3,647.62",23,38,9
1584,4,Buffalo,2022,March,"$ 3,614.00",16,26,10
1552,4,Buffalo,2022,April,"$ 5,248.95",13,21,1
242,4,Buffalo,2022,April,"$ 5,169.53",30,47,2
173,4,Buffalo,2022,April,"$ 4,755.59",25,41,3
1594,4,Buffalo,2022,April,"$ 4,667.00",8,13,4
14,4,Buffalo,2022,April,"$ 4,503.94",34,53,5
251,4,Buffalo,2022,April,"$ 4,277.54",27,46,6
1591,4,Buffalo,2022,April,"$ 4,225.00",18,25,7
106,4,Buffalo,2022,April,"$ 4,005.40",23,35,8
109,4,Buffalo,2022,April,"$ 4,005.40",26,35,9
250,4,Buffalo,2022,April,"$ 3,905.58",24,42,10
1594,4,Buffalo,2022,May,"$ 6,462.00",11,18,1
112,4,Buffalo,2022,May,"$ 5,181.28",31,47,2
206,4,Buffalo,2022,May,"$ 4,649.70",21,30,3
106,4,Buffalo,2022,May,"$ 4,348.72",24,38,4
2006,4,Buffalo,2022,May,"$ 4,161.39",25,37,5
1570,4,Buffalo,2022,May,"$ 3,892.00",18,28,6
198,4,Buffalo,2022,May,"$ 3,590.73",20,27,7
250,4,Buffalo,2022,May,"$ 3,440.63",25,37,8
1999,4,Buffalo,2022,May,"$ 3,439.57",26,43,9
121,4,Buffalo,2022,May,"$ 3,419.64",25,36,10
1594,4,Buffalo,2022,June,"$ 9,334.00",17,26,1
198,4,Buffalo,2022,June,"$ 4,654.65",23,35,2
1552,4,Buffalo,2022,June,"$ 4,499.10",11,18,3
206,4,Buffalo,2022,June,"$ 4,339.72",20,28,4
1592,4,Buffalo,2022,June,"$ 4,158.00",14,22,5
115,4,Buffalo,2022,June,"$ 4,119.84",21,36,6
2008,4,Buffalo,2022,June,"$ 3,827.67",21,33,7
183,4,Buffalo,2022,June,"$ 3,799.62",23,38,8
106,4,Buffalo,2022,June,"$ 3,776.52",21,33,9
1645,4,Buffalo,2022,June,"$ 3,759.00",12,21,10
1594,4,Buffalo,2022,July,"$ 5,385.00",10,15,1
206,4,Buffalo,2022,July,"$ 4,339.72",21,28,2
1596,4,Buffalo,2022,July,"$ 4,319.76",16,24,3
185,4,Buffalo,2022,July,"$ 4,069.63",22,37,4
201,4,Buffalo,2022,July,"$ 4,029.69",22,31,5
254,4,Buffalo,2022,July,"$ 3,998.57",26,43,6
1593,4,Buffalo,2022,July,"$ 3,971.00",13,19,7
2013,4,Buffalo,2022,July,"$ 3,909.54",29,46,8
1551,4,Buffalo,2022,July,"$ 3,909.15",11,17,9
176,4,Buffalo,2022,July,"$ 3,899.61",25,39,10
1594,4,Buffalo,2022,August,"$ 6,462.00",11,18,1
1635,4,Buffalo,2022,August,"$ 5,759.68",20,32,2
198,4,Buffalo,2022,August,"$ 5,319.60",26,40,3
1551,4,Buffalo,2022,August,"$ 5,058.90",15,22,4
1552,4,Buffalo,2022,August,"$ 4,999.00",12,20,5
173,4,Buffalo,2022,August,"$ 4,987.57",28,43,6
106,4,Buffalo,2022,August,"$ 4,920.92",28,43,7
201,4,Buffalo,2022,August,"$ 4,549.65",27,35,8
251,4,Buffalo,2022,August,"$ 4,370.53",29,47,9
2008,4,Buffalo,2022,August,"$ 4,175.64",22,36,10
206,4,Buffalo,2022,September,"$ 6,354.59",25,41,1
1594,4,Buffalo,2022,September,"$ 5,744.00",10,16,2
201,4,Buffalo,2022,September,"$ 4,809.63",23,37,3
2006,4,Buffalo,2022,September,"$ 4,723.74",26,42,4
204,4,Buffalo,2022,September,"$ 4,535.64",24,36,5
198,4,Buffalo,2022,September,"$ 4,521.66",23,34,6
1635,4,Buffalo,2022,September,"$ 4,499.75",14,25,7
2008,4,Buffalo,2022,September,"$ 4,175.64",23,36,8
262,4,Buffalo,2022,September,"$ 4,079.52",30,48,9
119,4,Buffalo,2022,September,"$ 3,968.58",28,42,10
1594,4,Buffalo,2022,October,"$ 5,744.00",9,16,1
201,4,Buffalo,2022,October,"$ 4,939.62",25,38,2
149,4,Buffalo,2022,October,"$ 4,624.63",26,37,3
1593,4,Buffalo,2022,October,"$ 4,180.00",12,20,4
198,4,Buffalo,2022,October,"$ 4,122.69",21,31,5
206,4,Buffalo,2022,October,"$ 3,874.75",16,25,6
242,4,Buffalo,2022,October,"$ 3,849.65",24,35,7
158,4,Buffalo,2022,October,"$ 3,779.58",27,42,8
204,4,Buffalo,2022,October,"$ 3,653.71",18,29,9
2007,4,Buffalo,2022,October,"$ 3,626.69",20,31,10
1594,4,Buffalo,2022,November,"$ 5,744.00",10,16,1
204,4,Buffalo,2022,November,"$ 4,283.66",21,34,2
206,4,Buffalo,2022,November,"$ 4,029.74",16,26,3
172,4,Buffalo,2022,November,"$ 3,989.58",29,42,4
1551,4,Buffalo,2022,November,"$ 3,909.15",11,17,5
265,4,Buffalo,2022,November,"$ 3,899.61",26,39,6
183,4,Buffalo,2022,November,"$ 3,799.62",24,38,7
168,4,Buffalo,2022,November,"$ 3,799.62",24,38,8
212,4,Buffalo,2022,November,"$ 3,773.66",22,34,9
201,4,Buffalo,2022,November,"$ 3,509.73",17,27,10
1594,4,Buffalo,2022,December,"$ 7,898.00",15,22,1
1551,4,Buffalo,2022,December,"$ 6,668.55",18,29,2
149,4,Buffalo,2022,December,"$ 5,624.55",28,45,3
115,4,Buffalo,2022,December,"$ 5,607.56",31,49,4
106,4,Buffalo,2022,December,"$ 5,264.24",28,46,5
1592,4,Buffalo,2022,December,"$ 4,914.00",17,26,6
1552,4,Buffalo,2022,December,"$ 4,749.05",13,19,7
109,4,Buffalo,2022,December,"$ 4,692.04",26,41,8
201,4,Buffalo,2022,December,"$ 4,679.64",22,36,9
204,4,Buffalo,2022,December,"$ 4,661.63",22,37,10
206,4,Buffalo,2023,January,"$ 5,424.65",23,35,1
201,4,Buffalo,2023,January,"$ 5,069.61",26,39,2
109,4,Buffalo,2023,January,"$ 4,920.92",29,43,3
2006,4,Buffalo,2023,January,"$ 4,836.21",28,43,4
1594,4,Buffalo,2023,January,"$ 4,667.00",8,13,5
176,4,Buffalo,2023,January,"$ 4,299.57",26,43,6
149,4,Buffalo,2023,January,"$ 4,249.66",26,34,7
242,4,Buffalo,2023,January,"$ 4,179.62",26,38,8
185,4,Buffalo,2023,January,"$ 3,849.65",23,35,9
204,4,Buffalo,2023,January,"$ 3,779.70",21,30,10
1594,4,Buffalo,2023,Febuary,"$ 6,821.00",10,19,1
1552,4,Buffalo,2023,Febuary,"$ 4,749.05",12,19,2
1645,4,Buffalo,2023,Febuary,"$ 4,296.00",16,24,3
115,4,Buffalo,2023,Febuary,"$ 3,776.52",21,33,4
168,4,Buffalo,2023,Febuary,"$ 3,599.64",25,36,5
173,4,Buffalo,2023,Febuary,"$ 3,595.69",21,31,6
198,4,Buffalo,2023,Febuary,"$ 3,590.73",18,27,7
1584,4,Buffalo,2023,Febuary,"$ 3,475.00",17,25,8
201,4,Buffalo,2023,Febuary,"$ 3,379.74",18,26,9
135,4,Buffalo,2023,Febuary,"$ 3,292.63",24,37,10
206,4,Buffalo,2023,March,"$ 4,804.69",21,31,1
1594,4,Buffalo,2023,March,"$ 4,667.00",9,13,2
201,4,Buffalo,2023,March,"$ 4,289.67",20,33,3
265,4,Buffalo,2023,March,"$ 3,999.60",21,40,4
115,4,Buffalo,2023,March,"$ 3,776.52",22,33,5
250,4,Buffalo,2023,March,"$ 3,626.61",27,39,6
149,4,Buffalo,2023,March,"$ 3,624.71",19,29,7
1596,4,Buffalo,2023,March,"$ 3,599.80",13,20,8
2010,4,Buffalo,2023,March,"$ 3,299.67",22,33,9
179,4,Buffalo,2023,March,"$ 3,263.66",24,34,10
1594,4,Buffalo,2023,April,"$ 5,385.00",10,15,1
197,4,Buffalo,2023,April,"$ 5,087.52",33,48,2
206,4,Buffalo,2023,April,"$ 4,959.68",21,32,3
1634,4,Buffalo,2023,April,"$ 4,199.72",18,28,4
185,4,Buffalo,2023,April,"$ 4,179.62",27,38,5
1552,4,Buffalo,2023,April,"$ 3,999.20",11,16,6
201,4,Buffalo,2023,April,"$ 3,769.71",20,29,7
3,4,Buffalo,2023,April,"$ 3,654.14",30,43,8
2007,4,Buffalo,2023,April,"$ 3,626.69",19,31,9
2006,4,Buffalo,2023,April,"$ 3,599.04",20,32,10
173,4,Buffalo,2023,May,"$ 6,147.47",36,53,1
109,4,Buffalo,2023,May,"$ 4,577.60",24,40,2
206,4,Buffalo,2023,May,"$ 4,339.72",19,28,3
1594,4,Buffalo,2023,May,"$ 4,308.00",8,12,4
135,4,Buffalo,2023,May,"$ 4,004.55",29,45,5
1551,4,Buffalo,2023,May,"$ 3,909.15",13,17,6
201,4,Buffalo,2023,May,"$ 3,899.70",22,30,7
204,4,Buffalo,2023,May,"$ 3,779.70",19,30,8
2,4,Buffalo,2023,May,"$ 3,618.53",30,47,9
2009,4,Buffalo,2023,May,"$ 3,599.64",22,36,10
1594,4,Buffalo,2023,June,"$ 6,103.00",11,17,1
106,4,Buffalo,2023,June,"$ 4,692.04",25,41,2
149,4,Buffalo,2023,June,"$ 4,499.64",23,36,3
1592,4,Buffalo,2023,June,"$ 4,158.00",16,22,4
152,4,Buffalo,2023,June,"$ 4,099.59",27,41,5
206,4,Buffalo,2023,June,"$ 4,029.74",16,26,6
173,4,Buffalo,2023,June,"$ 3,943.66",23,34,7
179,4,Buffalo,2023,June,"$ 3,839.60",26,40,8
172,4,Buffalo,2023,June,"$ 3,799.60",26,40,9
1593,4,Buffalo,2023,June,"$ 3,762.00",12,18,10
1594,4,Buffalo,2023,July,"$ 6,821.00",12,19,1
1572,4,Buffalo,2023,July,"$ 4,833.00",19,27,2
1552,4,Buffalo,2023,July,"$ 4,749.05",12,19,3
123,4,Buffalo,2023,July,"$ 4,654.51",32,49,4
185,4,Buffalo,2023,July,"$ 4,509.59",29,41,5
206,4,Buffalo,2023,July,"$ 4,494.71",20,29,6
112,4,Buffalo,2023,July,"$ 4,299.36",24,39,7
181,4,Buffalo,2023,July,"$ 4,127.57",28,43,8
265,4,Buffalo,2023,July,"$ 3,999.60",25,40,9
2008,4,Buffalo,2023,July,"$ 3,943.66",21,34,10
1594,4,Buffalo,2023,August,"$ 7,539.00",11,21,1
206,4,Buffalo,2023,August,"$ 5,734.63",24,37,2
242,4,Buffalo,2023,August,"$ 4,619.58",24,42,3
125,4,Buffalo,2023,August,"$ 4,464.53",30,47,4
173,4,Buffalo,2023,August,"$ 4,407.62",24,38,5
204,4,Buffalo,2023,August,"$ 3,905.69",21,31,6
160,4,Buffalo,2023,August,"$ 3,779.58",27,42,7
201,4,Buffalo,2023,August,"$ 3,769.71",15,29,8
1645,4,Buffalo,2023,August,"$ 3,759.00",13,21,9
221,4,Buffalo,2023,August,"$ 3,723.51",31,49,10
1594,4,Buffalo,2023,September,"$ 7,180.00",13,20,1
1635,4,Buffalo,2023,September,"$ 4,859.73",14,27,2
206,4,Buffalo,2023,September,"$ 4,804.69",19,31,3
1572,4,Buffalo,2023,September,"$ 4,475.00",16,25,4
1593,4,Buffalo,2023,September,"$ 3,762.00",11,18,5
160,4,Buffalo,2023,September,"$ 3,509.61",23,39,6
1552,4,Buffalo,2023,September,"$ 3,499.30",9,14,7
185,4,Buffalo,2023,September,"$ 3,409.69",20,31,8
112,4,Buffalo,2023,September,"$ 3,307.20",21,30,9
115,4,Buffalo,2023,September,"$ 3,204.32",18,28,10
1594,4,Buffalo,2023,October,"$ 5,744.00",11,16,1
1551,4,Buffalo,2023,October,"$ 4,828.95",13,21,2
1595,4,Buffalo,2023,October,"$ 4,349.71",19,29,3
206,4,Buffalo,2023,October,"$ 4,339.72",21,28,4
115,4,Buffalo,2023,October,"$ 4,234.28",24,37,5
201,4,Buffalo,2023,October,"$ 4,029.69",20,31,6
1552,4,Buffalo,2023,October,"$ 3,999.20",11,16,7
212,4,Buffalo,2023,October,"$ 3,995.64",21,36,8
242,4,Buffalo,2023,October,"$ 3,959.64",26,36,9
176,4,Buffalo,2023,October,"$ 3,799.62",26,38,10
206,4,Buffalo,2023,November,"$ 4,339.72",17,28,1
183,4,Buffalo,2023,November,"$ 4,299.57",27,43,2
1594,4,Buffalo,2023,November,"$ 3,949.00",8,11,3
2007,4,Buffalo,2023,November,"$ 3,392.71",18,29,4
158,4,Buffalo,2023,November,"$ 3,149.65",21,35,5
18,4,Buffalo,2023,November,"$ 3,144.26",23,37,6
1593,4,Buffalo,2023,November,"$ 3,135.00",10,15,7
2008,4,Buffalo,2023,November,"$ 3,131.73",18,27,8
149,4,Buffalo,2023,November,"$ 3,124.75",16,25,9
164,4,Buffalo,2023,November,"$ 3,119.61",23,39,10
1594,4,Buffalo,2023,December,"$ 6,462.00",14,18,1
265,4,Buffalo,2023,December,"$ 5,699.43",36,57,2
121,4,Buffalo,2023,December,"$ 5,604.41",37,59,3
1593,4,Buffalo,2023,December,"$ 5,434.00",18,26,4
204,4,Buffalo,2023,December,"$ 5,291.58",28,42,5
2006,4,Buffalo,2023,December,"$ 5,286.09",32,47,6
112,4,Buffalo,2023,December,"$ 5,181.28",28,47,7
206,4,Buffalo,2023,December,"$ 4,959.68",21,32,8
198,4,Buffalo,2023,December,"$ 4,787.64",24,36,9
149,4,Buffalo,2023,December,"$ 4,624.63",23,37,10
1594,4,Buffalo,2024,January,"$ 6,103.00",10,17,1
172,4,Buffalo,2024,January,"$ 4,844.49",28,51,2
2006,4,Buffalo,2024,January,"$ 4,386.33",27,39,3
2007,4,Buffalo,2024,January,"$ 4,328.63",23,37,4
109,4,Buffalo,2024,January,"$ 4,234.28",25,37,5
1593,4,Buffalo,2024,January,"$ 4,180.00",10,20,6
106,4,Buffalo,2024,January,"$ 4,119.84",24,36,7
1552,4,Buffalo,2024,January,"$ 3,999.20",9,16,8
177,4,Buffalo,2024,January,"$ 3,989.62",23,38,9
271,4,Buffalo,2024,January,"$ 3,959.56",25,44,10
206,4,Buffalo,2024,Febuary,"$ 4,959.68",22,32,1
198,4,Buffalo,2024,Febuary,"$ 4,521.66",24,34,2
1594,4,Buffalo,2024,Febuary,"$ 4,308.00",7,12,3
1552,4,Buffalo,2024,Febuary,"$ 3,999.20",11,16,4
112,4,Buffalo,2024,Febuary,"$ 3,968.64",22,36,5
149,4,Buffalo,2024,Febuary,"$ 3,874.69",20,31,6
212,4,Buffalo,2024,Febuary,"$ 3,440.69",18,31,7
173,4,Buffalo,2024,Febuary,"$ 3,247.72",18,28,8
1645,4,Buffalo,2024,Febuary,"$ 3,222.00",11,18,9
106,4,Buffalo,2024,Febuary,"$ 3,204.32",20,28,10
206,4,Buffalo,2024,March,"$ 6,509.58",31,42,1
204,4,Buffalo,2024,March,"$ 5,795.54",28,46,2
1596,4,Buffalo,2024,March,"$ 4,859.73",18,27,3
106,4,Buffalo,2024,March,"$ 4,692.04",27,41,4
1594,4,Buffalo,2024,March,"$ 4,667.00",10,13,5
112,4,Buffalo,2024,March,"$ 4,630.08",27,42,6
149,4,Buffalo,2024,March,"$ 4,624.63",25,37,7
2007,4,Buffalo,2024,March,"$ 4,445.62",24,38,8
254,4,Buffalo,2024,March,"$ 4,091.56",29,44,9
201,4,Buffalo,2024,March,"$ 4,029.69",22,31,10
206,4,Buffalo,2024,April,"$ 5,269.66",20,34,1
1645,4,Buffalo,2024,April,"$ 5,012.00",17,28,2
168,4,Buffalo,2024,April,"$ 4,799.52",31,48,3
125,4,Buffalo,2024,April,"$ 4,654.51",31,49,4
149,4,Buffalo,2024,April,"$ 4,374.65",19,35,5
212,4,Buffalo,2024,April,"$ 4,217.62",27,38,6
201,4,Buffalo,2024,April,"$ 3,899.70",18,30,7
242,4,Buffalo,2024,April,"$ 3,849.65",25,35,8
14,4,Buffalo,2024,April,"$ 3,824.10",26,45,9
254,4,Buffalo,2024,April,"$ 3,812.59",28,41,10
2008,4,Buffalo,2024,May,"$ 4,987.57",27,43,1
206,4,Buffalo,2024,May,"$ 4,494.71",20,29,2
1552,4,Buffalo,2024,May,"$ 4,249.15",9,17,3
201,4,Buffalo,2024,May,"$ 4,029.69",21,31,4
212,4,Buffalo,2024,May,"$ 3,995.64",25,36,5
1593,4,Buffalo,2024,May,"$ 3,971.00",13,19,6
168,4,Buffalo,2024,May,"$ 3,899.61",23,39,7
149,4,Buffalo,2024,May,"$ 3,874.69",22,31,8
109,4,Buffalo,2024,May,"$ 3,776.52",24,33,9
117,4,Buffalo,2024,May,"$ 3,651.56",27,44,10
1594,4,Buffalo,2024,June,"$ 8,616.00",17,24,1
106,4,Buffalo,2024,June,"$ 4,463.16",23,39,2
1551,4,Buffalo,2024,June,"$ 4,369.05",11,19,3
198,4,Buffalo,2024,June,"$ 3,989.70",19,30,4
204,4,Buffalo,2024,June,"$ 3,905.69",21,31,5
1592,4,Buffalo,2024,June,"$ 3,780.00",12,20,6
1635,4,Buffalo,2024,June,"$ 3,779.79",13,21,7
271,4,Buffalo,2024,June,"$ 3,689.59",26,41,8
149,4,Buffalo,2024,June,"$ 3,624.71",20,29,9
173,4,Buffalo,2024,June,"$ 3,595.69",18,31,10
1594,4,Buffalo,2024,July,"$ 6,462.00",12,18,1
212,4,Buffalo,2024,July,"$ 4,661.58",28,42,2
206,4,Buffalo,2024,July,"$ 4,339.72",17,28,3
1592,4,Buffalo,2024,July,"$ 4,158.00",11,22,4
106,4,Buffalo,2024,July,"$ 4,119.84",21,36,5
177,4,Buffalo,2024,July,"$ 3,884.63",26,37,6
2008,4,Buffalo,2024,July,"$ 3,711.68",23,32,7
176,4,Buffalo,2024,July,"$ 3,599.64",22,36,8
2006,4,Buffalo,2024,July,"$ 3,486.57",18,31,9
12,4,Buffalo,2024,July,"$ 3,484.18",27,41,10
1594,4,Buffalo,2024,August,"$ 5,026.00",10,14,1
206,4,Buffalo,2024,August,"$ 4,959.68",23,32,2
1551,4,Buffalo,2024,August,"$ 4,599.00",13,20,3
211,4,Buffalo,2024,August,"$ 4,239.60",27,40,4
219,4,Buffalo,2024,August,"$ 3,847.63",25,37,5
1635,4,Buffalo,2024,August,"$ 3,779.79",16,21,6
67,4,Buffalo,2024,August,"$ 3,722.49",31,51,7
2006,4,Buffalo,2024,August,"$ 3,711.51",22,33,8
123,4,Buffalo,2024,August,"$ 3,704.61",24,39,9
168,4,Buffalo,2024,August,"$ 3,599.64",21,36,10
1552,4,Buffalo,2024,September,"$ 4,749.05",13,19,1
115,4,Buffalo,2024,September,"$ 4,692.04",27,41,2
168,4,Buffalo,2024,September,"$ 4,299.57",31,43,3
2006,4,Buffalo,2024,September,"$ 4,161.39",24,37,4
1572,4,Buffalo,2024,September,"$ 4,117.00",15,23,5
201,4,Buffalo,2024,September,"$ 4,029.69",20,31,6
181,4,Buffalo,2024,September,"$ 3,935.59",32,41,7
206,4,Buffalo,2024,September,"$ 3,874.75",16,25,8
1571,4,Buffalo,2024,September,"$ 3,816.00",16,24,9
2010,4,Buffalo,2024,September,"$ 3,799.62",22,38,10
1592,4,Buffalo,2024,October,"$ 5,292.00",18,28,1
206,4,Buffalo,2024,October,"$ 5,114.67",22,33,2
1594,4,Buffalo,2024,October,"$ 5,026.00",9,14,3
242,4,Buffalo,2024,October,"$ 4,839.56",30,44,4
106,4,Buffalo,2024,October,"$ 4,692.04",27,41,5
1551,4,Buffalo,2024,October,"$ 4,369.05",13,19,6
109,4,Buffalo,2024,October,"$ 4,348.72",25,38,7
149,4,Buffalo,2024,October,"$ 4,124.67",22,33,8
176,4,Buffalo,2024,October,"$ 4,099.59",26,41,9
219,4,Buffalo,2024,October,"$ 4,055.61",24,39,10
1594,4,Buffalo,2024,November,"$ 8,257.00",15,23,1
206,4,Buffalo,2024,November,"$ 5,269.66",23,34,2
198,4,Buffalo,2024,November,"$ 4,255.68",21,32,3
106,4,Buffalo,2024,November,"$ 4,005.40",26,35,4
2010,4,Buffalo,2024,November,"$ 3,999.60",24,40,5
183,4,Buffalo,2024,November,"$ 3,999.60",27,40,6
125,4,Buffalo,2024,November,"$ 3,799.60",25,40,7
2011,4,Buffalo,2024,November,"$ 3,773.63",23,37,8
173,4,Buffalo,2024,November,"$ 3,595.69",19,31,9
2008,4,Buffalo,2024,November,"$ 3,595.69",20,31,10
1552,4,Buffalo,2024,December,"$ 6,998.60",18,28,1
1594,4,Buffalo,2024,December,"$ 6,462.00",13,18,2
198,4,Buffalo,2024,December,"$ 5,984.55",27,45,3
1551,4,Buffalo,2024,December,"$ 5,978.70",15,26,4
2008,4,Buffalo,2024,December,"$ 5,103.56",27,44,5
149,4,Buffalo,2024,December,"$ 4,874.61",29,39,6
206,4,Buffalo,2024,December,"$ 4,804.69",19,31,7
168,4,Buffalo,2024,December,"$ 4,799.52",28,48,8
2001,4,Buffalo,2024,December,"$ 4,639.42",37,58,9
1572,4,Buffalo,2024,December,"$ 4,475.00",15,25,10
1645,5,Dayton,2019,January,"$ 2,864.00",10,16,1
1551,5,Dayton,2019,January,"$ 2,529.45",7,11,2
109,5,Dayton,2019,January,"$ 2,288.80",12,20,3
154,5,Dayton,2019,January,"$ 2,239.72",17,28,4
168,5,Dayton,2019,January,"$ 2,199.78",15,22,5
2009,5,Dayton,2019,January,"$ 2,099.79",15,21,6
242,5,Dayton,2019,January,"$ 2,089.81",11,19,7
60,5,Dayton,2019,January,"$ 2,043.72",19,28,8
206,5,Dayton,2019,January,"$ 2,014.87",9,13,9
1596,5,Dayton,2019,January,"$ 1,979.89",7,11,10
204,5,Dayton,2019,Febuary,"$ 3,023.76",16,24,1
206,5,Dayton,2019,Febuary,"$ 2,324.85",9,15,2
1593,5,Dayton,2019,Febuary,"$ 2,090.00",7,10,3
1572,5,Dayton,2019,Febuary,"$ 1,969.00",7,11,4
109,5,Dayton,2019,Febuary,"$ 1,945.48",11,17,5
246,5,Dayton,2019,Febuary,"$ 1,889.79",15,21,6
1595,5,Dayton,2019,Febuary,"$ 1,799.88",7,12,7
219,5,Dayton,2019,Febuary,"$ 1,767.83",13,17,8
250,5,Dayton,2019,Febuary,"$ 1,766.81",11,19,9
162,5,Dayton,2019,Febuary,"$ 1,709.81",12,19,10
1594,5,Dayton,2019,March,"$ 4,308.00",8,12,1
173,5,Dayton,2019,March,"$ 3,131.73",18,27,2
149,5,Dayton,2019,March,"$ 2,749.78",15,22,3
206,5,Dayton,2019,March,"$ 2,479.84",11,16,4
265,5,Dayton,2019,March,"$ 2,299.77",14,23,5
1593,5,Dayton,2019,March,"$ 2,299.00",9,11,6
9,5,Dayton,2019,March,"$ 2,232.42",16,29,7
1552,5,Dayton,2019,March,"$ 1,999.60",4,8,8
1596,5,Dayton,2019,March,"$ 1,979.89",7,11,9
1601,5,Dayton,2019,March,"$ 1,969.00",7,11,10
1594,5,Dayton,2019,April,"$ 2,872.00",5,8,1
1593,5,Dayton,2019,April,"$ 2,717.00",8,13,2
172,5,Dayton,2019,April,"$ 2,184.77",14,23,3
109,5,Dayton,2019,April,"$ 2,174.36",11,19,4
198,5,Dayton,2019,April,"$ 2,127.84",12,16,5
219,5,Dayton,2019,April,"$ 2,079.80",11,20,6
2006,5,Dayton,2019,April,"$ 2,024.46",12,18,7
197,5,Dayton,2019,April,"$ 1,907.82",12,18,8
125,5,Dayton,2019,April,"$ 1,899.80",13,20,9
242,5,Dayton,2019,April,"$ 1,869.83",9,17,10
1552,5,Dayton,2019,May,"$ 2,999.40",7,12,1
204,5,Dayton,2019,May,"$ 2,897.77",16,23,2
212,5,Dayton,2019,May,"$ 2,885.74",17,26,3
176,5,Dayton,2019,May,"$ 2,499.75",15,25,4
206,5,Dayton,2019,May,"$ 2,324.85",9,15,5
183,5,Dayton,2019,May,"$ 2,299.77",13,23,6
137,5,Dayton,2019,May,"$ 2,159.76",13,24,7
2007,5,Dayton,2019,May,"$ 2,105.82",12,18,8
201,5,Dayton,2019,May,"$ 2,079.84",11,16,9
2009,5,Dayton,2019,May,"$ 1,999.80",14,20,10
1552,5,Dayton,2019,June,"$ 2,999.40",6,12,1
1551,5,Dayton,2019,June,"$ 2,989.35",8,13,2
1594,5,Dayton,2019,June,"$ 2,872.00",5,8,3
176,5,Dayton,2019,June,"$ 2,699.73",17,27,4
198,5,Dayton,2019,June,"$ 2,526.81",12,19,5
1593,5,Dayton,2019,June,"$ 2,299.00",8,11,6
204,5,Dayton,2019,June,"$ 2,267.82",14,18,7
170,5,Dayton,2019,June,"$ 2,159.76",14,24,8
1572,5,Dayton,2019,June,"$ 2,148.00",7,12,9
177,5,Dayton,2019,June,"$ 2,099.80",13,20,10
198,5,Dayton,2019,July,"$ 3,191.76",15,24,1
1594,5,Dayton,2019,July,"$ 2,513.00",4,7,2
133,5,Dayton,2019,July,"$ 2,479.69",18,31,3
2008,5,Dayton,2019,July,"$ 2,435.79",13,21,4
1591,5,Dayton,2019,July,"$ 2,366.00",9,14,5
212,5,Dayton,2019,July,"$ 2,330.79",13,21,6
173,5,Dayton,2019,July,"$ 2,203.81",11,19,7
1595,5,Dayton,2019,July,"$ 2,099.86",9,14,8
1584,5,Dayton,2019,July,"$ 2,085.00",9,15,9
1551,5,Dayton,2019,July,"$ 2,069.55",6,9,10
121,5,Dayton,2019,August,"$ 2,279.76",15,24,1
204,5,Dayton,2019,August,"$ 2,267.82",14,18,2
2007,5,Dayton,2019,August,"$ 2,222.81",11,19,3
112,5,Dayton,2019,August,"$ 2,204.80",13,20,4
149,5,Dayton,2019,August,"$ 2,124.83",12,17,5
1595,5,Dayton,2019,August,"$ 2,099.86",9,14,6
176,5,Dayton,2019,August,"$ 2,099.79",11,21,7
215,5,Dayton,2019,August,"$ 2,079.74",16,26,8
1551,5,Dayton,2019,August,"$ 2,069.55",6,9,9
119,5,Dayton,2019,August,"$ 1,984.29",14,21,10
1594,5,Dayton,2019,September,"$ 2,872.00",6,8,1
173,5,Dayton,2019,September,"$ 2,435.79",17,21,2
168,5,Dayton,2019,September,"$ 2,399.76",18,24,3
212,5,Dayton,2019,September,"$ 2,108.81",12,19,4
17,5,Dayton,2019,September,"$ 1,954.54",15,23,5
109,5,Dayton,2019,September,"$ 1,945.48",12,17,6
181,5,Dayton,2019,September,"$ 1,919.80",11,20,7
164,5,Dayton,2019,September,"$ 1,919.76",16,24,8
204,5,Dayton,2019,September,"$ 1,889.85",11,15,9
219,5,Dayton,2019,September,"$ 1,871.82",12,18,10
1594,5,Dayton,2019,October,"$ 4,667.00",8,13,1
206,5,Dayton,2019,October,"$ 2,944.81",12,19,2
198,5,Dayton,2019,October,"$ 2,792.79",14,21,3
1551,5,Dayton,2019,October,"$ 2,759.40",7,12,4
158,5,Dayton,2019,October,"$ 2,429.73",17,27,5
1593,5,Dayton,2019,October,"$ 2,299.00",7,11,6
212,5,Dayton,2019,October,"$ 2,219.80",13,20,7
1552,5,Dayton,2019,October,"$ 1,999.60",4,8,8
269,5,Dayton,2019,October,"$ 1,949.74",17,26,9
2011,5,Dayton,2019,October,"$ 1,937.81",13,19,10
1594,5,Dayton,2019,November,"$ 2,513.00",5,7,1
181,5,Dayton,2019,November,"$ 1,919.80",14,20,2
119,5,Dayton,2019,November,"$ 1,889.80",13,20,3
149,5,Dayton,2019,November,"$ 1,874.85",9,15,4
14,5,Dayton,2019,November,"$ 1,869.56",14,22,5
1999,5,Dayton,2019,November,"$ 1,839.77",13,23,6
2,5,Dayton,2019,November,"$ 1,770.77",15,23,7
1998,5,Dayton,2019,November,"$ 1,737.78",13,22,8
206,5,Dayton,2019,November,"$ 1,704.89",6,11,9
1543,5,Dayton,2019,November,"$ 1,680.00",8,14,10
206,5,Dayton,2019,December,"$ 4,804.69",19,31,1
219,5,Dayton,2019,December,"$ 3,327.68",22,32,2
1594,5,Dayton,2019,December,"$ 3,231.00",7,9,3
121,5,Dayton,2019,December,"$ 3,039.68",22,32,4
2014,5,Dayton,2019,December,"$ 2,889.66",22,34,5
204,5,Dayton,2019,December,"$ 2,771.78",16,22,6
156,5,Dayton,2019,December,"$ 2,699.73",17,27,7
149,5,Dayton,2019,December,"$ 2,624.79",16,21,8
2003,5,Dayton,2019,December,"$ 2,572.69",21,31,9
1986,5,Dayton,2019,December,"$ 2,479.36",19,32,10
106,5,Dayton,2020,January,"$ 3,547.64",19,31,1
204,5,Dayton,2020,January,"$ 3,149.75",16,25,2
1592,5,Dayton,2020,January,"$ 2,835.00",9,15,3
242,5,Dayton,2020,January,"$ 2,749.75",17,25,4
1551,5,Dayton,2020,January,"$ 2,529.45",6,11,5
109,5,Dayton,2020,January,"$ 2,517.68",13,22,6
149,5,Dayton,2020,January,"$ 2,499.80",14,20,7
164,5,Dayton,2020,January,"$ 2,479.69",19,31,8
119,5,Dayton,2020,January,"$ 2,456.74",14,26,9
2008,5,Dayton,2020,January,"$ 2,435.79",12,21,10
1594,5,Dayton,2020,Febuary,"$ 3,949.00",8,11,1
2007,5,Dayton,2020,Febuary,"$ 3,041.74",18,26,2
1552,5,Dayton,2020,Febuary,"$ 2,999.40",7,12,3
211,5,Dayton,2020,Febuary,"$ 2,755.74",17,26,4
109,5,Dayton,2020,Febuary,"$ 2,517.68",16,22,5
212,5,Dayton,2020,Febuary,"$ 2,441.78",16,22,6
1635,5,Dayton,2020,Febuary,"$ 2,339.87",8,13,7
1645,5,Dayton,2020,Febuary,"$ 2,327.00",7,13,8
2011,5,Dayton,2020,Febuary,"$ 2,243.78",14,22,9
185,5,Dayton,2020,Febuary,"$ 2,199.80",15,20,10
1551,5,Dayton,2020,March,"$ 3,449.25",9,15,1
204,5,Dayton,2020,March,"$ 3,023.76",15,24,2
158,5,Dayton,2020,March,"$ 2,879.68",21,32,3
1645,5,Dayton,2020,March,"$ 2,864.00",10,16,4
135,5,Dayton,2020,March,"$ 2,847.68",21,32,5
219,5,Dayton,2020,March,"$ 2,599.75",17,25,6
2009,5,Dayton,2020,March,"$ 2,599.74",18,26,7
1594,5,Dayton,2020,March,"$ 2,513.00",5,7,8
201,5,Dayton,2020,March,"$ 2,469.81",11,19,9
2007,5,Dayton,2020,March,"$ 2,456.79",15,21,10
1552,5,Dayton,2020,April,"$ 3,499.30",9,14,1
198,5,Dayton,2020,April,"$ 3,058.77",14,23,2
160,5,Dayton,2020,April,"$ 2,879.68",18,32,3
179,5,Dayton,2020,April,"$ 2,783.71",18,29,4
219,5,Dayton,2020,April,"$ 2,703.74",16,26,5
212,5,Dayton,2020,April,"$ 2,441.78",13,22,6
177,5,Dayton,2020,April,"$ 2,414.77",14,23,7
204,5,Dayton,2020,April,"$ 2,393.81",12,19,8
265,5,Dayton,2020,April,"$ 2,299.77",14,23,9
262,5,Dayton,2020,April,"$ 2,209.74",17,26,10
149,5,Dayton,2020,May,"$ 3,124.75",16,25,1
206,5,Dayton,2020,May,"$ 2,789.82",12,18,2
1552,5,Dayton,2020,May,"$ 2,749.45",7,11,3
219,5,Dayton,2020,May,"$ 2,599.75",15,25,4
198,5,Dayton,2020,May,"$ 2,526.81",14,19,5
106,5,Dayton,2020,May,"$ 2,403.24",14,21,6
1635,5,Dayton,2020,May,"$ 2,339.87",9,13,7
1645,5,Dayton,2020,May,"$ 2,327.00",9,13,8
173,5,Dayton,2020,May,"$ 2,319.80",13,20,9
152,5,Dayton,2020,May,"$ 2,299.77",14,23,10
1594,5,Dayton,2020,June,"$ 2,872.00",6,8,1
149,5,Dayton,2020,June,"$ 2,749.78",15,22,2
1551,5,Dayton,2020,June,"$ 2,529.45",7,11,3
1552,5,Dayton,2020,June,"$ 2,499.50",7,10,4
251,5,Dayton,2020,June,"$ 2,417.74",17,26,5
198,5,Dayton,2020,June,"$ 2,393.82",12,18,6
206,5,Dayton,2020,June,"$ 2,324.85",10,15,7
211,5,Dayton,2020,June,"$ 2,225.79",13,21,8
1591,5,Dayton,2020,June,"$ 2,197.00",7,13,9
246,5,Dayton,2020,June,"$ 2,159.76",13,24,10
1552,5,Dayton,2020,July,"$ 4,499.10",12,18,1
168,5,Dayton,2020,July,"$ 3,099.69",18,31,2
197,5,Dayton,2020,July,"$ 2,967.72",20,28,3
2008,5,Dayton,2020,July,"$ 2,899.75",14,25,4
2007,5,Dayton,2020,July,"$ 2,807.76",15,24,5
212,5,Dayton,2020,July,"$ 2,774.75",16,25,6
119,5,Dayton,2020,July,"$ 2,740.21",18,29,7
1593,5,Dayton,2020,July,"$ 2,717.00",9,13,8
211,5,Dayton,2020,July,"$ 2,649.75",16,25,9
201,5,Dayton,2020,July,"$ 2,599.80",13,20,10
204,5,Dayton,2020,August,"$ 3,401.73",17,27,1
149,5,Dayton,2020,August,"$ 3,124.75",17,25,2
1594,5,Dayton,2020,August,"$ 2,872.00",4,8,3
219,5,Dayton,2020,August,"$ 2,807.73",15,27,4
2008,5,Dayton,2020,August,"$ 2,783.76",14,24,5
2007,5,Dayton,2020,August,"$ 2,690.77",17,23,6
1551,5,Dayton,2020,August,"$ 2,529.45",7,11,7
198,5,Dayton,2020,August,"$ 2,526.81",16,19,8
185,5,Dayton,2020,August,"$ 2,419.78",16,22,9
1591,5,Dayton,2020,August,"$ 2,366.00",10,14,10
1552,5,Dayton,2020,September,"$ 4,249.15",10,17,1
1594,5,Dayton,2020,September,"$ 3,949.00",6,11,2
106,5,Dayton,2020,September,"$ 2,861.00",14,25,3
204,5,Dayton,2020,September,"$ 2,771.78",15,22,4
206,5,Dayton,2020,September,"$ 2,634.83",13,17,5
265,5,Dayton,2020,September,"$ 2,599.74",15,26,6
212,5,Dayton,2020,September,"$ 2,552.77",14,23,7
198,5,Dayton,2020,September,"$ 2,526.81",14,19,8
2002,5,Dayton,2020,September,"$ 2,406.71",21,29,9
119,5,Dayton,2020,September,"$ 2,362.25",15,25,10
198,5,Dayton,2020,October,"$ 3,191.76",15,24,1
1644,5,Dayton,2020,October,"$ 2,682.00",10,18,2
200,5,Dayton,2020,October,"$ 2,541.69",21,31,3
1600,5,Dayton,2020,October,"$ 2,533.00",11,17,4
162,5,Dayton,2020,October,"$ 2,249.75",15,25,5
242,5,Dayton,2020,October,"$ 2,199.80",12,20,6
183,5,Dayton,2020,October,"$ 2,199.78",14,22,7
106,5,Dayton,2020,October,"$ 2,174.36",11,19,8
1594,5,Dayton,2020,October,"$ 2,154.00",5,6,9
176,5,Dayton,2020,October,"$ 2,099.79",16,21,10
1593,5,Dayton,2020,November,"$ 3,762.00",11,18,1
183,5,Dayton,2020,November,"$ 3,299.67",22,33,2
149,5,Dayton,2020,November,"$ 3,249.74",17,26,3
1592,5,Dayton,2020,November,"$ 3,213.00",11,17,4
1635,5,Dayton,2020,November,"$ 3,059.83",10,17,5
177,5,Dayton,2020,November,"$ 3,044.71",17,29,6
219,5,Dayton,2020,November,"$ 2,911.72",19,28,7
206,5,Dayton,2020,November,"$ 2,789.82",12,18,8
198,5,Dayton,2020,November,"$ 2,659.80",13,20,9
1551,5,Dayton,2020,November,"$ 2,529.45",6,11,10
109,5,Dayton,2020,December,"$ 3,318.76",18,29,1
212,5,Dayton,2020,December,"$ 3,218.71",16,29,2
206,5,Dayton,2020,December,"$ 3,099.80",13,20,3
176,5,Dayton,2020,December,"$ 2,799.72",16,28,4
211,5,Dayton,2020,December,"$ 2,755.74",17,26,5
149,5,Dayton,2020,December,"$ 2,749.78",17,22,6
1552,5,Dayton,2020,December,"$ 2,749.45",8,11,7
7,5,Dayton,2020,December,"$ 2,719.36",22,32,8
204,5,Dayton,2020,December,"$ 2,645.79",12,21,9
152,5,Dayton,2020,December,"$ 2,599.74",15,26,10
1552,5,Dayton,2021,January,"$ 2,999.40",7,12,1
1594,5,Dayton,2021,January,"$ 2,872.00",6,8,2
2009,5,Dayton,2021,January,"$ 2,699.73",17,27,3
173,5,Dayton,2021,January,"$ 2,551.78",15,22,4
227,5,Dayton,2021,January,"$ 2,459.70",19,30,5
185,5,Dayton,2021,January,"$ 2,419.78",15,22,6
204,5,Dayton,2021,January,"$ 2,267.82",12,18,7
212,5,Dayton,2021,January,"$ 2,219.80",13,20,8
2014,5,Dayton,2021,January,"$ 2,209.74",14,26,9
206,5,Dayton,2021,January,"$ 2,169.86",10,14,10
1594,5,Dayton,2021,Febuary,"$ 2,872.00",5,8,1
2008,5,Dayton,2021,Febuary,"$ 2,667.77",14,23,2
1645,5,Dayton,2021,Febuary,"$ 2,327.00",7,13,3
2010,5,Dayton,2021,Febuary,"$ 2,099.79",13,21,4
1551,5,Dayton,2021,Febuary,"$ 2,069.55",6,9,5
206,5,Dayton,2021,Febuary,"$ 2,014.87",9,13,6
152,5,Dayton,2021,Febuary,"$ 1,999.80",13,20,7
109,5,Dayton,2021,Febuary,"$ 1,945.48",12,17,8
154,5,Dayton,2021,Febuary,"$ 1,919.76",14,24,9
156,5,Dayton,2021,Febuary,"$ 1,899.81",11,19,10
2007,5,Dayton,2021,March,"$ 2,573.78",14,22,1
1552,5,Dayton,2021,March,"$ 2,249.55",7,9,2
206,5,Dayton,2021,March,"$ 2,169.86",10,14,3
1601,5,Dayton,2021,March,"$ 2,148.00",7,12,4
1645,5,Dayton,2021,March,"$ 2,148.00",7,12,5
112,5,Dayton,2021,March,"$ 2,094.56",14,19,6
1551,5,Dayton,2021,March,"$ 2,069.55",5,9,7
109,5,Dayton,2021,March,"$ 2,059.92",12,18,8
177,5,Dayton,2021,March,"$ 1,994.81",10,19,9
2011,5,Dayton,2021,March,"$ 1,937.81",11,19,10
201,5,Dayton,2021,April,"$ 3,249.75",14,25,1
206,5,Dayton,2021,April,"$ 2,944.81",12,19,2
2009,5,Dayton,2021,April,"$ 2,699.73",16,27,3
247,5,Dayton,2021,April,"$ 2,699.70",17,30,4
1600,5,Dayton,2021,April,"$ 2,533.00",10,17,5
1551,5,Dayton,2021,April,"$ 2,529.45",7,11,6
1594,5,Dayton,2021,April,"$ 2,513.00",5,7,7
109,5,Dayton,2021,April,"$ 2,288.80",13,20,8
170,5,Dayton,2021,April,"$ 2,249.75",16,25,9
1552,5,Dayton,2021,April,"$ 2,249.55",6,9,10
1551,5,Dayton,2021,May,"$ 3,449.25",9,15,1
206,5,Dayton,2021,May,"$ 3,409.78",14,22,2
177,5,Dayton,2021,May,"$ 3,044.71",19,29,3
1552,5,Dayton,2021,May,"$ 2,999.40",7,12,4
185,5,Dayton,2021,May,"$ 2,309.79",13,21,5
204,5,Dayton,2021,May,"$ 2,267.82",12,18,6
16,5,Dayton,2021,May,"$ 2,124.50",16,25,7
2007,5,Dayton,2021,May,"$ 2,105.82",12,18,8
1644,5,Dayton,2021,May,"$ 2,086.00",9,14,9
109,5,Dayton,2021,May,"$ 2,059.92",11,18,10
1594,5,Dayton,2021,June,"$ 3,231.00",6,9,1
201,5,Dayton,2021,June,"$ 2,599.80",12,20,2
173,5,Dayton,2021,June,"$ 2,435.79",14,21,3
109,5,Dayton,2021,June,"$ 2,403.24",12,21,4
181,5,Dayton,2021,June,"$ 2,207.77",14,23,5
206,5,Dayton,2021,June,"$ 2,169.86",10,14,6
1645,5,Dayton,2021,June,"$ 2,148.00",9,12,7
2013,5,Dayton,2021,June,"$ 2,124.75",16,25,8
170,5,Dayton,2021,June,"$ 1,979.78",15,22,9
197,5,Dayton,2021,June,"$ 1,907.82",11,18,10
1552,5,Dayton,2021,July,"$ 3,749.25",10,15,1
198,5,Dayton,2021,July,"$ 2,792.79",14,21,2
1594,5,Dayton,2021,July,"$ 2,513.00",4,7,3
2007,5,Dayton,2021,July,"$ 2,339.80",13,20,4
2010,5,Dayton,2021,July,"$ 2,299.77",15,23,5
2009,5,Dayton,2021,July,"$ 2,299.77",15,23,6
115,5,Dayton,2021,July,"$ 2,288.80",14,20,7
210,5,Dayton,2021,July,"$ 2,239.68",19,32,8
106,5,Dayton,2021,July,"$ 2,174.36",12,19,9
112,5,Dayton,2021,July,"$ 2,094.56",13,19,10
2008,5,Dayton,2021,August,"$ 2,899.75",17,25,1
204,5,Dayton,2021,August,"$ 2,771.78",14,22,2
1551,5,Dayton,2021,August,"$ 2,529.45",7,11,3
17,5,Dayton,2021,August,"$ 2,379.44",19,28,4
265,5,Dayton,2021,August,"$ 2,299.77",15,23,5
112,5,Dayton,2021,August,"$ 2,204.80",11,20,6
168,5,Dayton,2021,August,"$ 2,199.78",14,22,7
106,5,Dayton,2021,August,"$ 2,174.36",14,19,8
1645,5,Dayton,2021,August,"$ 2,148.00",7,12,9
212,5,Dayton,2021,August,"$ 2,108.81",11,19,10
1645,5,Dayton,2021,September,"$ 2,685.00",8,15,1
201,5,Dayton,2021,September,"$ 2,599.80",14,20,2
1551,5,Dayton,2021,September,"$ 2,529.45",6,11,3
1594,5,Dayton,2021,September,"$ 2,513.00",4,7,4
254,5,Dayton,2021,September,"$ 2,417.74",16,26,5
121,5,Dayton,2021,September,"$ 2,374.75",17,25,6
212,5,Dayton,2021,September,"$ 2,219.80",12,20,7
211,5,Dayton,2021,September,"$ 2,119.80",13,20,8
115,5,Dayton,2021,September,"$ 2,059.92",12,18,9
11,5,Dayton,2021,September,"$ 1,975.48",16,26,10
1594,5,Dayton,2021,October,"$ 3,590.00",5,10,1
1593,5,Dayton,2021,October,"$ 2,717.00",7,13,2
206,5,Dayton,2021,October,"$ 2,479.84",12,16,3
201,5,Dayton,2021,October,"$ 2,469.81",11,19,4
152,5,Dayton,2021,October,"$ 2,199.78",15,22,5
18,5,Dayton,2021,October,"$ 2,124.50",16,25,6
242,5,Dayton,2021,October,"$ 2,089.81",13,19,7
1600,5,Dayton,2021,October,"$ 2,086.00",9,14,8
265,5,Dayton,2021,October,"$ 1,999.80",14,20,9
198,5,Dayton,2021,October,"$ 1,994.85",9,15,10
106,5,Dayton,2021,November,"$ 3,318.76",17,29,1
1594,5,Dayton,2021,November,"$ 2,872.00",6,8,2
204,5,Dayton,2021,November,"$ 2,645.79",13,21,3
1596,5,Dayton,2021,November,"$ 2,339.87",8,13,4
2006,5,Dayton,2021,November,"$ 2,249.40",13,20,5
1600,5,Dayton,2021,November,"$ 2,235.00",9,15,6
200,5,Dayton,2021,November,"$ 2,213.73",15,27,7
177,5,Dayton,2021,November,"$ 2,099.80",13,20,8
112,5,Dayton,2021,November,"$ 2,094.56",12,19,9
185,5,Dayton,2021,November,"$ 2,089.81",12,19,10
2007,5,Dayton,2021,December,"$ 3,626.69",21,31,1
1592,5,Dayton,2021,December,"$ 3,402.00",12,18,2
115,5,Dayton,2021,December,"$ 3,318.76",19,29,3
2010,5,Dayton,2021,December,"$ 3,199.68",22,32,4
1594,5,Dayton,2021,December,"$ 2,872.00",5,8,5
1551,5,Dayton,2021,December,"$ 2,759.40",8,12,6
123,5,Dayton,2021,December,"$ 2,754.71",18,29,7
1552,5,Dayton,2021,December,"$ 2,749.45",7,11,8
2008,5,Dayton,2021,December,"$ 2,551.78",13,22,9
197,5,Dayton,2021,December,"$ 2,543.76",14,24,10
1594,5,Dayton,2022,January,"$ 3,590.00",6,10,1
1552,5,Dayton,2022,January,"$ 2,749.45",6,11,2
106,5,Dayton,2022,January,"$ 2,632.12",14,23,3
168,5,Dayton,2022,January,"$ 2,599.74",18,26,4
206,5,Dayton,2022,January,"$ 2,324.85",11,15,5
247,5,Dayton,2022,January,"$ 2,249.75",17,25,6
197,5,Dayton,2022,January,"$ 2,225.79",14,21,7
1626,5,Dayton,2022,January,"$ 2,191.20",11,16,8
112,5,Dayton,2022,January,"$ 2,094.56",12,19,9
137,5,Dayton,2022,January,"$ 2,069.77",15,23,10
1594,5,Dayton,2022,Febuary,"$ 2,872.00",5,8,1
2007,5,Dayton,2022,Febuary,"$ 2,807.76",16,24,2
1644,5,Dayton,2022,Febuary,"$ 2,682.00",10,18,3
149,5,Dayton,2022,Febuary,"$ 2,624.79",16,21,4
1571,5,Dayton,2022,Febuary,"$ 2,385.00",9,15,5
1551,5,Dayton,2022,Febuary,"$ 2,299.50",6,10,6
160,5,Dayton,2022,Febuary,"$ 2,249.75",15,25,7
197,5,Dayton,2022,Febuary,"$ 2,119.80",13,20,8
201,5,Dayton,2022,Febuary,"$ 2,079.84",9,16,9
177,5,Dayton,2022,Febuary,"$ 1,994.81",12,19,10
206,5,Dayton,2022,March,"$ 3,254.79",13,21,1
198,5,Dayton,2022,March,"$ 3,191.76",17,24,2
1628,5,Dayton,2022,March,"$ 2,599.00",12,20,3
149,5,Dayton,2022,March,"$ 2,374.81",15,19,4
2006,5,Dayton,2022,March,"$ 2,361.87",12,21,5
2009,5,Dayton,2022,March,"$ 2,299.77",15,23,6
247,5,Dayton,2022,March,"$ 2,249.75",16,25,7
137,5,Dayton,2022,March,"$ 2,249.75",15,25,8
115,5,Dayton,2022,March,"$ 2,174.36",12,19,9
1594,5,Dayton,2022,March,"$ 2,154.00",4,6,10
1594,5,Dayton,2022,April,"$ 3,590.00",5,10,1
201,5,Dayton,2022,April,"$ 2,729.79",12,21,2
1596,5,Dayton,2022,April,"$ 2,339.87",8,13,3
156,5,Dayton,2022,April,"$ 2,299.77",13,23,4
1551,5,Dayton,2022,April,"$ 2,299.50",7,10,5
204,5,Dayton,2022,April,"$ 2,141.83",11,17,6
179,5,Dayton,2022,April,"$ 2,111.78",13,22,7
206,5,Dayton,2022,April,"$ 2,014.87",9,13,8
112,5,Dayton,2022,April,"$ 1,984.32",10,18,9
1572,5,Dayton,2022,April,"$ 1,969.00",6,11,10
198,5,Dayton,2022,May,"$ 3,324.75",16,25,1
1593,5,Dayton,2022,May,"$ 2,926.00",9,14,2
242,5,Dayton,2022,May,"$ 2,639.76",15,24,3
201,5,Dayton,2022,May,"$ 2,599.80",13,20,4
2011,5,Dayton,2022,May,"$ 2,549.75",17,25,5
173,5,Dayton,2022,May,"$ 2,435.79",12,21,6
2008,5,Dayton,2022,May,"$ 2,435.79",16,21,7
2002,5,Dayton,2022,May,"$ 2,406.71",19,29,8
206,5,Dayton,2022,May,"$ 2,324.85",10,15,9
152,5,Dayton,2022,May,"$ 2,299.77",16,23,10
109,5,Dayton,2022,June,"$ 2,746.56",16,24,1
212,5,Dayton,2022,June,"$ 2,663.76",16,24,2
1592,5,Dayton,2022,June,"$ 2,646.00",9,14,3
1552,5,Dayton,2022,June,"$ 2,499.50",6,10,4
185,5,Dayton,2022,June,"$ 2,309.79",13,21,5
2006,5,Dayton,2022,June,"$ 2,136.93",15,19,6
168,5,Dayton,2022,June,"$ 2,099.79",13,21,7
242,5,Dayton,2022,June,"$ 2,089.81",13,19,8
251,5,Dayton,2022,June,"$ 2,045.78",16,22,9
2012,5,Dayton,2022,June,"$ 1,979.78",12,22,10
106,5,Dayton,2022,July,"$ 2,632.12",14,23,1
215,5,Dayton,2022,July,"$ 2,399.70",20,30,2
185,5,Dayton,2022,July,"$ 2,199.80",14,20,3
172,5,Dayton,2022,July,"$ 2,184.77",14,23,4
112,5,Dayton,2022,July,"$ 2,094.56",12,19,5
242,5,Dayton,2022,July,"$ 1,979.82",10,18,6
1572,5,Dayton,2022,July,"$ 1,969.00",6,11,7
206,5,Dayton,2022,July,"$ 1,859.88",8,12,8
173,5,Dayton,2022,July,"$ 1,855.84",9,16,9
1999,5,Dayton,2022,July,"$ 1,839.77",15,23,10
1594,5,Dayton,2022,August,"$ 5,026.00",9,14,1
201,5,Dayton,2022,August,"$ 2,729.79",12,21,2
162,5,Dayton,2022,August,"$ 2,519.72",17,28,3
131,5,Dayton,2022,August,"$ 2,479.69",21,31,4
115,5,Dayton,2022,August,"$ 2,403.24",13,21,5
106,5,Dayton,2022,August,"$ 2,288.80",13,20,6
251,5,Dayton,2022,August,"$ 2,231.76",15,24,7
242,5,Dayton,2022,August,"$ 2,199.80",14,20,8
123,5,Dayton,2022,August,"$ 2,184.77",15,23,9
1987,5,Dayton,2022,August,"$ 2,159.73",16,27,10
206,5,Dayton,2022,September,"$ 3,099.80",12,20,1
198,5,Dayton,2022,September,"$ 2,792.79",14,21,2
242,5,Dayton,2022,September,"$ 2,419.78",14,22,3
212,5,Dayton,2022,September,"$ 2,330.79",13,21,4
1552,5,Dayton,2022,September,"$ 2,249.55",7,9,5
176,5,Dayton,2022,September,"$ 2,199.78",15,22,6
106,5,Dayton,2022,September,"$ 2,174.36",14,19,7
115,5,Dayton,2022,September,"$ 2,174.36",13,19,8
1572,5,Dayton,2022,September,"$ 2,148.00",9,12,9
125,5,Dayton,2022,September,"$ 2,089.78",15,22,10
1594,5,Dayton,2022,October,"$ 4,308.00",7,12,1
173,5,Dayton,2022,October,"$ 2,783.76",15,24,2
1552,5,Dayton,2022,October,"$ 2,499.50",7,10,3
206,5,Dayton,2022,October,"$ 2,479.84",9,16,4
1592,5,Dayton,2022,October,"$ 2,457.00",10,13,5
152,5,Dayton,2022,October,"$ 2,299.77",13,23,6
219,5,Dayton,2022,October,"$ 2,287.78",15,22,7
204,5,Dayton,2022,October,"$ 2,267.82",12,18,8
2008,5,Dayton,2022,October,"$ 2,087.82",13,18,9
1571,5,Dayton,2022,October,"$ 2,067.00",10,13,10
1594,5,Dayton,2022,November,"$ 2,872.00",4,8,1
204,5,Dayton,2022,November,"$ 2,645.79",14,21,2
1628,5,Dayton,2022,November,"$ 2,339.10",10,18,3
181,5,Dayton,2022,November,"$ 2,207.77",15,23,4
112,5,Dayton,2022,November,"$ 2,094.56",11,19,5
1995,5,Dayton,2022,November,"$ 2,078.73",15,27,6
109,5,Dayton,2022,November,"$ 2,059.92",12,18,7
1596,5,Dayton,2022,November,"$ 1,979.89",7,11,8
2007,5,Dayton,2022,November,"$ 1,871.84",11,16,9
185,5,Dayton,2022,November,"$ 1,869.83",13,17,10
1552,5,Dayton,2022,December,"$ 3,499.30",9,14,1
119,5,Dayton,2022,December,"$ 3,307.15",22,35,2
1551,5,Dayton,2022,December,"$ 2,759.40",8,12,3
135,5,Dayton,2022,December,"$ 2,758.69",19,31,4
168,5,Dayton,2022,December,"$ 2,699.73",17,27,5
2007,5,Dayton,2022,December,"$ 2,690.77",14,23,6
1989,5,Dayton,2022,December,"$ 2,687.68",20,32,7
1592,5,Dayton,2022,December,"$ 2,646.00",8,14,8
14,5,Dayton,2022,December,"$ 2,634.38",20,31,9
181,5,Dayton,2022,December,"$ 2,591.73",17,27,10
183,5,Dayton,2023,January,"$ 2,599.74",16,26,1
173,5,Dayton,2023,January,"$ 2,551.78",13,22,2
1594,5,Dayton,2023,January,"$ 2,513.00",5,7,3
162,5,Dayton,2023,January,"$ 2,249.75",15,25,4
201,5,Dayton,2023,January,"$ 2,209.83",10,17,5
1595,5,Dayton,2023,January,"$ 2,099.86",9,14,6
1592,5,Dayton,2023,January,"$ 2,079.00",6,11,7
106,5,Dayton,2023,January,"$ 2,059.92",11,18,8
1635,5,Dayton,2023,January,"$ 1,979.89",7,11,9
1601,5,Dayton,2023,January,"$ 1,969.00",6,11,10
123,5,Dayton,2023,Febuary,"$ 2,469.74",15,26,1
109,5,Dayton,2023,Febuary,"$ 2,403.24",12,21,2
242,5,Dayton,2023,Febuary,"$ 2,309.79",13,21,3
2011,5,Dayton,2023,Febuary,"$ 2,243.78",13,22,4
2,5,Dayton,2023,Febuary,"$ 2,232.71",17,29,5
201,5,Dayton,2023,Febuary,"$ 2,209.83",11,17,6
1551,5,Dayton,2023,Febuary,"$ 2,069.55",5,9,7
198,5,Dayton,2023,Febuary,"$ 1,994.85",10,15,8
185,5,Dayton,2023,Febuary,"$ 1,979.82",12,18,9
219,5,Dayton,2023,Febuary,"$ 1,975.81",12,19,10
1593,5,Dayton,2023,March,"$ 2,926.00",9,14,1
2008,5,Dayton,2023,March,"$ 2,087.82",11,18,2
254,5,Dayton,2023,March,"$ 2,045.78",13,22,3
117,5,Dayton,2023,March,"$ 1,991.76",16,24,4
246,5,Dayton,2023,March,"$ 1,979.78",14,22,5
1570,5,Dayton,2023,March,"$ 1,946.00",8,14,6
241,5,Dayton,2023,March,"$ 1,923.74",15,26,7
1592,5,Dayton,2023,March,"$ 1,890.00",5,10,8
198,5,Dayton,2023,March,"$ 1,861.86",10,14,9
173,5,Dayton,2023,March,"$ 1,855.84",11,16,10
1592,5,Dayton,2023,April,"$ 2,646.00",10,14,1
1594,5,Dayton,2023,April,"$ 2,154.00",4,6,2
152,5,Dayton,2023,April,"$ 2,099.79",13,21,3
1591,5,Dayton,2023,April,"$ 2,028.00",8,12,4
206,5,Dayton,2023,April,"$ 2,014.87",10,13,5
2,5,Dayton,2023,April,"$ 1,770.77",15,23,6
204,5,Dayton,2023,April,"$ 1,763.86",9,14,7
149,5,Dayton,2023,April,"$ 1,749.86",9,14,8
271,5,Dayton,2023,April,"$ 1,709.81",11,19,9
176,5,Dayton,2023,April,"$ 1,699.83",11,17,10
1594,5,Dayton,2023,May,"$ 4,667.00",9,13,1
1593,5,Dayton,2023,May,"$ 3,135.00",9,15,2
204,5,Dayton,2023,May,"$ 3,023.76",15,24,3
201,5,Dayton,2023,May,"$ 2,989.77",14,23,4
1551,5,Dayton,2023,May,"$ 2,759.40",7,12,5
206,5,Dayton,2023,May,"$ 2,479.84",10,16,6
156,5,Dayton,2023,May,"$ 2,299.77",16,23,7
1592,5,Dayton,2023,May,"$ 2,268.00",9,12,8
2007,5,Dayton,2023,May,"$ 2,105.82",11,18,9
2001,5,Dayton,2023,May,"$ 1,999.75",14,25,10
1594,5,Dayton,2023,June,"$ 3,590.00",6,10,1
1635,5,Dayton,2023,June,"$ 3,239.82",11,18,2
185,5,Dayton,2023,June,"$ 2,969.73",18,27,3
1601,5,Dayton,2023,June,"$ 2,864.00",9,16,4
201,5,Dayton,2023,June,"$ 2,729.79",12,21,5
211,5,Dayton,2023,June,"$ 2,649.75",14,25,6
212,5,Dayton,2023,June,"$ 2,552.77",16,23,7
173,5,Dayton,2023,June,"$ 2,319.80",14,20,8
125,5,Dayton,2023,June,"$ 2,279.76",14,24,9
149,5,Dayton,2023,June,"$ 2,249.82",12,18,10
1594,5,Dayton,2023,July,"$ 2,513.00",4,7,1
254,5,Dayton,2023,July,"$ 2,324.75",14,25,2
1551,5,Dayton,2023,July,"$ 2,299.50",7,10,3
219,5,Dayton,2023,July,"$ 2,287.78",16,22,4
185,5,Dayton,2023,July,"$ 2,199.80",14,20,5
1572,5,Dayton,2023,July,"$ 2,148.00",8,12,6
112,5,Dayton,2023,July,"$ 2,094.56",11,19,7
242,5,Dayton,2023,July,"$ 1,979.82",11,18,8
115,5,Dayton,2023,July,"$ 1,945.48",11,17,9
67,5,Dayton,2023,July,"$ 1,897.74",15,26,10
115,5,Dayton,2023,August,"$ 2,746.56",15,24,1
1635,5,Dayton,2023,August,"$ 2,699.85",10,15,2
162,5,Dayton,2023,August,"$ 2,609.71",19,29,3
1583,5,Dayton,2023,August,"$ 2,380.00",11,20,4
201,5,Dayton,2023,August,"$ 2,339.82",11,18,5
206,5,Dayton,2023,August,"$ 2,169.86",10,14,6
2009,5,Dayton,2023,August,"$ 1,999.80",12,20,7
1552,5,Dayton,2023,August,"$ 1,999.60",5,8,8
212,5,Dayton,2023,August,"$ 1,997.82",15,18,9
10,5,Dayton,2023,August,"$ 1,924.75",15,25,10
198,5,Dayton,2023,September,"$ 3,723.72",16,28,1
149,5,Dayton,2023,September,"$ 2,999.76",16,24,2
1594,5,Dayton,2023,September,"$ 2,872.00",4,8,3
2008,5,Dayton,2023,September,"$ 2,435.79",12,21,4
206,5,Dayton,2023,September,"$ 2,324.85",10,15,5
211,5,Dayton,2023,September,"$ 2,119.80",12,20,6
265,5,Dayton,2023,September,"$ 1,999.80",14,20,7
12,5,Dayton,2023,September,"$ 1,954.54",14,23,8
201,5,Dayton,2023,September,"$ 1,949.85",10,15,9
204,5,Dayton,2023,September,"$ 1,889.85",11,15,10
1596,5,Dayton,2023,October,"$ 3,239.82",11,18,1
1594,5,Dayton,2023,October,"$ 3,231.00",5,9,2
2008,5,Dayton,2023,October,"$ 2,899.75",16,25,3
201,5,Dayton,2023,October,"$ 2,729.79",14,21,4
1593,5,Dayton,2023,October,"$ 2,508.00",8,12,5
1606,5,Dayton,2023,October,"$ 2,339.82",11,18,6
241,5,Dayton,2023,October,"$ 2,219.70",18,30,7
121,5,Dayton,2023,October,"$ 2,184.77",15,23,8
1601,5,Dayton,2023,October,"$ 2,148.00",7,12,9
1988,5,Dayton,2023,October,"$ 2,131.74",16,26,10
204,5,Dayton,2023,November,"$ 3,023.76",15,24,1
1551,5,Dayton,2023,November,"$ 2,759.40",8,12,2
1594,5,Dayton,2023,November,"$ 2,513.00",4,7,3
206,5,Dayton,2023,November,"$ 2,479.84",11,16,4
269,5,Dayton,2023,November,"$ 2,474.67",21,33,5
2008,5,Dayton,2023,November,"$ 2,435.79",13,21,6
1593,5,Dayton,2023,November,"$ 2,299.00",7,11,7
201,5,Dayton,2023,November,"$ 2,209.83",14,17,8
1543,5,Dayton,2023,November,"$ 2,160.00",13,18,9
1606,5,Dayton,2023,November,"$ 2,079.84",11,16,10
1645,5,Dayton,2023,December,"$ 3,401.00",12,19,1
2007,5,Dayton,2023,December,"$ 3,275.72",20,28,2
198,5,Dayton,2023,December,"$ 3,058.77",15,23,3
176,5,Dayton,2023,December,"$ 2,899.71",18,29,4
112,5,Dayton,2023,December,"$ 2,645.76",15,24,5
83,5,Dayton,2023,December,"$ 2,589.63",25,37,6
168,5,Dayton,2023,December,"$ 2,499.75",15,25,7
201,5,Dayton,2023,December,"$ 2,339.82",13,18,8
2006,5,Dayton,2023,December,"$ 2,249.40",14,20,9
197,5,Dayton,2023,December,"$ 2,225.79",14,21,10
2006,5,Dayton,2024,January,"$ 3,036.69",16,27,1
172,5,Dayton,2024,January,"$ 2,944.69",18,31,2
1594,5,Dayton,2024,January,"$ 2,872.00",5,8,3
1570,5,Dayton,2024,January,"$ 2,641.00",11,19,4
197,5,Dayton,2024,January,"$ 2,437.77",14,23,5
1593,5,Dayton,2024,January,"$ 2,299.00",7,11,6
2007,5,Dayton,2024,January,"$ 2,222.81",14,19,7
198,5,Dayton,2024,January,"$ 2,127.84",10,16,8
1655,5,Dayton,2024,January,"$ 2,099.85",8,15,9
1645,5,Dayton,2024,January,"$ 1,969.00",6,11,10
1551,5,Dayton,2024,Febuary,"$ 2,759.40",8,12,1
173,5,Dayton,2024,Febuary,"$ 2,551.78",13,22,2
1594,5,Dayton,2024,Febuary,"$ 2,513.00",4,7,3
2007,5,Dayton,2024,Febuary,"$ 2,456.79",14,21,4
168,5,Dayton,2024,Febuary,"$ 2,399.76",16,24,5
1645,5,Dayton,2024,Febuary,"$ 2,327.00",8,13,6
265,5,Dayton,2024,Febuary,"$ 2,199.78",13,22,7
225,5,Dayton,2024,Febuary,"$ 2,189.70",19,30,8
206,5,Dayton,2024,Febuary,"$ 2,169.86",10,14,9
176,5,Dayton,2024,Febuary,"$ 2,099.79",14,21,10
1552,5,Dayton,2024,March,"$ 3,249.35",9,13,1
206,5,Dayton,2024,March,"$ 2,944.81",13,19,2
1570,5,Dayton,2024,March,"$ 2,780.00",14,20,3
1594,5,Dayton,2024,March,"$ 2,513.00",6,7,4
211,5,Dayton,2024,March,"$ 2,437.77",15,23,5
106,5,Dayton,2024,March,"$ 2,403.24",13,21,6
204,5,Dayton,2024,March,"$ 2,393.81",11,19,7
7,5,Dayton,2024,March,"$ 2,209.48",16,26,8
67,5,Dayton,2024,March,"$ 1,970.73",17,27,9
197,5,Dayton,2024,March,"$ 1,907.82",10,18,10
1594,5,Dayton,2024,April,"$ 2,872.00",4,8,1
1551,5,Dayton,2024,April,"$ 2,759.40",9,12,2
198,5,Dayton,2024,April,"$ 2,526.81",15,19,3
185,5,Dayton,2024,April,"$ 2,199.80",12,20,4
156,5,Dayton,2024,April,"$ 2,099.79",12,21,5
2010,5,Dayton,2024,April,"$ 2,099.79",12,21,6
1593,5,Dayton,2024,April,"$ 2,090.00",7,10,7
117,5,Dayton,2024,April,"$ 2,074.75",15,25,8
183,5,Dayton,2024,April,"$ 1,999.80",11,20,9
16,5,Dayton,2024,April,"$ 1,954.54",15,23,10
173,5,Dayton,2024,May,"$ 3,363.71",19,29,1
1552,5,Dayton,2024,May,"$ 2,999.40",7,12,2
2007,5,Dayton,2024,May,"$ 2,807.76",15,24,3
2006,5,Dayton,2024,May,"$ 2,699.28",15,24,4
1570,5,Dayton,2024,May,"$ 2,502.00",11,18,5
2009,5,Dayton,2024,May,"$ 2,499.75",15,25,6
1596,5,Dayton,2024,May,"$ 2,339.87",9,13,7
206,5,Dayton,2024,May,"$ 2,324.85",9,15,8
242,5,Dayton,2024,May,"$ 2,309.79",12,21,9
1600,5,Dayton,2024,May,"$ 2,235.00",8,15,10
1596,5,Dayton,2024,June,"$ 3,779.79",14,21,1
1552,5,Dayton,2024,June,"$ 2,749.45",7,11,2
115,5,Dayton,2024,June,"$ 2,517.68",13,22,3
2008,5,Dayton,2024,June,"$ 2,435.79",13,21,4
1551,5,Dayton,2024,June,"$ 2,299.50",6,10,5
206,5,Dayton,2024,June,"$ 2,169.86",10,14,6
16,5,Dayton,2024,June,"$ 2,039.52",14,24,7
204,5,Dayton,2024,June,"$ 2,015.84",12,16,8
212,5,Dayton,2024,June,"$ 1,997.82",10,18,9
177,5,Dayton,2024,June,"$ 1,994.81",12,19,10
173,5,Dayton,2024,July,"$ 2,899.75",15,25,1
185,5,Dayton,2024,July,"$ 2,529.77",13,23,2
1596,5,Dayton,2024,July,"$ 2,339.87",7,13,3
183,5,Dayton,2024,July,"$ 2,199.78",13,22,4
131,5,Dayton,2024,July,"$ 2,159.73",17,27,5
1592,5,Dayton,2024,July,"$ 2,079.00",7,11,6
160,5,Dayton,2024,July,"$ 2,069.77",15,23,7
12,5,Dayton,2024,July,"$ 2,039.52",14,24,8
206,5,Dayton,2024,July,"$ 2,014.87",9,13,9
1552,5,Dayton,2024,July,"$ 1,999.60",4,8,10
2007,5,Dayton,2024,August,"$ 3,275.72",20,28,1
1552,5,Dayton,2024,August,"$ 2,999.40",7,12,2
1592,5,Dayton,2024,August,"$ 2,646.00",8,14,3
1594,5,Dayton,2024,August,"$ 2,513.00",5,7,4
172,5,Dayton,2024,August,"$ 2,374.75",15,25,5
254,5,Dayton,2024,August,"$ 2,231.76",17,24,6
112,5,Dayton,2024,August,"$ 2,204.80",14,20,7
176,5,Dayton,2024,August,"$ 2,099.79",14,21,8
201,5,Dayton,2024,August,"$ 2,079.84",10,16,9
133,5,Dayton,2024,August,"$ 2,079.74",16,26,10
7,5,Dayton,2024,September,"$ 2,464.42",16,29,1
250,5,Dayton,2024,September,"$ 2,417.74",16,26,2
198,5,Dayton,2024,September,"$ 2,393.82",12,18,3
1600,5,Dayton,2024,September,"$ 2,384.00",9,16,4
242,5,Dayton,2024,September,"$ 2,199.80",13,20,5
206,5,Dayton,2024,September,"$ 2,169.86",9,14,6
1645,5,Dayton,2024,September,"$ 2,148.00",8,12,7
201,5,Dayton,2024,September,"$ 2,079.84",9,16,8
251,5,Dayton,2024,September,"$ 2,045.78",14,22,9
254,5,Dayton,2024,September,"$ 1,952.79",13,21,10
242,5,Dayton,2024,October,"$ 2,529.77",14,23,1
1551,5,Dayton,2024,October,"$ 2,529.45",6,11,2
204,5,Dayton,2024,October,"$ 2,519.80",13,20,3
115,5,Dayton,2024,October,"$ 2,403.24",15,21,4
198,5,Dayton,2024,October,"$ 2,393.82",11,18,5
149,5,Dayton,2024,October,"$ 2,374.81",12,19,6
170,5,Dayton,2024,October,"$ 2,249.75",16,25,7
168,5,Dayton,2024,October,"$ 2,199.78",14,22,8
176,5,Dayton,2024,October,"$ 2,199.78",14,22,9
119,5,Dayton,2024,October,"$ 2,173.27",15,23,10
1571,5,Dayton,2024,November,"$ 3,021.00",11,19,1
204,5,Dayton,2024,November,"$ 2,645.79",13,21,2
2007,5,Dayton,2024,November,"$ 2,339.80",12,20,3
206,5,Dayton,2024,November,"$ 2,324.85",9,15,4
211,5,Dayton,2024,November,"$ 2,225.79",15,21,5
121,5,Dayton,2024,November,"$ 2,089.78",13,22,6
1592,5,Dayton,2024,November,"$ 2,079.00",7,11,7
162,5,Dayton,2024,November,"$ 2,069.77",16,23,8
106,5,Dayton,2024,November,"$ 2,059.92",12,18,9
262,5,Dayton,2024,November,"$ 2,039.76",16,24,10
206,5,Dayton,2024,December,"$ 3,874.75",14,25,1
1594,5,Dayton,2024,December,"$ 3,231.00",6,9,2
1593,5,Dayton,2024,December,"$ 3,135.00",10,15,3
2014,5,Dayton,2024,December,"$ 3,059.64",23,36,4
198,5,Dayton,2024,December,"$ 3,058.77",14,23,5
2006,5,Dayton,2024,December,"$ 3,036.69",17,27,6
1552,5,Dayton,2024,December,"$ 2,999.40",7,12,7
185,5,Dayton,2024,December,"$ 2,969.73",18,27,8
112,5,Dayton,2024,December,"$ 2,866.24",15,26,9
149,5,Dayton,2024,December,"$ 2,749.78",14,22,10
206,6,Indianapolis,2019,January,"$ 10,694.31",45,69,1
2007,6,Indianapolis,2019,January,"$ 7,721.34",42,66,2
2010,6,Indianapolis,2019,January,"$ 7,599.24",49,76,3
1594,6,Indianapolis,2019,January,"$ 7,539.00",14,21,4
1552,6,Indianapolis,2019,January,"$ 6,998.60",17,28,5
115,6,Indianapolis,2019,January,"$ 6,866.40",37,60,6
106,6,Indianapolis,2019,January,"$ 6,637.52",36,58,7
254,6,Indianapolis,2019,January,"$ 6,509.30",43,70,8
246,6,Indianapolis,2019,January,"$ 6,389.29",44,71,9
162,6,Indianapolis,2019,January,"$ 6,389.29",44,71,10
149,6,Indianapolis,2019,Febuary,"$ 8,374.33",40,67,1
206,6,Indianapolis,2019,Febuary,"$ 8,369.46",34,54,2
2008,6,Indianapolis,2019,Febuary,"$ 6,379.45",35,55,3
137,6,Indianapolis,2019,Febuary,"$ 6,299.30",46,70,4
198,6,Indianapolis,2019,Febuary,"$ 6,250.53",31,47,5
1594,6,Indianapolis,2019,Febuary,"$ 6,103.00",12,17,6
1593,6,Indianapolis,2019,Febuary,"$ 6,061.00",17,29,7
242,6,Indianapolis,2019,Febuary,"$ 5,939.46",36,54,8
1572,6,Indianapolis,2019,Febuary,"$ 5,907.00",21,33,9
2006,6,Indianapolis,2019,Febuary,"$ 5,848.44",32,52,10
149,6,Indianapolis,2019,March,"$ 8,874.29",45,71,1
1594,6,Indianapolis,2019,March,"$ 8,257.00",15,23,2
1551,6,Indianapolis,2019,March,"$ 7,588.35",24,33,3
206,6,Indianapolis,2019,March,"$ 7,439.52",34,48,4
201,6,Indianapolis,2019,March,"$ 7,279.44",34,56,5
211,6,Indianapolis,2019,March,"$ 6,571.38",41,62,6
247,6,Indianapolis,2019,March,"$ 6,569.27",46,73,7
168,6,Indianapolis,2019,March,"$ 6,499.35",39,65,8
2011,6,Indianapolis,2019,March,"$ 6,425.37",43,63,9
156,6,Indianapolis,2019,March,"$ 6,399.36",42,64,10
1592,6,Indianapolis,2019,April,"$ 9,450.00",33,50,1
1551,6,Indianapolis,2019,April,"$ 8,278.20",27,36,2
1593,6,Indianapolis,2019,April,"$ 7,524.00",22,36,3
1572,6,Indianapolis,2019,April,"$ 7,518.00",25,42,4
1552,6,Indianapolis,2019,April,"$ 7,498.50",19,30,5
1594,6,Indianapolis,2019,April,"$ 7,180.00",13,20,6
177,6,Indianapolis,2019,April,"$ 7,034.33",43,67,7
201,6,Indianapolis,2019,April,"$ 6,889.47",34,53,8
2008,6,Indianapolis,2019,April,"$ 6,727.42",39,58,9
204,6,Indianapolis,2019,April,"$ 6,551.48",35,52,10
206,6,Indianapolis,2019,May,"$ 8,989.42",37,58,1
1594,6,Indianapolis,2019,May,"$ 8,616.00",18,24,2
198,6,Indianapolis,2019,May,"$ 7,713.42",36,58,3
212,6,Indianapolis,2019,May,"$ 7,658.31",45,69,4
1593,6,Indianapolis,2019,May,"$ 6,897.00",22,33,5
2007,6,Indianapolis,2019,May,"$ 6,551.44",35,56,6
1552,6,Indianapolis,2019,May,"$ 6,498.70",18,26,7
137,6,Indianapolis,2019,May,"$ 6,479.28",44,72,8
197,6,Indianapolis,2019,May,"$ 6,465.39",41,61,9
204,6,Indianapolis,2019,May,"$ 6,425.49",35,51,10
204,6,Indianapolis,2019,June,"$ 7,055.44",36,56,1
1551,6,Indianapolis,2019,June,"$ 6,438.60",21,28,2
121,6,Indianapolis,2019,June,"$ 6,364.33",40,67,3
1594,6,Indianapolis,2019,June,"$ 6,103.00",11,17,4
181,6,Indianapolis,2019,June,"$ 6,047.37",40,63,5
2010,6,Indianapolis,2019,June,"$ 5,999.40",39,60,6
173,6,Indianapolis,2019,June,"$ 5,915.49",40,51,7
2008,6,Indianapolis,2019,June,"$ 5,799.50",31,50,8
2012,6,Indianapolis,2019,June,"$ 5,759.36",42,64,9
1552,6,Indianapolis,2019,June,"$ 5,748.85",14,23,10
1552,6,Indianapolis,2019,July,"$ 7,998.40",22,32,1
168,6,Indianapolis,2019,July,"$ 7,199.28",49,72,2
1594,6,Indianapolis,2019,July,"$ 7,180.00",14,20,3
212,6,Indianapolis,2019,July,"$ 7,103.36",43,64,4
197,6,Indianapolis,2019,July,"$ 7,101.33",45,67,5
206,6,Indianapolis,2019,July,"$ 6,974.55",30,45,6
2007,6,Indianapolis,2019,July,"$ 6,902.41",37,59,7
149,6,Indianapolis,2019,July,"$ 6,749.46",38,54,8
185,6,Indianapolis,2019,July,"$ 6,709.39",37,61,9
2010,6,Indianapolis,2019,July,"$ 6,499.35",43,65,10
1594,6,Indianapolis,2019,August,"$ 11,129.00",21,31,1
201,6,Indianapolis,2019,August,"$ 8,839.32",46,68,2
206,6,Indianapolis,2019,August,"$ 8,524.45",36,55,3
115,6,Indianapolis,2019,August,"$ 8,239.68",46,72,4
1593,6,Indianapolis,2019,August,"$ 7,942.00",22,38,5
198,6,Indianapolis,2019,August,"$ 7,846.41",42,59,6
109,6,Indianapolis,2019,August,"$ 7,553.04",44,66,7
212,6,Indianapolis,2019,August,"$ 7,547.32",47,68,8
2006,6,Indianapolis,2019,August,"$ 7,423.02",41,66,9
149,6,Indianapolis,2019,August,"$ 7,249.42",41,58,10
1594,6,Indianapolis,2019,September,"$ 10,411.00",18,29,1
115,6,Indianapolis,2019,September,"$ 7,553.04",42,66,2
206,6,Indianapolis,2019,September,"$ 7,129.54",30,46,3
149,6,Indianapolis,2019,September,"$ 6,499.48",34,52,4
2006,6,Indianapolis,2019,September,"$ 6,298.32",37,56,5
181,6,Indianapolis,2019,September,"$ 6,239.35",41,65,6
212,6,Indianapolis,2019,September,"$ 6,104.45",36,55,7
177,6,Indianapolis,2019,September,"$ 5,984.43",36,57,8
2008,6,Indianapolis,2019,September,"$ 5,915.49",33,51,9
152,6,Indianapolis,2019,September,"$ 5,799.42",36,58,10
1594,6,Indianapolis,2019,October,"$ 8,257.00",14,23,1
1552,6,Indianapolis,2019,October,"$ 7,998.40",23,32,2
177,6,Indianapolis,2019,October,"$ 7,559.28",47,72,3
1551,6,Indianapolis,2019,October,"$ 7,358.40",20,32,4
2008,6,Indianapolis,2019,October,"$ 7,307.37",40,63,5
173,6,Indianapolis,2019,October,"$ 7,307.37",42,63,6
119,6,Indianapolis,2019,October,"$ 6,803.28",46,72,7
242,6,Indianapolis,2019,October,"$ 6,709.39",43,61,8
204,6,Indianapolis,2019,October,"$ 6,299.50",32,50,9
201,6,Indianapolis,2019,October,"$ 6,239.52",32,48,10
1594,6,Indianapolis,2019,November,"$ 8,975.00",17,25,1
201,6,Indianapolis,2019,November,"$ 7,409.43",37,57,2
198,6,Indianapolis,2019,November,"$ 6,649.50",36,50,3
1645,6,Indianapolis,2019,November,"$ 6,444.00",21,36,4
115,6,Indianapolis,2019,November,"$ 6,294.20",34,55,5
2008,6,Indianapolis,2019,November,"$ 6,263.46",38,54,6
2014,6,Indianapolis,2019,November,"$ 6,204.27",49,73,7
176,6,Indianapolis,2019,November,"$ 6,199.38",43,62,8
125,6,Indianapolis,2019,November,"$ 6,174.35",43,65,9
212,6,Indianapolis,2019,November,"$ 6,104.45",36,55,10
206,6,Indianapolis,2019,December,"$ 11,469.26",49,74,1
1593,6,Indianapolis,2019,December,"$ 10,450.00",32,50,2
198,6,Indianapolis,2019,December,"$ 10,240.23",48,77,3
109,6,Indianapolis,2019,December,"$ 9,269.64",51,81,4
149,6,Indianapolis,2019,December,"$ 8,999.28",47,72,5
1594,6,Indianapolis,2019,December,"$ 8,975.00",16,25,6
1645,6,Indianapolis,2019,December,"$ 8,592.00",31,48,7
1635,6,Indianapolis,2019,December,"$ 8,279.54",30,46,8
177,6,Indianapolis,2019,December,"$ 8,084.23",53,77,9
137,6,Indianapolis,2019,December,"$ 8,009.11",57,89,10
1594,6,Indianapolis,2020,January,"$ 10,411.00",17,29,1
206,6,Indianapolis,2020,January,"$ 9,144.41",36,59,2
109,6,Indianapolis,2020,January,"$ 8,125.24",47,71,3
204,6,Indianapolis,2020,January,"$ 7,937.37",45,63,4
106,6,Indianapolis,2020,January,"$ 7,781.92",45,68,5
2008,6,Indianapolis,2020,January,"$ 7,771.33",45,67,6
1592,6,Indianapolis,2020,January,"$ 7,749.00",27,41,7
201,6,Indianapolis,2020,January,"$ 7,669.41",38,59,8
1552,6,Indianapolis,2020,January,"$ 7,498.50",18,30,9
1634,6,Indianapolis,2020,January,"$ 7,349.51",31,49,10
1594,6,Indianapolis,2020,Febuary,"$ 12,924.00",23,36,1
1552,6,Indianapolis,2020,Febuary,"$ 11,247.75",29,45,2
198,6,Indianapolis,2020,Febuary,"$ 9,974.25",51,75,3
149,6,Indianapolis,2020,Febuary,"$ 7,374.41",41,59,4
206,6,Indianapolis,2020,Febuary,"$ 7,129.54",31,46,5
135,6,Indianapolis,2020,Febuary,"$ 7,119.20",49,80,6
177,6,Indianapolis,2020,Febuary,"$ 6,929.34",43,66,7
1551,6,Indianapolis,2020,Febuary,"$ 6,898.50",22,30,8
2008,6,Indianapolis,2020,Febuary,"$ 6,843.41",35,59,9
162,6,Indianapolis,2020,Febuary,"$ 6,839.24",50,76,10
1594,6,Indianapolis,2020,March,"$ 13,283.00",22,37,1
206,6,Indianapolis,2020,March,"$ 9,609.38",40,62,2
1552,6,Indianapolis,2020,March,"$ 9,498.10",25,38,3
149,6,Indianapolis,2020,March,"$ 8,249.34",45,66,4
177,6,Indianapolis,2020,March,"$ 7,979.24",52,76,5
112,6,Indianapolis,2020,March,"$ 7,937.28",44,72,6
185,6,Indianapolis,2020,March,"$ 7,809.29",52,71,7
109,6,Indianapolis,2020,March,"$ 7,667.48",45,67,8
4,6,Indianapolis,2020,March,"$ 7,478.24",58,88,9
2006,6,Indianapolis,2020,March,"$ 7,198.08",40,64,10
1594,6,Indianapolis,2020,April,"$ 15,796.00",27,44,1
206,6,Indianapolis,2020,April,"$ 11,934.23",50,77,2
198,6,Indianapolis,2020,April,"$ 9,442.29",47,71,3
109,6,Indianapolis,2020,April,"$ 9,040.76",52,79,4
2007,6,Indianapolis,2020,April,"$ 9,008.23",51,77,5
173,6,Indianapolis,2020,April,"$ 8,815.24",48,76,6
2008,6,Indianapolis,2020,April,"$ 8,699.25",55,75,7
176,6,Indianapolis,2020,April,"$ 8,399.16",53,84,8
1551,6,Indianapolis,2020,April,"$ 8,048.25",24,35,9
175,6,Indianapolis,2020,April,"$ 7,224.15",48,85,10
206,6,Indianapolis,2020,May,"$ 9,609.38",40,62,1
1592,6,Indianapolis,2020,May,"$ 9,450.00",32,50,2
204,6,Indianapolis,2020,May,"$ 8,441.33",46,67,3
1594,6,Indianapolis,2020,May,"$ 8,257.00",15,23,4
201,6,Indianapolis,2020,May,"$ 7,929.39",42,61,5
198,6,Indianapolis,2020,May,"$ 7,846.41",43,59,6
1593,6,Indianapolis,2020,May,"$ 7,733.00",24,37,7
242,6,Indianapolis,2020,May,"$ 7,589.31",45,69,8
181,6,Indianapolis,2020,May,"$ 7,487.22",49,78,9
2009,6,Indianapolis,2020,May,"$ 7,399.26",49,74,10
198,6,Indianapolis,2020,June,"$ 11,038.17",54,83,1
1551,6,Indianapolis,2020,June,"$ 9,657.90",26,42,2
149,6,Indianapolis,2020,June,"$ 9,499.24",51,76,3
1593,6,Indianapolis,2020,June,"$ 8,987.00",30,43,4
1594,6,Indianapolis,2020,June,"$ 8,975.00",18,25,5
201,6,Indianapolis,2020,June,"$ 8,969.31",44,69,6
204,6,Indianapolis,2020,June,"$ 8,693.31",42,69,7
1635,6,Indianapolis,2020,June,"$ 8,639.52",29,48,8
1552,6,Indianapolis,2020,June,"$ 8,248.35",22,33,9
1644,6,Indianapolis,2020,June,"$ 7,748.00",36,52,10
1594,6,Indianapolis,2020,July,"$ 15,437.00",29,43,1
1552,6,Indianapolis,2020,July,"$ 10,747.85",26,43,2
211,6,Indianapolis,2020,July,"$ 9,539.10",57,90,3
204,6,Indianapolis,2020,July,"$ 9,071.28",52,72,4
2007,6,Indianapolis,2020,July,"$ 8,657.26",48,74,5
219,6,Indianapolis,2020,July,"$ 8,527.18",52,82,6
206,6,Indianapolis,2020,July,"$ 8,524.45",33,55,7
198,6,Indianapolis,2020,July,"$ 8,378.37",37,63,8
2008,6,Indianapolis,2020,July,"$ 8,235.29",46,71,9
212,6,Indianapolis,2020,July,"$ 8,213.26",48,74,10
1594,6,Indianapolis,2020,August,"$ 16,155.00",30,45,1
177,6,Indianapolis,2020,August,"$ 9,659.08",56,92,2
2008,6,Indianapolis,2020,August,"$ 9,511.18",55,82,3
2009,6,Indianapolis,2020,August,"$ 8,699.13",55,87,4
206,6,Indianapolis,2020,August,"$ 8,679.44",39,56,5
204,6,Indianapolis,2020,August,"$ 8,567.32",43,68,6
106,6,Indianapolis,2020,August,"$ 8,468.56",46,74,7
198,6,Indianapolis,2020,August,"$ 8,112.39",40,61,8
1572,6,Indianapolis,2020,August,"$ 8,055.00",29,45,9
1645,6,Indianapolis,2020,August,"$ 7,876.00",30,44,10
201,6,Indianapolis,2020,September,"$ 10,269.21",47,79,1
173,6,Indianapolis,2020,September,"$ 8,467.27",46,73,2
1594,6,Indianapolis,2020,September,"$ 8,257.00",16,23,3
109,6,Indianapolis,2020,September,"$ 7,667.48",42,67,4
212,6,Indianapolis,2020,September,"$ 7,547.32",45,68,5
211,6,Indianapolis,2020,September,"$ 7,419.30",44,70,6
125,6,Indianapolis,2020,September,"$ 7,409.22",50,78,7
152,6,Indianapolis,2020,September,"$ 7,299.27",44,73,8
204,6,Indianapolis,2020,September,"$ 7,181.43",39,57,9
2014,6,Indianapolis,2020,September,"$ 7,139.16",52,84,10
206,6,Indianapolis,2020,October,"$ 13,019.16",54,84,1
1594,6,Indianapolis,2020,October,"$ 11,129.00",20,31,2
173,6,Indianapolis,2020,October,"$ 9,163.21",50,79,3
149,6,Indianapolis,2020,October,"$ 8,874.29",45,71,4
1552,6,Indianapolis,2020,October,"$ 8,498.30",24,34,5
2008,6,Indianapolis,2020,October,"$ 8,351.28",46,72,6
198,6,Indianapolis,2020,October,"$ 8,245.38",39,62,7
168,6,Indianapolis,2020,October,"$ 8,199.18",56,82,8
201,6,Indianapolis,2020,October,"$ 7,539.42",39,58,9
109,6,Indianapolis,2020,October,"$ 7,438.60",45,65,10
204,6,Indianapolis,2020,November,"$ 9,575.24",45,76,1
1552,6,Indianapolis,2020,November,"$ 8,748.25",22,35,2
206,6,Indianapolis,2020,November,"$ 8,679.44",38,56,3
198,6,Indianapolis,2020,November,"$ 8,511.36",43,64,4
173,6,Indianapolis,2020,November,"$ 7,655.34",41,66,5
1635,6,Indianapolis,2020,November,"$ 7,379.59",25,41,6
123,6,Indianapolis,2020,November,"$ 7,314.23",55,77,7
115,6,Indianapolis,2020,November,"$ 6,751.96",40,59,8
2008,6,Indianapolis,2020,November,"$ 6,727.42",38,58,9
212,6,Indianapolis,2020,November,"$ 6,659.40",44,60,10
1594,6,Indianapolis,2020,December,"$ 15,796.00",28,44,1
206,6,Indianapolis,2020,December,"$ 13,174.15",59,85,2
1551,6,Indianapolis,2020,December,"$ 10,347.75",27,45,3
198,6,Indianapolis,2020,December,"$ 10,240.23",56,77,4
106,6,Indianapolis,2020,December,"$ 9,956.28",60,87,5
115,6,Indianapolis,2020,December,"$ 9,841.84",60,86,6
212,6,Indianapolis,2020,December,"$ 9,545.14",53,86,7
1592,6,Indianapolis,2020,December,"$ 9,450.00",30,50,8
201,6,Indianapolis,2020,December,"$ 9,359.28",48,72,9
109,6,Indianapolis,2020,December,"$ 8,926.32",50,78,10
201,6,Indianapolis,2021,January,"$ 8,059.38",40,62,1
1594,6,Indianapolis,2021,January,"$ 7,898.00",17,22,2
1552,6,Indianapolis,2021,January,"$ 7,748.45",20,31,3
204,6,Indianapolis,2021,January,"$ 7,307.42",37,58,4
112,6,Indianapolis,2021,January,"$ 6,945.12",42,63,5
15,6,Indianapolis,2021,January,"$ 6,713.42",48,79,6
1551,6,Indianapolis,2021,January,"$ 6,438.60",20,28,7
183,6,Indianapolis,2021,January,"$ 6,199.38",41,62,8
106,6,Indianapolis,2021,January,"$ 6,065.32",35,53,9
219,6,Indianapolis,2021,January,"$ 5,927.43",36,57,10
1552,6,Indianapolis,2021,Febuary,"$ 7,498.50",21,30,1
109,6,Indianapolis,2021,Febuary,"$ 6,065.32",35,53,2
206,6,Indianapolis,2021,Febuary,"$ 6,044.61",27,39,3
197,6,Indianapolis,2021,Febuary,"$ 6,041.43",36,57,4
1655,6,Indianapolis,2021,Febuary,"$ 6,019.57",28,43,5
212,6,Indianapolis,2021,Febuary,"$ 5,882.47",34,53,6
106,6,Indianapolis,2021,Febuary,"$ 5,836.44",37,51,7
1592,6,Indianapolis,2021,Febuary,"$ 5,670.00",19,30,8
204,6,Indianapolis,2021,Febuary,"$ 5,669.55",27,45,9
198,6,Indianapolis,2021,Febuary,"$ 5,585.58",28,42,10
149,6,Indianapolis,2021,March,"$ 8,749.30",48,70,1
201,6,Indianapolis,2021,March,"$ 7,669.41",38,59,2
198,6,Indianapolis,2021,March,"$ 7,447.44",35,56,3
206,6,Indianapolis,2021,March,"$ 7,439.52",34,48,4
1645,6,Indianapolis,2021,March,"$ 7,339.00",27,41,5
109,6,Indianapolis,2021,March,"$ 7,324.16",41,64,6
179,6,Indianapolis,2021,March,"$ 7,007.27",48,73,7
1552,6,Indianapolis,2021,March,"$ 6,748.65",20,27,8
112,6,Indianapolis,2021,March,"$ 6,504.16",39,59,9
1594,6,Indianapolis,2021,March,"$ 6,462.00",14,18,10
1594,6,Indianapolis,2021,April,"$ 12,206.00",23,34,1
204,6,Indianapolis,2021,April,"$ 7,811.38",40,62,2
211,6,Indianapolis,2021,April,"$ 7,631.28",45,72,3
149,6,Indianapolis,2021,April,"$ 7,624.39",37,61,4
1551,6,Indianapolis,2021,April,"$ 7,358.40",22,32,5
201,6,Indianapolis,2021,April,"$ 7,279.44",35,56,6
1552,6,Indianapolis,2021,April,"$ 7,248.55",18,29,7
173,6,Indianapolis,2021,April,"$ 6,843.41",43,59,8
198,6,Indianapolis,2021,April,"$ 6,649.50",34,50,9
123,6,Indianapolis,2021,April,"$ 6,459.32",42,68,10
1592,6,Indianapolis,2021,May,"$ 7,938.00",30,42,1
201,6,Indianapolis,2021,May,"$ 7,929.39",38,61,2
1594,6,Indianapolis,2021,May,"$ 7,898.00",13,22,3
198,6,Indianapolis,2021,May,"$ 7,447.44",39,56,4
1551,6,Indianapolis,2021,May,"$ 7,128.45",20,31,5
212,6,Indianapolis,2021,May,"$ 7,103.36",40,64,6
1552,6,Indianapolis,2021,May,"$ 6,998.60",17,28,7
109,6,Indianapolis,2021,May,"$ 6,980.84",43,61,8
251,6,Indianapolis,2021,May,"$ 6,602.29",46,71,9
162,6,Indianapolis,2021,May,"$ 6,299.30",45,70,10
206,6,Indianapolis,2021,June,"$ 8,369.46",38,54,1
1594,6,Indianapolis,2021,June,"$ 8,257.00",15,23,2
204,6,Indianapolis,2021,June,"$ 8,189.35",39,65,3
201,6,Indianapolis,2021,June,"$ 7,669.41",39,59,4
198,6,Indianapolis,2021,June,"$ 7,580.43",39,57,5
149,6,Indianapolis,2021,June,"$ 7,374.41",42,59,6
173,6,Indianapolis,2021,June,"$ 7,307.37",43,63,7
1592,6,Indianapolis,2021,June,"$ 6,615.00",24,35,8
2006,6,Indianapolis,2021,June,"$ 6,523.26",37,58,9
1596,6,Indianapolis,2021,June,"$ 6,479.64",24,36,10
1594,6,Indianapolis,2021,July,"$ 9,693.00",18,27,1
106,6,Indianapolis,2021,July,"$ 7,896.36",44,69,2
1552,6,Indianapolis,2021,July,"$ 7,498.50",20,30,3
1572,6,Indianapolis,2021,July,"$ 7,160.00",25,40,4
206,6,Indianapolis,2021,July,"$ 6,974.55",29,45,5
149,6,Indianapolis,2021,July,"$ 6,874.45",35,55,6
156,6,Indianapolis,2021,July,"$ 6,799.32",44,68,7
115,6,Indianapolis,2021,July,"$ 6,751.96",41,59,8
204,6,Indianapolis,2021,July,"$ 6,551.48",35,52,9
201,6,Indianapolis,2021,July,"$ 6,499.50",30,50,10
1594,6,Indianapolis,2021,August,"$ 12,565.00",25,35,1
1551,6,Indianapolis,2021,August,"$ 7,358.40",21,32,2
1552,6,Indianapolis,2021,August,"$ 7,248.55",20,29,3
2007,6,Indianapolis,2021,August,"$ 6,902.41",39,59,4
198,6,Indianapolis,2021,August,"$ 6,782.49",32,51,5
1596,6,Indianapolis,2021,August,"$ 6,659.63",23,37,6
109,6,Indianapolis,2021,August,"$ 6,637.52",41,58,7
149,6,Indianapolis,2021,August,"$ 6,624.47",38,53,8
2014,6,Indianapolis,2021,August,"$ 6,544.23",49,77,9
121,6,Indianapolis,2021,August,"$ 6,364.33",40,67,10
201,6,Indianapolis,2021,September,"$ 7,539.42",36,58,1
1594,6,Indianapolis,2021,September,"$ 7,180.00",14,20,2
173,6,Indianapolis,2021,September,"$ 6,843.41",36,59,3
197,6,Indianapolis,2021,September,"$ 6,677.37",37,63,4
2007,6,Indianapolis,2021,September,"$ 6,551.44",34,56,5
17,6,Indianapolis,2021,September,"$ 6,543.46",49,77,6
242,6,Indianapolis,2021,September,"$ 6,489.41",40,59,7
204,6,Indianapolis,2021,September,"$ 6,299.50",33,50,8
206,6,Indianapolis,2021,September,"$ 6,199.60",28,40,9
149,6,Indianapolis,2021,September,"$ 6,124.51",31,49,10
206,6,Indianapolis,2021,October,"$ 8,214.47",33,53,1
1551,6,Indianapolis,2021,October,"$ 7,588.35",21,33,2
156,6,Indianapolis,2021,October,"$ 6,899.31",49,69,3
1596,6,Indianapolis,2021,October,"$ 6,659.63",22,37,4
121,6,Indianapolis,2021,October,"$ 6,649.30",47,70,5
152,6,Indianapolis,2021,October,"$ 6,599.34",43,66,6
2007,6,Indianapolis,2021,October,"$ 6,551.44",40,56,7
112,6,Indianapolis,2021,October,"$ 6,504.16",39,59,8
149,6,Indianapolis,2021,October,"$ 6,499.48",34,52,9
1552,6,Indianapolis,2021,October,"$ 6,498.70",15,26,10
1594,6,Indianapolis,2021,November,"$ 7,180.00",14,20,1
1552,6,Indianapolis,2021,November,"$ 6,998.60",16,28,2
206,6,Indianapolis,2021,November,"$ 6,974.55",29,45,3
2008,6,Indianapolis,2021,November,"$ 6,727.42",36,58,4
198,6,Indianapolis,2021,November,"$ 6,649.50",37,50,5
2006,6,Indianapolis,2021,November,"$ 6,073.38",38,54,6
211,6,Indianapolis,2021,November,"$ 6,041.43",36,57,7
109,6,Indianapolis,2021,November,"$ 5,950.88",34,52,8
172,6,Indianapolis,2021,November,"$ 5,794.39",38,61,9
179,6,Indianapolis,2021,November,"$ 5,759.40",36,60,10
1552,6,Indianapolis,2021,December,"$ 11,497.70",31,46,1
1594,6,Indianapolis,2021,December,"$ 10,770.00",21,30,2
173,6,Indianapolis,2021,December,"$ 10,323.11",58,89,3
198,6,Indianapolis,2021,December,"$ 9,974.25",48,75,4
211,6,Indianapolis,2021,December,"$ 9,433.11",60,89,5
2007,6,Indianapolis,2021,December,"$ 8,891.24",52,76,6
183,6,Indianapolis,2021,December,"$ 8,599.14",58,86,7
197,6,Indianapolis,2021,December,"$ 8,479.20",52,80,8
242,6,Indianapolis,2021,December,"$ 8,359.24",50,76,9
206,6,Indianapolis,2021,December,"$ 8,214.47",35,53,10
206,6,Indianapolis,2022,January,"$ 9,919.36",42,64,1
1594,6,Indianapolis,2022,January,"$ 9,693.00",18,27,2
204,6,Indianapolis,2022,January,"$ 8,819.30",46,70,3
1551,6,Indianapolis,2022,January,"$ 7,818.30",21,34,4
1591,6,Indianapolis,2022,January,"$ 7,267.00",25,43,5
198,6,Indianapolis,2022,January,"$ 6,782.49",37,51,6
242,6,Indianapolis,2022,January,"$ 6,709.39",40,61,7
2006,6,Indianapolis,2022,January,"$ 6,635.73",38,59,8
160,6,Indianapolis,2022,January,"$ 6,569.27",48,73,9
271,6,Indianapolis,2022,January,"$ 6,569.27",49,73,10
1594,6,Indianapolis,2022,Febuary,"$ 11,488.00",19,32,1
198,6,Indianapolis,2022,Febuary,"$ 8,112.39",38,61,2
125,6,Indianapolis,2022,Febuary,"$ 7,694.19",52,81,3
1592,6,Indianapolis,2022,Febuary,"$ 7,182.00",25,38,4
206,6,Indianapolis,2022,Febuary,"$ 7,129.54",30,46,5
1596,6,Indianapolis,2022,Febuary,"$ 6,839.62",25,38,6
160,6,Indianapolis,2022,Febuary,"$ 6,839.24",49,76,7
242,6,Indianapolis,2022,Febuary,"$ 6,819.38",38,62,8
2008,6,Indianapolis,2022,Febuary,"$ 6,611.43",39,57,9
204,6,Indianapolis,2022,Febuary,"$ 6,299.50",34,50,10
1594,6,Indianapolis,2022,March,"$ 8,616.00",16,24,1
112,6,Indianapolis,2022,March,"$ 8,378.24",46,76,2
1552,6,Indianapolis,2022,March,"$ 7,998.40",21,32,3
149,6,Indianapolis,2022,March,"$ 7,749.38",41,62,4
204,6,Indianapolis,2022,March,"$ 7,685.39",40,61,5
1635,6,Indianapolis,2022,March,"$ 7,559.58",25,42,6
2007,6,Indianapolis,2022,March,"$ 7,370.37",40,63,7
1592,6,Indianapolis,2022,March,"$ 6,993.00",25,37,8
198,6,Indianapolis,2022,March,"$ 6,915.48",37,52,9
211,6,Indianapolis,2022,March,"$ 6,889.35",42,65,10
1594,6,Indianapolis,2022,April,"$ 12,565.00",24,35,1
204,6,Indianapolis,2022,April,"$ 7,685.39",39,61,2
1635,6,Indianapolis,2022,April,"$ 7,379.59",26,41,3
1551,6,Indianapolis,2022,April,"$ 7,128.45",20,31,4
271,6,Indianapolis,2022,April,"$ 7,019.22",52,78,5
149,6,Indianapolis,2022,April,"$ 6,999.44",34,56,6
1592,6,Indianapolis,2022,April,"$ 6,804.00",26,36,7
1571,6,Indianapolis,2022,April,"$ 6,519.00",26,41,8
177,6,Indianapolis,2022,April,"$ 6,509.38",42,62,9
250,6,Indianapolis,2022,April,"$ 6,416.31",50,69,10
1594,6,Indianapolis,2022,May,"$ 10,770.00",19,30,1
106,6,Indianapolis,2022,May,"$ 8,583.00",48,75,2
1593,6,Indianapolis,2022,May,"$ 7,942.00",24,38,3
219,6,Indianapolis,2022,May,"$ 7,591.27",47,73,4
119,6,Indianapolis,2022,May,"$ 7,275.73",47,77,5
212,6,Indianapolis,2022,May,"$ 7,103.36",41,64,6
242,6,Indianapolis,2022,May,"$ 7,039.36",41,64,7
1552,6,Indianapolis,2022,May,"$ 6,998.60",19,28,8
206,6,Indianapolis,2022,May,"$ 6,974.55",32,45,9
2008,6,Indianapolis,2022,May,"$ 6,959.40",38,60,10
1594,6,Indianapolis,2022,June,"$ 10,052.00",18,28,1
115,6,Indianapolis,2022,June,"$ 7,438.60",41,65,2
219,6,Indianapolis,2022,June,"$ 7,383.29",48,71,3
201,6,Indianapolis,2022,June,"$ 7,279.44",37,56,4
149,6,Indianapolis,2022,June,"$ 7,249.42",38,58,5
1552,6,Indianapolis,2022,June,"$ 7,248.55",20,29,6
212,6,Indianapolis,2022,June,"$ 7,103.36",43,64,7
2007,6,Indianapolis,2022,June,"$ 7,019.40",39,60,8
1645,6,Indianapolis,2022,June,"$ 6,981.00",26,39,9
183,6,Indianapolis,2022,June,"$ 6,899.31",48,69,10
1551,6,Indianapolis,2022,July,"$ 8,508.15",24,37,1
204,6,Indianapolis,2022,July,"$ 7,307.42",40,58,2
1552,6,Indianapolis,2022,July,"$ 6,748.65",19,27,3
2008,6,Indianapolis,2022,July,"$ 6,727.42",35,58,4
198,6,Indianapolis,2022,July,"$ 6,649.50",33,50,5
1594,6,Indianapolis,2022,July,"$ 6,462.00",13,18,6
212,6,Indianapolis,2022,July,"$ 6,437.42",36,58,7
115,6,Indianapolis,2022,July,"$ 6,294.20",34,55,8
2011,6,Indianapolis,2022,July,"$ 6,119.40",35,60,9
201,6,Indianapolis,2022,July,"$ 5,849.55",34,45,10
1594,6,Indianapolis,2022,August,"$ 12,924.00",22,36,1
149,6,Indianapolis,2022,August,"$ 7,999.36",46,64,2
198,6,Indianapolis,2022,August,"$ 7,846.41",38,59,3
185,6,Indianapolis,2022,August,"$ 7,369.33",46,67,4
206,6,Indianapolis,2022,August,"$ 7,129.54",28,46,5
156,6,Indianapolis,2022,August,"$ 6,999.30",48,70,6
251,6,Indianapolis,2022,August,"$ 6,974.25",48,75,7
112,6,Indianapolis,2022,August,"$ 6,945.12",39,63,8
106,6,Indianapolis,2022,August,"$ 6,408.64",37,56,9
115,6,Indianapolis,2022,August,"$ 6,408.64",39,56,10
1594,6,Indianapolis,2022,September,"$ 9,693.00",19,27,1
206,6,Indianapolis,2022,September,"$ 8,989.42",38,58,2
177,6,Indianapolis,2022,September,"$ 7,664.27",48,73,3
2008,6,Indianapolis,2022,September,"$ 7,539.35",43,65,4
176,6,Indianapolis,2022,September,"$ 7,099.29",45,71,5
106,6,Indianapolis,2022,September,"$ 6,980.84",40,61,6
115,6,Indianapolis,2022,September,"$ 6,980.84",39,61,7
2009,6,Indianapolis,2022,September,"$ 6,899.31",45,69,8
204,6,Indianapolis,2022,September,"$ 6,803.46",35,54,9
173,6,Indianapolis,2022,September,"$ 6,727.42",36,58,10
1594,6,Indianapolis,2022,October,"$ 11,129.00",20,31,1
149,6,Indianapolis,2022,October,"$ 9,249.26",50,74,2
1551,6,Indianapolis,2022,October,"$ 9,198.00",25,40,3
201,6,Indianapolis,2022,October,"$ 8,189.37",40,63,4
198,6,Indianapolis,2022,October,"$ 8,112.39",43,61,5
206,6,Indianapolis,2022,October,"$ 7,904.49",34,51,6
1591,6,Indianapolis,2022,October,"$ 7,436.00",26,44,7
115,6,Indianapolis,2022,October,"$ 6,866.40",41,60,8
168,6,Indianapolis,2022,October,"$ 6,599.34",45,66,9
204,6,Indianapolis,2022,October,"$ 6,551.48",35,52,10
173,6,Indianapolis,2022,November,"$ 8,351.28",48,72,1
1594,6,Indianapolis,2022,November,"$ 8,257.00",13,23,2
109,6,Indianapolis,2022,November,"$ 7,896.36",45,69,3
201,6,Indianapolis,2022,November,"$ 7,669.41",37,59,4
206,6,Indianapolis,2022,November,"$ 7,439.52",34,48,5
149,6,Indianapolis,2022,November,"$ 6,624.47",34,53,6
185,6,Indianapolis,2022,November,"$ 6,489.41",37,59,7
1551,6,Indianapolis,2022,November,"$ 6,438.60",19,28,8
177,6,Indianapolis,2022,November,"$ 6,404.39",42,61,9
1552,6,Indianapolis,2022,November,"$ 6,248.75",17,25,10
204,6,Indianapolis,2022,December,"$ 10,457.17",53,83,1
1594,6,Indianapolis,2022,December,"$ 10,052.00",18,28,2
1635,6,Indianapolis,2022,December,"$ 9,539.47",33,53,3
198,6,Indianapolis,2022,December,"$ 9,442.29",46,71,4
206,6,Indianapolis,2022,December,"$ 9,299.40",38,60,5
1551,6,Indianapolis,2022,December,"$ 9,198.00",26,40,6
1552,6,Indianapolis,2022,December,"$ 7,998.40",22,32,7
176,6,Indianapolis,2022,December,"$ 7,799.22",51,78,8
112,6,Indianapolis,2022,December,"$ 7,716.80",47,70,9
2006,6,Indianapolis,2022,December,"$ 7,647.96",46,68,10
1594,6,Indianapolis,2023,January,"$ 10,411.00",21,29,1
1552,6,Indianapolis,2023,January,"$ 9,748.05",25,39,2
201,6,Indianapolis,2023,January,"$ 7,799.40",41,60,3
1593,6,Indianapolis,2023,January,"$ 7,733.00",27,37,4
198,6,Indianapolis,2023,January,"$ 7,713.42",38,58,5
149,6,Indianapolis,2023,January,"$ 7,124.43",40,57,6
2007,6,Indianapolis,2023,January,"$ 7,019.40",41,60,7
2008,6,Indianapolis,2023,January,"$ 6,959.40",37,60,8
7,6,Indianapolis,2023,January,"$ 6,713.42",52,79,9
112,6,Indianapolis,2023,January,"$ 6,504.16",42,59,10
1593,6,Indianapolis,2023,Febuary,"$ 7,315.00",21,35,1
201,6,Indianapolis,2023,Febuary,"$ 6,759.48",36,52,2
1594,6,Indianapolis,2023,Febuary,"$ 6,462.00",13,18,3
206,6,Indianapolis,2023,Febuary,"$ 6,199.60",25,40,4
176,6,Indianapolis,2023,Febuary,"$ 6,099.39",38,61,5
204,6,Indianapolis,2023,Febuary,"$ 6,047.52",29,48,6
119,6,Indianapolis,2023,Febuary,"$ 5,669.40",40,60,7
173,6,Indianapolis,2023,Febuary,"$ 5,567.52",32,48,8
2006,6,Indianapolis,2023,Febuary,"$ 5,511.03",32,49,9
198,6,Indianapolis,2023,Febuary,"$ 5,452.59",28,41,10
1551,6,Indianapolis,2023,March,"$ 10,117.80",28,44,1
149,6,Indianapolis,2023,March,"$ 6,999.44",34,56,2
198,6,Indianapolis,2023,March,"$ 6,782.49",33,51,3
201,6,Indianapolis,2023,March,"$ 6,759.48",34,52,4
1552,6,Indianapolis,2023,March,"$ 6,748.65",21,27,5
2007,6,Indianapolis,2023,March,"$ 6,668.43",40,57,6
206,6,Indianapolis,2023,March,"$ 6,509.58",28,42,7
2008,6,Indianapolis,2023,March,"$ 6,379.45",41,55,8
204,6,Indianapolis,2023,March,"$ 6,299.50",32,50,9
168,6,Indianapolis,2023,March,"$ 6,199.38",44,62,10
206,6,Indianapolis,2023,April,"$ 9,919.36",39,64,1
1552,6,Indianapolis,2023,April,"$ 7,748.45",20,31,2
2013,6,Indianapolis,2023,April,"$ 6,799.20",50,80,3
109,6,Indianapolis,2023,April,"$ 6,637.52",36,58,4
106,6,Indianapolis,2023,April,"$ 6,637.52",41,58,5
2006,6,Indianapolis,2023,April,"$ 6,635.73",37,59,6
242,6,Indianapolis,2023,April,"$ 6,599.40",39,60,7
204,6,Indianapolis,2023,April,"$ 6,551.48",34,52,8
9,6,Indianapolis,2023,April,"$ 6,543.30",54,85,9
201,6,Indianapolis,2023,April,"$ 6,499.50",32,50,10
206,6,Indianapolis,2023,May,"$ 11,004.29",43,71,1
115,6,Indianapolis,2023,May,"$ 7,896.36",46,69,2
185,6,Indianapolis,2023,May,"$ 7,259.34",45,66,3
198,6,Indianapolis,2023,May,"$ 7,181.46",36,54,4
1551,6,Indianapolis,2023,May,"$ 7,128.45",19,31,5
1593,6,Indianapolis,2023,May,"$ 7,106.00",22,34,6
179,6,Indianapolis,2023,May,"$ 7,103.26",47,74,7
173,6,Indianapolis,2023,May,"$ 6,611.43",36,57,8
149,6,Indianapolis,2023,May,"$ 6,499.48",35,52,9
2008,6,Indianapolis,2023,May,"$ 6,495.44",37,56,10
1594,6,Indianapolis,2023,June,"$ 10,052.00",18,28,1
1592,6,Indianapolis,2023,June,"$ 7,560.00",26,40,2
173,6,Indianapolis,2023,June,"$ 7,307.37",40,63,3
2008,6,Indianapolis,2023,June,"$ 6,959.40",41,60,4
112,6,Indianapolis,2023,June,"$ 6,945.12",41,63,5
2007,6,Indianapolis,2023,June,"$ 6,902.41",39,59,6
1572,6,Indianapolis,2023,June,"$ 6,802.00",26,38,7
201,6,Indianapolis,2023,June,"$ 6,759.48",35,52,8
198,6,Indianapolis,2023,June,"$ 6,649.50",34,50,9
115,6,Indianapolis,2023,June,"$ 6,408.64",36,56,10
1594,6,Indianapolis,2023,July,"$ 10,411.00",20,29,1
198,6,Indianapolis,2023,July,"$ 9,974.25",49,75,2
206,6,Indianapolis,2023,July,"$ 9,299.40",39,60,3
115,6,Indianapolis,2023,July,"$ 6,980.84",39,61,4
201,6,Indianapolis,2023,July,"$ 6,759.48",33,52,5
123,6,Indianapolis,2023,July,"$ 6,649.30",45,70,6
121,6,Indianapolis,2023,July,"$ 6,554.31",45,69,7
1644,6,Indianapolis,2023,July,"$ 6,407.00",28,43,8
185,6,Indianapolis,2023,July,"$ 6,269.43",38,57,9
177,6,Indianapolis,2023,July,"$ 6,194.41",36,59,10
198,6,Indianapolis,2023,August,"$ 7,580.43",37,57,1
1594,6,Indianapolis,2023,August,"$ 7,539.00",14,21,2
179,6,Indianapolis,2023,August,"$ 7,007.27",46,73,3
121,6,Indianapolis,2023,August,"$ 6,934.27",52,73,4
1552,6,Indianapolis,2023,August,"$ 6,498.70",17,26,5
1551,6,Indianapolis,2023,August,"$ 6,438.60",20,28,6
1592,6,Indianapolis,2023,August,"$ 6,426.00",22,34,7
152,6,Indianapolis,2023,August,"$ 6,299.37",39,63,8
173,6,Indianapolis,2023,August,"$ 6,263.46",34,54,9
201,6,Indianapolis,2023,August,"$ 6,109.53",30,47,10
1594,6,Indianapolis,2023,September,"$ 11,847.00",23,33,1
198,6,Indianapolis,2023,September,"$ 8,511.36",43,64,2
201,6,Indianapolis,2023,September,"$ 7,409.43",37,57,3
204,6,Indianapolis,2023,September,"$ 7,307.42",40,58,4
125,6,Indianapolis,2023,September,"$ 6,839.28",42,72,5
115,6,Indianapolis,2023,September,"$ 6,637.52",41,58,6
206,6,Indianapolis,2023,September,"$ 6,509.58",28,42,7
1552,6,Indianapolis,2023,September,"$ 6,498.70",17,26,8
173,6,Indianapolis,2023,September,"$ 6,495.44",35,56,9
2011,6,Indianapolis,2023,September,"$ 6,323.38",39,62,10
1594,6,Indianapolis,2023,October,"$ 11,847.00",20,33,1
204,6,Indianapolis,2023,October,"$ 7,559.40",40,60,2
201,6,Indianapolis,2023,October,"$ 7,279.44",37,56,3
198,6,Indianapolis,2023,October,"$ 7,181.46",34,54,4
212,6,Indianapolis,2023,October,"$ 7,103.36",38,64,5
2007,6,Indianapolis,2023,October,"$ 7,019.40",39,60,6
115,6,Indianapolis,2023,October,"$ 6,980.84",40,61,7
197,6,Indianapolis,2023,October,"$ 6,677.37",38,63,8
149,6,Indianapolis,2023,October,"$ 6,624.47",34,53,9
242,6,Indianapolis,2023,October,"$ 6,489.41",39,59,10
1594,6,Indianapolis,2023,November,"$ 10,411.00",18,29,1
206,6,Indianapolis,2023,November,"$ 8,059.48",33,52,2
201,6,Indianapolis,2023,November,"$ 7,279.44",34,56,3
173,6,Indianapolis,2023,November,"$ 7,075.39",39,61,4
1552,6,Indianapolis,2023,November,"$ 6,748.65",16,27,5
106,6,Indianapolis,2023,November,"$ 6,523.08",40,57,6
204,6,Indianapolis,2023,November,"$ 6,173.51",36,49,7
135,6,Indianapolis,2023,November,"$ 6,140.31",44,69,8
2007,6,Indianapolis,2023,November,"$ 6,083.48",34,52,9
198,6,Indianapolis,2023,November,"$ 5,984.55",33,45,10
1552,6,Indianapolis,2023,December,"$ 11,497.70",29,46,1
1594,6,Indianapolis,2023,December,"$ 11,129.00",21,31,2
206,6,Indianapolis,2023,December,"$ 9,764.37",41,63,3
197,6,Indianapolis,2023,December,"$ 8,479.20",46,80,4
201,6,Indianapolis,2023,December,"$ 8,449.35",43,65,5
1635,6,Indianapolis,2023,December,"$ 8,279.54",28,46,6
2008,6,Indianapolis,2023,December,"$ 8,119.30",48,70,7
2007,6,Indianapolis,2023,December,"$ 7,955.32",46,68,8
1591,6,Indianapolis,2023,December,"$ 7,943.00",29,47,9
179,6,Indianapolis,2023,December,"$ 7,775.19",54,81,10
1594,6,Indianapolis,2024,January,"$ 10,770.00",19,30,1
206,6,Indianapolis,2024,January,"$ 8,059.48",32,52,2
149,6,Indianapolis,2024,January,"$ 7,874.37",41,63,3
242,6,Indianapolis,2024,January,"$ 7,479.32",45,68,4
204,6,Indianapolis,2024,January,"$ 7,055.44",37,56,5
265,6,Indianapolis,2024,January,"$ 6,999.30",46,70,6
1593,6,Indianapolis,2024,January,"$ 6,897.00",19,33,7
115,6,Indianapolis,2024,January,"$ 6,751.96",38,59,8
201,6,Indianapolis,2024,January,"$ 6,629.49",37,51,9
251,6,Indianapolis,2024,January,"$ 6,509.30",45,70,10
1594,6,Indianapolis,2024,Febuary,"$ 8,616.00",15,24,1
206,6,Indianapolis,2024,Febuary,"$ 8,214.47",38,53,2
115,6,Indianapolis,2024,Febuary,"$ 7,438.60",40,65,3
185,6,Indianapolis,2024,Febuary,"$ 6,929.37",42,63,4
201,6,Indianapolis,2024,Febuary,"$ 6,629.49",33,51,5
177,6,Indianapolis,2024,Febuary,"$ 6,614.37",42,63,6
211,6,Indianapolis,2024,Febuary,"$ 6,253.41",38,59,7
198,6,Indianapolis,2024,Febuary,"$ 6,250.53",29,47,8
1645,6,Indianapolis,2024,Febuary,"$ 6,086.00",21,34,9
1635,6,Indianapolis,2024,Febuary,"$ 5,939.67",19,33,10
206,6,Indianapolis,2024,March,"$ 9,609.38",43,62,1
1594,6,Indianapolis,2024,March,"$ 8,975.00",20,25,2
201,6,Indianapolis,2024,March,"$ 8,969.31",45,69,3
204,6,Indianapolis,2024,March,"$ 8,945.29",47,71,4
198,6,Indianapolis,2024,March,"$ 8,112.39",42,61,5
212,6,Indianapolis,2024,March,"$ 7,103.36",42,64,6
242,6,Indianapolis,2024,March,"$ 6,929.37",40,63,7
173,6,Indianapolis,2024,March,"$ 6,727.42",40,58,8
177,6,Indianapolis,2024,March,"$ 6,509.38",43,62,9
265,6,Indianapolis,2024,March,"$ 6,399.36",40,64,10
201,6,Indianapolis,2024,April,"$ 9,879.24",46,76,1
1551,6,Indianapolis,2024,April,"$ 7,588.35",22,33,2
204,6,Indianapolis,2024,April,"$ 7,181.43",37,57,3
1594,6,Indianapolis,2024,April,"$ 7,180.00",13,20,4
219,6,Indianapolis,2024,April,"$ 7,071.32",46,68,5
1593,6,Indianapolis,2024,April,"$ 6,897.00",24,33,6
160,6,Indianapolis,2024,April,"$ 6,749.25",48,75,7
198,6,Indianapolis,2024,April,"$ 6,383.52",29,48,8
2009,6,Indianapolis,2024,April,"$ 6,299.37",43,63,9
176,6,Indianapolis,2024,April,"$ 6,099.39",43,61,10
1594,6,Indianapolis,2024,May,"$ 12,206.00",24,34,1
206,6,Indianapolis,2024,May,"$ 8,059.48",31,52,2
1552,6,Indianapolis,2024,May,"$ 7,748.45",22,31,3
1601,6,Indianapolis,2024,May,"$ 6,802.00",26,38,4
204,6,Indianapolis,2024,May,"$ 6,677.47",35,53,5
176,6,Indianapolis,2024,May,"$ 6,399.36",39,64,6
115,6,Indianapolis,2024,May,"$ 6,294.20",34,55,7
173,6,Indianapolis,2024,May,"$ 6,263.46",40,54,8
2007,6,Indianapolis,2024,May,"$ 6,200.47",31,53,9
2006,6,Indianapolis,2024,May,"$ 6,185.85",35,55,10
206,6,Indianapolis,2024,June,"$ 9,299.40",42,60,1
149,6,Indianapolis,2024,June,"$ 8,624.31",44,69,2
201,6,Indianapolis,2024,June,"$ 8,319.36",39,64,3
198,6,Indianapolis,2024,June,"$ 7,979.40",38,60,4
2007,6,Indianapolis,2024,June,"$ 7,487.36",43,64,5
1551,6,Indianapolis,2024,June,"$ 7,358.40",20,32,6
1592,6,Indianapolis,2024,June,"$ 7,182.00",25,38,7
106,6,Indianapolis,2024,June,"$ 6,523.08",38,57,8
1552,6,Indianapolis,2024,June,"$ 6,498.70",22,26,9
1593,6,Indianapolis,2024,June,"$ 6,479.00",20,31,10
206,6,Indianapolis,2024,July,"$ 9,454.39",39,61,1
1594,6,Indianapolis,2024,July,"$ 8,975.00",15,25,2
1593,6,Indianapolis,2024,July,"$ 7,524.00",22,36,3
149,6,Indianapolis,2024,July,"$ 7,499.40",36,60,4
198,6,Indianapolis,2024,July,"$ 7,048.47",34,53,5
212,6,Indianapolis,2024,July,"$ 6,659.40",39,60,6
2007,6,Indianapolis,2024,July,"$ 6,317.46",36,54,7
173,6,Indianapolis,2024,July,"$ 6,031.48",33,52,8
15,6,Indianapolis,2024,July,"$ 5,863.62",41,69,9
2011,6,Indianapolis,2024,July,"$ 5,813.43",37,57,10
1594,6,Indianapolis,2024,August,"$ 11,129.00",21,31,1
1593,6,Indianapolis,2024,August,"$ 8,569.00",29,41,2
204,6,Indianapolis,2024,August,"$ 8,315.34",43,66,3
212,6,Indianapolis,2024,August,"$ 7,658.31",46,69,4
201,6,Indianapolis,2024,August,"$ 7,539.42",38,58,5
1592,6,Indianapolis,2024,August,"$ 7,371.00",25,39,6
149,6,Indianapolis,2024,August,"$ 7,249.42",42,58,7
2008,6,Indianapolis,2024,August,"$ 7,191.38",41,62,8
179,6,Indianapolis,2024,August,"$ 6,527.32",42,68,9
112,6,Indianapolis,2024,August,"$ 6,504.16",38,59,10
1594,6,Indianapolis,2024,September,"$ 11,847.00",22,33,1
204,6,Indianapolis,2024,September,"$ 8,567.32",42,68,2
211,6,Indianapolis,2024,September,"$ 8,267.22",51,78,3
212,6,Indianapolis,2024,September,"$ 7,880.29",43,71,4
198,6,Indianapolis,2024,September,"$ 7,447.44",36,56,5
1572,6,Indianapolis,2024,September,"$ 7,160.00",26,40,6
1551,6,Indianapolis,2024,September,"$ 7,128.45",18,31,7
1593,6,Indianapolis,2024,September,"$ 6,897.00",20,33,8
177,6,Indianapolis,2024,September,"$ 6,719.36",43,64,9
2012,6,Indianapolis,2024,September,"$ 6,659.26",47,74,10
1594,6,Indianapolis,2024,October,"$ 15,437.00",31,43,1
206,6,Indianapolis,2024,October,"$ 8,989.42",38,58,2
1593,6,Indianapolis,2024,October,"$ 8,778.00",26,42,3
106,6,Indianapolis,2024,October,"$ 8,010.80",43,70,4
198,6,Indianapolis,2024,October,"$ 7,447.44",38,56,5
2006,6,Indianapolis,2024,October,"$ 7,310.55",46,65,6
177,6,Indianapolis,2024,October,"$ 7,139.32",47,68,7
173,6,Indianapolis,2024,October,"$ 6,611.43",38,57,8
1591,6,Indianapolis,2024,October,"$ 6,591.00",25,39,9
201,6,Indianapolis,2024,October,"$ 6,499.50",33,50,10
201,6,Indianapolis,2024,November,"$ 8,319.36",41,64,1
198,6,Indianapolis,2024,November,"$ 8,245.38",39,62,2
204,6,Indianapolis,2024,November,"$ 7,433.41",36,59,3
212,6,Indianapolis,2024,November,"$ 7,325.34",46,66,4
106,6,Indianapolis,2024,November,"$ 6,866.40",40,60,5
2011,6,Indianapolis,2024,November,"$ 6,833.33",39,67,6
206,6,Indianapolis,2024,November,"$ 6,819.56",30,44,7
1552,6,Indianapolis,2024,November,"$ 6,498.70",14,26,8
242,6,Indianapolis,2024,November,"$ 6,269.43",40,57,9
2008,6,Indianapolis,2024,November,"$ 6,263.46",35,54,10
201,6,Indianapolis,2024,December,"$ 11,049.15",59,85,1
206,6,Indianapolis,2024,December,"$ 11,004.29",45,71,2
149,6,Indianapolis,2024,December,"$ 10,374.17",54,83,3
1552,6,Indianapolis,2024,December,"$ 9,998.00",27,40,4
1594,6,Indianapolis,2024,December,"$ 9,693.00",18,27,5
177,6,Indianapolis,2024,December,"$ 8,399.20",52,80,6
2011,6,Indianapolis,2024,December,"$ 8,261.19",52,81,7
185,6,Indianapolis,2024,December,"$ 8,249.25",49,75,8
2009,6,Indianapolis,2024,December,"$ 7,999.20",53,80,9
106,6,Indianapolis,2024,December,"$ 7,896.36",41,69,10
206,7,Detroit,2019,January,"$ 10,849.30",46,70,1
1594,7,Detroit,2019,January,"$ 10,052.00",15,28,2
212,7,Detroit,2019,January,"$ 9,323.16",54,84,3
1552,7,Detroit,2019,January,"$ 8,748.25",24,35,4
201,7,Detroit,2019,January,"$ 7,149.45",37,55,5
106,7,Detroit,2019,January,"$ 6,408.64",39,56,6
168,7,Detroit,2019,January,"$ 6,399.36",44,64,7
198,7,Detroit,2019,January,"$ 6,383.52",33,48,8
2008,7,Detroit,2019,January,"$ 6,379.45",36,55,9
204,7,Detroit,2019,January,"$ 6,299.50",32,50,10
1594,7,Detroit,2019,Febuary,"$ 9,334.00",16,26,1
204,7,Detroit,2019,Febuary,"$ 8,315.34",43,66,2
201,7,Detroit,2019,Febuary,"$ 7,409.43",35,57,3
1551,7,Detroit,2019,Febuary,"$ 7,128.45",20,31,4
1552,7,Detroit,2019,Febuary,"$ 6,998.60",18,28,5
206,7,Detroit,2019,Febuary,"$ 6,664.57",26,43,6
109,7,Detroit,2019,Febuary,"$ 6,408.64",36,56,7
198,7,Detroit,2019,Febuary,"$ 6,383.52",33,48,8
2010,7,Detroit,2019,Febuary,"$ 6,199.38",39,62,9
115,7,Detroit,2019,Febuary,"$ 6,179.76",36,54,10
1594,7,Detroit,2019,March,"$ 12,206.00",21,34,1
204,7,Detroit,2019,March,"$ 8,441.33",40,67,2
106,7,Detroit,2019,March,"$ 7,781.92",44,68,3
1551,7,Detroit,2019,March,"$ 7,588.35",21,33,4
242,7,Detroit,2019,March,"$ 7,479.32",42,68,5
112,7,Detroit,2019,March,"$ 7,275.84",42,66,6
149,7,Detroit,2019,March,"$ 7,124.43",39,57,7
123,7,Detroit,2019,March,"$ 6,554.31",49,69,8
2006,7,Detroit,2019,March,"$ 6,523.26",38,58,9
109,7,Detroit,2019,March,"$ 6,523.08",41,57,10
1594,7,Detroit,2019,April,"$ 8,975.00",17,25,1
109,7,Detroit,2019,April,"$ 8,583.00",48,75,2
206,7,Detroit,2019,April,"$ 8,524.45",36,55,3
149,7,Detroit,2019,April,"$ 8,124.35",43,65,4
1593,7,Detroit,2019,April,"$ 7,524.00",21,36,5
106,7,Detroit,2019,April,"$ 7,095.28",41,62,6
198,7,Detroit,2019,April,"$ 7,048.47",33,53,7
162,7,Detroit,2019,April,"$ 6,479.28",43,72,8
197,7,Detroit,2019,April,"$ 6,253.41",38,59,9
1552,7,Detroit,2019,April,"$ 6,248.75",18,25,10
1594,7,Detroit,2019,May,"$ 13,283.00",22,37,1
206,7,Detroit,2019,May,"$ 11,469.26",43,74,2
1551,7,Detroit,2019,May,"$ 8,278.20",24,36,3
204,7,Detroit,2019,May,"$ 7,181.43",39,57,4
2007,7,Detroit,2019,May,"$ 7,019.40",38,60,5
197,7,Detroit,2019,May,"$ 6,677.37",40,63,6
177,7,Detroit,2019,May,"$ 6,509.38",40,62,7
1644,7,Detroit,2019,May,"$ 6,258.00",26,42,8
115,7,Detroit,2019,May,"$ 6,179.76",35,54,9
185,7,Detroit,2019,May,"$ 6,049.45",36,55,10
206,7,Detroit,2019,June,"$ 9,299.40",36,60,1
1594,7,Detroit,2019,June,"$ 8,257.00",15,23,2
242,7,Detroit,2019,June,"$ 7,809.29",44,71,3
1552,7,Detroit,2019,June,"$ 7,248.55",20,29,4
173,7,Detroit,2019,June,"$ 6,959.40",42,60,5
198,7,Detroit,2019,June,"$ 6,516.51",33,49,6
1593,7,Detroit,2019,June,"$ 6,479.00",19,31,7
197,7,Detroit,2019,June,"$ 6,359.40",39,60,8
176,7,Detroit,2019,June,"$ 6,299.37",41,63,9
121,7,Detroit,2019,June,"$ 6,269.34",43,66,10
1551,7,Detroit,2019,July,"$ 8,968.05",24,39,1
206,7,Detroit,2019,July,"$ 7,439.52",29,48,2
2007,7,Detroit,2019,July,"$ 7,370.37",43,63,3
1552,7,Detroit,2019,July,"$ 7,248.55",21,29,4
14,7,Detroit,2019,July,"$ 7,223.30",57,85,5
198,7,Detroit,2019,July,"$ 7,181.46",36,54,6
201,7,Detroit,2019,July,"$ 6,889.47",34,53,7
1594,7,Detroit,2019,July,"$ 6,821.00",13,19,8
1592,7,Detroit,2019,July,"$ 6,804.00",21,36,9
204,7,Detroit,2019,July,"$ 6,677.47",40,53,10
1594,7,Detroit,2019,August,"$ 9,693.00",19,27,1
1552,7,Detroit,2019,August,"$ 8,248.35",22,33,2
206,7,Detroit,2019,August,"$ 7,904.49",35,51,3
177,7,Detroit,2019,August,"$ 7,664.27",48,73,4
201,7,Detroit,2019,August,"$ 7,539.42",36,58,5
211,7,Detroit,2019,August,"$ 7,313.31",44,69,6
2006,7,Detroit,2019,August,"$ 6,973.14",41,62,7
204,7,Detroit,2019,August,"$ 6,803.46",38,54,8
156,7,Detroit,2019,August,"$ 6,799.32",47,68,9
109,7,Detroit,2019,August,"$ 6,751.96",38,59,10
206,7,Detroit,2019,September,"$ 7,749.50",37,50,1
152,7,Detroit,2019,September,"$ 7,199.28",43,72,2
1594,7,Detroit,2019,September,"$ 6,821.00",14,19,3
173,7,Detroit,2019,September,"$ 6,263.46",36,54,4
250,7,Detroit,2019,September,"$ 6,230.33",45,67,5
2006,7,Detroit,2019,September,"$ 6,185.85",35,55,6
185,7,Detroit,2019,September,"$ 6,049.45",32,55,7
2011,7,Detroit,2019,September,"$ 5,915.42",38,58,8
16,7,Detroit,2019,September,"$ 5,863.62",45,69,9
204,7,Detroit,2019,September,"$ 5,669.55",27,45,10
1552,7,Detroit,2019,October,"$ 10,247.95",24,41,1
206,7,Detroit,2019,October,"$ 9,144.41",37,59,2
1594,7,Detroit,2019,October,"$ 8,975.00",15,25,3
173,7,Detroit,2019,October,"$ 8,119.30",42,70,4
2007,7,Detroit,2019,October,"$ 7,604.35",42,65,5
204,7,Detroit,2019,October,"$ 7,559.40",40,60,6
2008,7,Detroit,2019,October,"$ 7,307.37",42,63,7
211,7,Detroit,2019,October,"$ 7,207.32",45,68,8
2011,7,Detroit,2019,October,"$ 7,139.30",43,70,9
197,7,Detroit,2019,October,"$ 7,101.33",43,67,10
1594,7,Detroit,2019,November,"$ 9,693.00",19,27,1
1593,7,Detroit,2019,November,"$ 7,942.00",24,38,2
109,7,Detroit,2019,November,"$ 7,781.92",46,68,3
206,7,Detroit,2019,November,"$ 7,749.50",33,50,4
204,7,Detroit,2019,November,"$ 7,685.39",41,61,5
183,7,Detroit,2019,November,"$ 7,499.25",46,75,6
2007,7,Detroit,2019,November,"$ 7,487.36",43,64,7
1571,7,Detroit,2019,November,"$ 7,473.00",29,47,8
2006,7,Detroit,2019,November,"$ 6,973.14",41,62,9
198,7,Detroit,2019,November,"$ 6,915.48",33,52,10
1594,7,Detroit,2019,December,"$ 11,488.00",20,32,1
206,7,Detroit,2019,December,"$ 9,764.37",44,63,2
149,7,Detroit,2019,December,"$ 9,624.23",51,77,3
109,7,Detroit,2019,December,"$ 9,498.52",57,83,4
201,7,Detroit,2019,December,"$ 9,229.29",46,71,5
211,7,Detroit,2019,December,"$ 9,221.13",57,87,6
1592,7,Detroit,2019,December,"$ 8,883.00",29,47,7
2009,7,Detroit,2019,December,"$ 8,799.12",57,88,8
1552,7,Detroit,2019,December,"$ 8,498.30",26,34,9
115,7,Detroit,2019,December,"$ 8,468.56",47,74,10
1552,7,Detroit,2020,January,"$ 10,997.80",25,44,1
1594,7,Detroit,2020,January,"$ 9,693.00",18,27,2
206,7,Detroit,2020,January,"$ 9,454.39",41,61,3
115,7,Detroit,2020,January,"$ 8,697.44",46,76,4
204,7,Detroit,2020,January,"$ 8,189.35",43,65,5
149,7,Detroit,2020,January,"$ 7,874.37",42,63,6
1592,7,Detroit,2020,January,"$ 7,749.00",24,41,7
212,7,Detroit,2020,January,"$ 7,658.31",45,69,8
201,7,Detroit,2020,January,"$ 7,279.44",37,56,9
14,7,Detroit,2020,January,"$ 7,138.32",52,84,10
1594,7,Detroit,2020,Febuary,"$ 10,770.00",18,30,1
2008,7,Detroit,2020,Febuary,"$ 8,467.27",48,73,2
149,7,Detroit,2020,Febuary,"$ 8,124.35",42,65,3
1552,7,Detroit,2020,Febuary,"$ 7,998.40",24,32,4
175,7,Detroit,2020,Febuary,"$ 7,989.06",58,94,5
198,7,Detroit,2020,Febuary,"$ 7,713.42",42,58,6
115,7,Detroit,2020,Febuary,"$ 7,667.48",43,67,7
173,7,Detroit,2020,Febuary,"$ 7,539.35",42,65,8
1601,7,Detroit,2020,Febuary,"$ 7,518.00",26,42,9
204,7,Detroit,2020,Febuary,"$ 7,181.43",38,57,10
1594,7,Detroit,2020,March,"$ 11,488.00",22,32,1
1551,7,Detroit,2020,March,"$ 10,117.80",30,44,2
109,7,Detroit,2020,March,"$ 9,040.76",49,79,3
156,7,Detroit,2020,March,"$ 8,499.15",53,85,4
242,7,Detroit,2020,March,"$ 8,469.23",51,77,5
206,7,Detroit,2020,March,"$ 7,904.49",33,51,6
1595,7,Detroit,2020,March,"$ 7,649.49",31,51,7
201,7,Detroit,2020,March,"$ 7,539.42",40,58,8
149,7,Detroit,2020,March,"$ 7,374.41",39,59,9
181,7,Detroit,2020,March,"$ 7,199.25",50,75,10
206,7,Detroit,2020,April,"$ 11,159.28",46,72,1
198,7,Detroit,2020,April,"$ 9,043.32",47,68,2
1594,7,Detroit,2020,April,"$ 8,257.00",17,23,3
115,7,Detroit,2020,April,"$ 8,239.68",47,72,4
173,7,Detroit,2020,April,"$ 8,119.30",47,70,5
1572,7,Detroit,2020,April,"$ 7,518.00",26,42,6
168,7,Detroit,2020,April,"$ 7,499.25",54,75,7
1645,7,Detroit,2020,April,"$ 6,981.00",26,39,8
1551,7,Detroit,2020,April,"$ 6,898.50",18,30,9
212,7,Detroit,2020,April,"$ 6,881.38",39,62,10
1594,7,Detroit,2020,May,"$ 12,924.00",25,36,1
198,7,Detroit,2020,May,"$ 9,708.27",47,73,2
1551,7,Detroit,2020,May,"$ 8,508.15",23,37,3
206,7,Detroit,2020,May,"$ 8,369.46",39,54,4
204,7,Detroit,2020,May,"$ 7,937.37",44,63,5
109,7,Detroit,2020,May,"$ 7,896.36",44,69,6
201,7,Detroit,2020,May,"$ 7,799.40",40,60,7
119,7,Detroit,2020,May,"$ 7,559.20",50,80,8
135,7,Detroit,2020,May,"$ 7,475.16",50,84,9
115,7,Detroit,2020,May,"$ 7,438.60",42,65,10
1594,7,Detroit,2020,June,"$ 14,001.00",26,39,1
198,7,Detroit,2020,June,"$ 9,309.30",44,70,2
1552,7,Detroit,2020,June,"$ 8,748.25",23,35,3
149,7,Detroit,2020,June,"$ 8,249.34",42,66,4
206,7,Detroit,2020,June,"$ 7,904.49",36,51,5
106,7,Detroit,2020,June,"$ 7,781.92",46,68,6
1551,7,Detroit,2020,June,"$ 7,588.35",23,33,7
185,7,Detroit,2020,June,"$ 7,479.32",44,68,8
2007,7,Detroit,2020,June,"$ 7,370.37",44,63,9
9,7,Detroit,2020,June,"$ 7,313.10",62,95,10
1594,7,Detroit,2020,July,"$ 13,642.00",25,38,1
206,7,Detroit,2020,July,"$ 10,229.34",43,66,2
1551,7,Detroit,2020,July,"$ 8,738.10",25,38,3
198,7,Detroit,2020,July,"$ 8,511.36",42,64,4
109,7,Detroit,2020,July,"$ 8,354.12",53,73,5
2007,7,Detroit,2020,July,"$ 8,306.29",48,71,6
185,7,Detroit,2020,July,"$ 7,919.28",44,72,7
149,7,Detroit,2020,July,"$ 7,749.38",41,62,8
1552,7,Detroit,2020,July,"$ 7,748.45",20,31,9
197,7,Detroit,2020,July,"$ 7,737.27",46,73,10
1594,7,Detroit,2020,August,"$ 10,052.00",20,28,1
204,7,Detroit,2020,August,"$ 9,197.27",45,73,2
198,7,Detroit,2020,August,"$ 7,979.40",37,60,3
206,7,Detroit,2020,August,"$ 7,904.49",34,51,4
242,7,Detroit,2020,August,"$ 7,479.32",44,68,5
201,7,Detroit,2020,August,"$ 7,409.43",36,57,6
271,7,Detroit,2020,August,"$ 7,019.22",51,78,7
115,7,Detroit,2020,August,"$ 6,980.84",38,61,8
219,7,Detroit,2020,August,"$ 6,967.33",43,67,9
177,7,Detroit,2020,August,"$ 6,929.34",44,66,10
1594,7,Detroit,2020,September,"$ 11,488.00",25,32,1
206,7,Detroit,2020,September,"$ 9,609.38",40,62,2
1552,7,Detroit,2020,September,"$ 9,248.15",27,37,3
201,7,Detroit,2020,September,"$ 8,839.32",43,68,4
204,7,Detroit,2020,September,"$ 8,693.31",45,69,5
251,7,Detroit,2020,September,"$ 8,369.10",56,90,6
149,7,Detroit,2020,September,"$ 8,124.35",43,65,7
173,7,Detroit,2020,September,"$ 8,003.31",46,69,8
115,7,Detroit,2020,September,"$ 7,438.60",46,65,9
121,7,Detroit,2020,September,"$ 7,409.22",52,78,10
1551,7,Detroit,2020,October,"$ 11,037.60",32,48,1
1594,7,Detroit,2020,October,"$ 10,770.00",22,30,2
1593,7,Detroit,2020,October,"$ 9,405.00",31,45,3
1552,7,Detroit,2020,October,"$ 8,748.25",24,35,4
1601,7,Detroit,2020,October,"$ 7,697.00",25,43,5
198,7,Detroit,2020,October,"$ 7,580.43",37,57,6
197,7,Detroit,2020,October,"$ 7,419.30",48,70,7
1596,7,Detroit,2020,October,"$ 7,379.59",23,41,8
181,7,Detroit,2020,October,"$ 7,295.24",47,76,9
201,7,Detroit,2020,October,"$ 7,279.44",40,56,10
1594,7,Detroit,2020,November,"$ 10,770.00",20,30,1
109,7,Detroit,2020,November,"$ 8,583.00",45,75,2
149,7,Detroit,2020,November,"$ 8,124.35",45,65,3
211,7,Detroit,2020,November,"$ 7,949.25",49,75,4
177,7,Detroit,2020,November,"$ 7,664.27",50,73,5
1635,7,Detroit,2020,November,"$ 7,559.58",27,42,6
106,7,Detroit,2020,November,"$ 7,438.60",41,65,7
201,7,Detroit,2020,November,"$ 7,409.43",37,57,8
2007,7,Detroit,2020,November,"$ 7,370.37",40,63,9
172,7,Detroit,2020,November,"$ 7,314.23",52,77,10
1594,7,Detroit,2020,December,"$ 15,437.00",26,43,1
1551,7,Detroit,2020,December,"$ 11,267.55",31,49,2
1552,7,Detroit,2020,December,"$ 10,497.90",27,42,3
1593,7,Detroit,2020,December,"$ 10,241.00",32,49,4
206,7,Detroit,2020,December,"$ 10,229.34",40,66,5
198,7,Detroit,2020,December,"$ 9,841.26",50,74,6
201,7,Detroit,2020,December,"$ 9,619.26",49,74,7
2011,7,Detroit,2020,December,"$ 9,587.06",62,94,8
212,7,Detroit,2020,December,"$ 8,990.19",52,81,9
2008,7,Detroit,2020,December,"$ 8,931.23",49,77,10
1594,7,Detroit,2021,January,"$ 12,206.00",22,34,1
242,7,Detroit,2021,January,"$ 7,589.31",45,69,2
2007,7,Detroit,2021,January,"$ 7,136.39",36,61,3
206,7,Detroit,2021,January,"$ 6,974.55",32,45,4
2010,7,Detroit,2021,January,"$ 6,899.31",40,69,5
1635,7,Detroit,2021,January,"$ 6,839.62",25,38,6
106,7,Detroit,2021,January,"$ 6,523.08",34,57,7
185,7,Detroit,2021,January,"$ 6,489.41",39,59,8
2006,7,Detroit,2021,January,"$ 6,410.79",37,57,9
177,7,Detroit,2021,January,"$ 6,404.39",40,61,10
206,7,Detroit,2021,Febuary,"$ 7,904.49",33,51,1
1552,7,Detroit,2021,Febuary,"$ 7,748.45",18,31,2
1594,7,Detroit,2021,Febuary,"$ 6,462.00",12,18,3
1645,7,Detroit,2021,Febuary,"$ 6,265.00",23,35,4
115,7,Detroit,2021,Febuary,"$ 6,179.76",36,54,5
198,7,Detroit,2021,Febuary,"$ 5,718.57",29,43,6
177,7,Detroit,2021,Febuary,"$ 5,564.47",35,53,7
204,7,Detroit,2021,Febuary,"$ 5,543.56",28,44,8
242,7,Detroit,2021,Febuary,"$ 5,499.50",36,50,9
201,7,Detroit,2021,Febuary,"$ 5,329.59",29,41,10
204,7,Detroit,2021,March,"$ 8,315.34",43,66,1
206,7,Detroit,2021,March,"$ 7,749.50",33,50,2
1594,7,Detroit,2021,March,"$ 7,539.00",18,21,3
112,7,Detroit,2021,March,"$ 7,386.08",41,67,4
1593,7,Detroit,2021,March,"$ 7,106.00",19,34,5
197,7,Detroit,2021,March,"$ 6,677.37",40,63,6
1596,7,Detroit,2021,March,"$ 6,659.63",22,37,7
250,7,Detroit,2021,March,"$ 6,602.29",49,71,8
183,7,Detroit,2021,March,"$ 6,599.34",45,66,9
173,7,Detroit,2021,March,"$ 6,495.44",40,56,10
1594,7,Detroit,2021,April,"$ 11,847.00",21,33,1
1552,7,Detroit,2021,April,"$ 9,998.00",27,40,2
198,7,Detroit,2021,April,"$ 7,447.44",34,56,3
206,7,Detroit,2021,April,"$ 7,284.53",31,47,4
2009,7,Detroit,2021,April,"$ 7,099.29",48,71,5
1593,7,Detroit,2021,April,"$ 6,688.00",21,32,6
1635,7,Detroit,2021,April,"$ 6,659.63",21,37,7
212,7,Detroit,2021,April,"$ 6,659.40",38,60,8
109,7,Detroit,2021,April,"$ 6,637.52",39,58,9
185,7,Detroit,2021,April,"$ 6,489.41",39,59,10
1594,7,Detroit,2021,May,"$ 8,257.00",14,23,1
112,7,Detroit,2021,May,"$ 7,606.56",46,69,2
198,7,Detroit,2021,May,"$ 7,048.47",33,53,3
1645,7,Detroit,2021,May,"$ 6,623.00",23,37,4
265,7,Detroit,2021,May,"$ 6,399.36",41,64,5
204,7,Detroit,2021,May,"$ 6,173.51",34,49,6
2006,7,Detroit,2021,May,"$ 5,960.91",35,53,7
185,7,Detroit,2021,May,"$ 5,829.47",37,53,8
173,7,Detroit,2021,May,"$ 5,683.51",33,49,9
1593,7,Detroit,2021,May,"$ 5,643.00",16,27,10
1551,7,Detroit,2021,June,"$ 10,347.75",28,45,1
1594,7,Detroit,2021,June,"$ 10,052.00",21,28,2
2006,7,Detroit,2021,June,"$ 8,097.84",45,72,3
206,7,Detroit,2021,June,"$ 7,749.50",32,50,4
204,7,Detroit,2021,June,"$ 7,685.39",39,61,5
2007,7,Detroit,2021,June,"$ 7,019.40",38,60,6
201,7,Detroit,2021,June,"$ 6,759.48",33,52,7
109,7,Detroit,2021,June,"$ 6,637.52",42,58,8
198,7,Detroit,2021,June,"$ 6,383.52",32,48,9
212,7,Detroit,2021,June,"$ 6,215.44",36,56,10
1594,7,Detroit,2021,July,"$ 11,129.00",20,31,1
173,7,Detroit,2021,July,"$ 7,771.33",44,67,2
204,7,Detroit,2021,July,"$ 7,685.39",42,61,3
115,7,Detroit,2021,July,"$ 7,438.60",44,65,4
242,7,Detroit,2021,July,"$ 7,369.33",43,67,5
149,7,Detroit,2021,July,"$ 7,249.42",34,58,6
2008,7,Detroit,2021,July,"$ 7,075.39",39,61,7
206,7,Detroit,2021,July,"$ 6,819.56",31,44,8
1592,7,Detroit,2021,July,"$ 6,426.00",21,34,9
2007,7,Detroit,2021,July,"$ 6,317.46",37,54,10
1594,7,Detroit,2021,August,"$ 10,052.00",19,28,1
109,7,Detroit,2021,August,"$ 7,553.04",40,66,2
2007,7,Detroit,2021,August,"$ 7,136.39",41,61,3
206,7,Detroit,2021,August,"$ 6,819.56",29,44,4
201,7,Detroit,2021,August,"$ 6,759.48",32,52,5
1593,7,Detroit,2021,August,"$ 6,688.00",22,32,6
1551,7,Detroit,2021,August,"$ 6,668.55",19,29,7
1635,7,Detroit,2021,August,"$ 6,659.63",23,37,8
1989,7,Detroit,2021,August,"$ 6,467.23",49,77,9
185,7,Detroit,2021,August,"$ 6,379.42",38,58,10
1594,7,Detroit,2021,September,"$ 11,488.00",21,32,1
206,7,Detroit,2021,September,"$ 7,594.51",33,49,2
1552,7,Detroit,2021,September,"$ 6,998.60",19,28,3
109,7,Detroit,2021,September,"$ 6,980.84",39,61,4
2008,7,Detroit,2021,September,"$ 6,727.42",40,58,5
149,7,Detroit,2021,September,"$ 6,374.49",32,51,6
201,7,Detroit,2021,September,"$ 6,369.51",32,49,7
112,7,Detroit,2021,September,"$ 6,283.68",37,57,8
2006,7,Detroit,2021,September,"$ 6,185.85",36,55,9
173,7,Detroit,2021,September,"$ 6,031.48",35,52,10
206,7,Detroit,2021,October,"$ 9,919.36",43,64,1
1594,7,Detroit,2021,October,"$ 8,975.00",17,25,2
201,7,Detroit,2021,October,"$ 7,929.39",43,61,3
2007,7,Detroit,2021,October,"$ 7,721.34",46,66,4
173,7,Detroit,2021,October,"$ 7,423.36",43,64,5
204,7,Detroit,2021,October,"$ 7,307.42",38,58,6
106,7,Detroit,2021,October,"$ 7,209.72",38,63,7
1551,7,Detroit,2021,October,"$ 6,668.55",21,29,8
179,7,Detroit,2021,October,"$ 6,623.31",48,69,9
1634,7,Detroit,2021,October,"$ 6,599.56",28,44,10
1594,7,Detroit,2021,November,"$ 11,488.00",21,32,1
206,7,Detroit,2021,November,"$ 8,369.46",37,54,2
149,7,Detroit,2021,November,"$ 6,624.47",34,53,3
1552,7,Detroit,2021,November,"$ 6,498.70",18,26,4
1596,7,Detroit,2021,November,"$ 6,479.64",22,36,5
177,7,Detroit,2021,November,"$ 6,299.40",40,60,6
1592,7,Detroit,2021,November,"$ 6,237.00",22,33,7
204,7,Detroit,2021,November,"$ 6,173.51",30,49,8
2007,7,Detroit,2021,November,"$ 6,083.48",34,52,9
251,7,Detroit,2021,November,"$ 5,951.36",43,64,10
1594,7,Detroit,2021,December,"$ 12,206.00",25,34,1
1551,7,Detroit,2021,December,"$ 11,267.55",32,49,2
201,7,Detroit,2021,December,"$ 9,749.25",53,75,3
1593,7,Detroit,2021,December,"$ 9,405.00",28,45,4
206,7,Detroit,2021,December,"$ 9,144.41",43,59,5
198,7,Detroit,2021,December,"$ 8,777.34",44,66,6
106,7,Detroit,2021,December,"$ 8,697.44",50,76,7
211,7,Detroit,2021,December,"$ 8,585.19",56,81,8
2006,7,Detroit,2021,December,"$ 8,435.25",51,75,9
242,7,Detroit,2021,December,"$ 7,919.28",48,72,10
1552,7,Detroit,2022,January,"$ 10,247.95",27,41,1
1594,7,Detroit,2022,January,"$ 10,052.00",18,28,2
1551,7,Detroit,2022,January,"$ 7,588.35",20,33,3
206,7,Detroit,2022,January,"$ 7,439.52",33,48,4
198,7,Detroit,2022,January,"$ 7,314.45",37,55,5
2007,7,Detroit,2022,January,"$ 7,253.38",42,62,6
149,7,Detroit,2022,January,"$ 7,124.43",38,57,7
2008,7,Detroit,2022,January,"$ 6,959.40",40,60,8
211,7,Detroit,2022,January,"$ 6,889.35",47,65,9
115,7,Detroit,2022,January,"$ 6,523.08",38,57,10
198,7,Detroit,2022,Febuary,"$ 8,910.33",46,67,1
1594,7,Detroit,2022,Febuary,"$ 8,616.00",15,24,2
206,7,Detroit,2022,Febuary,"$ 8,059.48",34,52,3
2008,7,Detroit,2022,Febuary,"$ 7,075.39",38,61,4
185,7,Detroit,2022,Febuary,"$ 6,929.37",40,63,5
168,7,Detroit,2022,Febuary,"$ 6,699.33",45,67,6
265,7,Detroit,2022,Febuary,"$ 6,699.33",42,67,7
1635,7,Detroit,2022,Febuary,"$ 6,659.63",25,37,8
201,7,Detroit,2022,Febuary,"$ 6,629.49",34,51,9
112,7,Detroit,2022,Febuary,"$ 6,283.68",37,57,10
1594,7,Detroit,2022,March,"$ 12,565.00",22,35,1
201,7,Detroit,2022,March,"$ 9,619.26",53,74,2
204,7,Detroit,2022,March,"$ 8,063.36",44,64,3
1593,7,Detroit,2022,March,"$ 7,942.00",24,38,4
1551,7,Detroit,2022,March,"$ 7,588.35",22,33,5
242,7,Detroit,2022,March,"$ 7,479.32",44,68,6
173,7,Detroit,2022,March,"$ 6,959.40",39,60,7
112,7,Detroit,2022,March,"$ 6,724.64",42,61,8
156,7,Detroit,2022,March,"$ 6,699.33",44,67,9
250,7,Detroit,2022,March,"$ 6,695.28",48,72,10
1594,7,Detroit,2022,April,"$ 13,642.00",24,38,1
206,7,Detroit,2022,April,"$ 8,679.44",38,56,2
112,7,Detroit,2022,April,"$ 7,165.60",41,65,3
1571,7,Detroit,2022,April,"$ 6,996.00",30,44,4
149,7,Detroit,2022,April,"$ 6,749.46",39,54,5
1601,7,Detroit,2022,April,"$ 6,623.00",21,37,6
168,7,Detroit,2022,April,"$ 6,299.37",44,63,7
176,7,Detroit,2022,April,"$ 6,299.37",43,63,8
106,7,Detroit,2022,April,"$ 6,294.20",34,55,9
115,7,Detroit,2022,April,"$ 6,294.20",35,55,10
1594,7,Detroit,2022,May,"$ 9,693.00",17,27,1
1551,7,Detroit,2022,May,"$ 7,588.35",23,33,2
212,7,Detroit,2022,May,"$ 7,436.33",40,67,3
149,7,Detroit,2022,May,"$ 7,124.43",38,57,4
204,7,Detroit,2022,May,"$ 7,055.44",37,56,5
2006,7,Detroit,2022,May,"$ 6,973.14",40,62,6
2007,7,Detroit,2022,May,"$ 6,902.41",41,59,7
254,7,Detroit,2022,May,"$ 6,881.26",46,74,8
7,7,Detroit,2022,May,"$ 6,628.44",50,78,9
265,7,Detroit,2022,May,"$ 6,599.34",42,66,10
1594,7,Detroit,2022,June,"$ 10,411.00",17,29,1
1551,7,Detroit,2022,June,"$ 7,588.35",22,33,2
1635,7,Detroit,2022,June,"$ 7,379.59",24,41,3
2007,7,Detroit,2022,June,"$ 7,136.39",40,61,4
1552,7,Detroit,2022,June,"$ 6,998.60",18,28,5
149,7,Detroit,2022,June,"$ 6,749.46",33,54,6
204,7,Detroit,2022,June,"$ 6,677.47",36,53,7
172,7,Detroit,2022,June,"$ 6,649.30",43,70,8
211,7,Detroit,2022,June,"$ 6,571.38",42,62,9
198,7,Detroit,2022,June,"$ 6,516.51",31,49,10
1594,7,Detroit,2022,July,"$ 10,770.00",22,30,1
1593,7,Detroit,2022,July,"$ 9,405.00",29,45,2
2008,7,Detroit,2022,July,"$ 8,931.23",46,77,3
115,7,Detroit,2022,July,"$ 8,125.24",45,71,4
198,7,Detroit,2022,July,"$ 7,314.45",37,55,5
1592,7,Detroit,2022,July,"$ 6,993.00",22,37,6
206,7,Detroit,2022,July,"$ 6,974.55",31,45,7
1591,7,Detroit,2022,July,"$ 6,929.00",30,41,8
106,7,Detroit,2022,July,"$ 6,866.40",43,60,9
1596,7,Detroit,2022,July,"$ 6,839.62",25,38,10
206,7,Detroit,2022,August,"$ 8,834.43",41,57,1
109,7,Detroit,2022,August,"$ 8,697.44",53,76,2
201,7,Detroit,2022,August,"$ 8,449.35",41,65,3
2010,7,Detroit,2022,August,"$ 7,899.21",48,79,4
1551,7,Detroit,2022,August,"$ 7,818.30",22,34,5
1594,7,Detroit,2022,August,"$ 7,180.00",14,20,6
2006,7,Detroit,2022,August,"$ 7,085.61",41,63,7
112,7,Detroit,2022,August,"$ 6,945.12",38,63,8
2007,7,Detroit,2022,August,"$ 6,902.41",42,59,9
1645,7,Detroit,2022,August,"$ 6,802.00",22,38,10
1594,7,Detroit,2022,September,"$ 15,437.00",27,43,1
206,7,Detroit,2022,September,"$ 9,299.40",39,60,2
1551,7,Detroit,2022,September,"$ 8,508.15",23,37,3
212,7,Detroit,2022,September,"$ 7,991.28",46,72,4
149,7,Detroit,2022,September,"$ 7,749.38",41,62,5
115,7,Detroit,2022,September,"$ 7,209.72",42,63,6
2008,7,Detroit,2022,September,"$ 6,959.40",36,60,7
2011,7,Detroit,2022,September,"$ 6,935.32",42,68,8
106,7,Detroit,2022,September,"$ 6,866.40",40,60,9
204,7,Detroit,2022,September,"$ 6,677.47",34,53,10
1594,7,Detroit,2022,October,"$ 12,206.00",23,34,1
206,7,Detroit,2022,October,"$ 10,229.34",43,66,2
198,7,Detroit,2022,October,"$ 9,309.30",46,70,3
1552,7,Detroit,2022,October,"$ 8,498.30",22,34,4
1596,7,Detroit,2022,October,"$ 7,739.57",25,43,5
173,7,Detroit,2022,October,"$ 7,655.34",42,66,6
2006,7,Detroit,2022,October,"$ 7,085.61",42,63,7
121,7,Detroit,2022,October,"$ 6,649.30",45,70,8
115,7,Detroit,2022,October,"$ 6,637.52",37,58,9
1551,7,Detroit,2022,October,"$ 6,438.60",19,28,10
1594,7,Detroit,2022,November,"$ 8,975.00",16,25,1
206,7,Detroit,2022,November,"$ 8,834.43",39,57,2
1551,7,Detroit,2022,November,"$ 8,508.15",23,37,3
149,7,Detroit,2022,November,"$ 8,249.34",41,66,4
212,7,Detroit,2022,November,"$ 8,102.27",47,73,5
198,7,Detroit,2022,November,"$ 7,846.41",43,59,6
1552,7,Detroit,2022,November,"$ 7,748.45",20,31,7
2011,7,Detroit,2022,November,"$ 7,139.30",42,70,8
152,7,Detroit,2022,November,"$ 6,799.32",46,68,9
115,7,Detroit,2022,November,"$ 6,751.96",37,59,10
1594,7,Detroit,2022,December,"$ 15,796.00",30,44,1
206,7,Detroit,2022,December,"$ 9,299.40",42,60,2
1551,7,Detroit,2022,December,"$ 8,968.05",22,39,3
198,7,Detroit,2022,December,"$ 8,644.35",45,65,4
176,7,Detroit,2022,December,"$ 8,599.14",55,86,5
173,7,Detroit,2022,December,"$ 8,351.28",44,72,6
197,7,Detroit,2022,December,"$ 8,161.23",48,77,7
201,7,Detroit,2022,December,"$ 7,929.39",42,61,8
212,7,Detroit,2022,December,"$ 7,880.29",46,71,9
2010,7,Detroit,2022,December,"$ 7,599.24",48,76,10
1594,7,Detroit,2023,January,"$ 9,334.00",16,26,1
1552,7,Detroit,2023,January,"$ 8,998.20",25,36,2
201,7,Detroit,2023,January,"$ 8,449.35",41,65,3
206,7,Detroit,2023,January,"$ 7,594.51",33,49,4
198,7,Detroit,2023,January,"$ 7,181.46",33,54,5
112,7,Detroit,2023,January,"$ 7,165.60",40,65,6
242,7,Detroit,2023,January,"$ 6,599.40",40,60,7
1571,7,Detroit,2023,January,"$ 6,360.00",26,40,8
149,7,Detroit,2023,January,"$ 5,999.52",34,48,9
185,7,Detroit,2023,January,"$ 5,939.46",35,54,10
2007,7,Detroit,2023,Febuary,"$ 6,434.45",35,55,1
204,7,Detroit,2023,Febuary,"$ 6,173.51",34,49,2
1594,7,Detroit,2023,Febuary,"$ 6,103.00",11,17,3
112,7,Detroit,2023,Febuary,"$ 5,842.72",35,53,4
2006,7,Detroit,2023,Febuary,"$ 5,623.50",30,50,5
211,7,Detroit,2023,Febuary,"$ 5,511.48",32,52,6
1645,7,Detroit,2023,Febuary,"$ 5,370.00",18,30,7
206,7,Detroit,2023,Febuary,"$ 5,269.66",23,34,8
2009,7,Detroit,2023,Febuary,"$ 5,199.48",34,52,9
109,7,Detroit,2023,Febuary,"$ 5,149.80",27,45,10
1594,7,Detroit,2023,March,"$ 11,847.00",21,33,1
1593,7,Detroit,2023,March,"$ 7,315.00",23,35,2
206,7,Detroit,2023,March,"$ 7,284.53",31,47,3
219,7,Detroit,2023,March,"$ 6,759.35",41,65,4
2011,7,Detroit,2023,March,"$ 6,425.37",45,63,5
201,7,Detroit,2023,March,"$ 6,369.51",31,49,6
1551,7,Detroit,2023,March,"$ 6,208.65",18,27,7
204,7,Detroit,2023,March,"$ 6,173.51",34,49,8
17,7,Detroit,2023,March,"$ 6,118.56",45,72,9
198,7,Detroit,2023,March,"$ 6,117.54",30,46,10
1594,7,Detroit,2023,April,"$ 11,847.00",22,33,1
206,7,Detroit,2023,April,"$ 9,299.40",39,60,2
115,7,Detroit,2023,April,"$ 7,553.04",41,66,3
212,7,Detroit,2023,April,"$ 7,547.32",46,68,4
1593,7,Detroit,2023,April,"$ 7,524.00",23,36,5
2007,7,Detroit,2023,April,"$ 6,902.41",41,59,6
197,7,Detroit,2023,April,"$ 6,889.35",43,65,7
242,7,Detroit,2023,April,"$ 6,709.39",40,61,8
201,7,Detroit,2023,April,"$ 6,499.50",32,50,9
1552,7,Detroit,2023,April,"$ 6,498.70",17,26,10
1594,7,Detroit,2023,May,"$ 10,052.00",20,28,1
1551,7,Detroit,2023,May,"$ 7,128.45",20,31,2
1593,7,Detroit,2023,May,"$ 6,688.00",20,32,3
204,7,Detroit,2023,May,"$ 6,677.47",33,53,4
197,7,Detroit,2023,May,"$ 6,677.37",42,63,5
1635,7,Detroit,2023,May,"$ 6,659.63",25,37,6
2008,7,Detroit,2023,May,"$ 6,495.44",36,56,7
109,7,Detroit,2023,May,"$ 6,408.64",36,56,8
251,7,Detroit,2023,May,"$ 6,137.34",46,66,9
176,7,Detroit,2023,May,"$ 6,099.39",37,61,10
206,7,Detroit,2023,June,"$ 9,299.40",40,60,1
1594,7,Detroit,2023,June,"$ 7,539.00",12,21,2
115,7,Detroit,2023,June,"$ 7,438.60",43,65,3
2006,7,Detroit,2023,June,"$ 7,423.02",42,66,4
176,7,Detroit,2023,June,"$ 7,299.27",45,73,5
149,7,Detroit,2023,June,"$ 7,124.43",37,57,6
198,7,Detroit,2023,June,"$ 7,048.47",35,53,7
1552,7,Detroit,2023,June,"$ 6,998.60",19,28,8
201,7,Detroit,2023,June,"$ 6,629.49",36,51,9
211,7,Detroit,2023,June,"$ 6,571.38",42,62,10
1594,7,Detroit,2023,July,"$ 10,770.00",20,30,1
201,7,Detroit,2023,July,"$ 8,839.32",47,68,2
1552,7,Detroit,2023,July,"$ 7,748.45",19,31,3
1596,7,Detroit,2023,July,"$ 7,379.59",26,41,4
1572,7,Detroit,2023,July,"$ 7,160.00",25,40,5
173,7,Detroit,2023,July,"$ 6,727.42",39,58,6
206,7,Detroit,2023,July,"$ 6,664.57",31,43,7
2008,7,Detroit,2023,July,"$ 6,495.44",39,56,8
112,7,Detroit,2023,July,"$ 6,393.92",37,58,9
1551,7,Detroit,2023,July,"$ 6,208.65",20,27,10
206,7,Detroit,2023,August,"$ 9,299.40",39,60,1
198,7,Detroit,2023,August,"$ 8,378.37",48,63,2
219,7,Detroit,2023,August,"$ 7,695.26",47,74,3
1551,7,Detroit,2023,August,"$ 7,588.35",21,33,4
1594,7,Detroit,2023,August,"$ 7,539.00",13,21,5
152,7,Detroit,2023,August,"$ 7,499.25",47,75,6
250,7,Detroit,2023,August,"$ 6,974.25",47,75,7
7,7,Detroit,2023,August,"$ 6,883.38",52,81,8
179,7,Detroit,2023,August,"$ 6,815.29",47,71,9
1591,7,Detroit,2023,August,"$ 6,760.00",23,40,10
1594,7,Detroit,2023,September,"$ 9,693.00",19,27,1
198,7,Detroit,2023,September,"$ 7,181.46",36,54,2
2007,7,Detroit,2023,September,"$ 6,902.41",37,59,3
1592,7,Detroit,2023,September,"$ 6,426.00",22,34,4
173,7,Detroit,2023,September,"$ 6,379.45",36,55,5
242,7,Detroit,2023,September,"$ 6,269.43",42,57,6
206,7,Detroit,2023,September,"$ 6,199.60",24,40,7
204,7,Detroit,2023,September,"$ 6,047.52",33,48,8
1551,7,Detroit,2023,September,"$ 5,978.70",17,26,9
149,7,Detroit,2023,September,"$ 5,874.53",31,47,10
204,7,Detroit,2023,October,"$ 8,693.31",44,69,1
201,7,Detroit,2023,October,"$ 8,449.35",37,65,2
1594,7,Detroit,2023,October,"$ 7,539.00",17,21,3
1552,7,Detroit,2023,October,"$ 7,248.55",19,29,4
2006,7,Detroit,2023,October,"$ 7,085.61",41,63,5
1572,7,Detroit,2023,October,"$ 6,981.00",24,39,6
109,7,Detroit,2023,October,"$ 6,751.96",39,59,7
115,7,Detroit,2023,October,"$ 6,751.96",39,59,8
183,7,Detroit,2023,October,"$ 6,599.34",43,66,9
206,7,Detroit,2023,October,"$ 6,509.58",27,42,10
1594,7,Detroit,2023,November,"$ 9,334.00",18,26,1
206,7,Detroit,2023,November,"$ 8,524.45",38,55,2
242,7,Detroit,2023,November,"$ 7,809.29",49,71,3
1552,7,Detroit,2023,November,"$ 7,498.50",17,30,4
149,7,Detroit,2023,November,"$ 7,374.41",41,59,5
198,7,Detroit,2023,November,"$ 7,181.46",37,54,6
1601,7,Detroit,2023,November,"$ 6,802.00",25,38,7
173,7,Detroit,2023,November,"$ 6,727.42",39,58,8
212,7,Detroit,2023,November,"$ 6,659.40",39,60,9
109,7,Detroit,2023,November,"$ 6,637.52",38,58,10
1594,7,Detroit,2023,December,"$ 18,309.00",30,51,1
206,7,Detroit,2023,December,"$ 10,384.33",42,67,2
1552,7,Detroit,2023,December,"$ 8,998.20",22,36,3
198,7,Detroit,2023,December,"$ 7,979.40",40,60,4
109,7,Detroit,2023,December,"$ 7,896.36",49,69,5
149,7,Detroit,2023,December,"$ 7,624.39",39,61,6
219,7,Detroit,2023,December,"$ 7,591.27",50,73,7
185,7,Detroit,2023,December,"$ 7,479.32",47,68,8
197,7,Detroit,2023,December,"$ 7,313.31",42,69,9
106,7,Detroit,2023,December,"$ 7,209.72",42,63,10
1552,7,Detroit,2024,January,"$ 9,498.10",26,38,1
206,7,Detroit,2024,January,"$ 9,454.39",38,61,2
1635,7,Detroit,2024,January,"$ 8,459.53",32,47,3
1551,7,Detroit,2024,January,"$ 7,588.35",20,33,4
1594,7,Detroit,2024,January,"$ 7,539.00",14,21,5
1593,7,Detroit,2024,January,"$ 7,524.00",25,36,6
212,7,Detroit,2024,January,"$ 7,103.36",43,64,7
115,7,Detroit,2024,January,"$ 7,095.28",40,62,8
106,7,Detroit,2024,January,"$ 7,095.28",43,62,9
2007,7,Detroit,2024,January,"$ 7,019.40",40,60,10
1594,7,Detroit,2024,Febuary,"$ 10,411.00",20,29,1
1593,7,Detroit,2024,Febuary,"$ 8,569.00",27,41,2
206,7,Detroit,2024,Febuary,"$ 7,749.50",31,50,3
109,7,Detroit,2024,Febuary,"$ 7,324.16",46,64,4
149,7,Detroit,2024,Febuary,"$ 7,249.42",36,58,5
112,7,Detroit,2024,Febuary,"$ 6,834.88",44,62,6
179,7,Detroit,2024,Febuary,"$ 6,719.30",44,70,7
2008,7,Detroit,2024,Febuary,"$ 6,611.43",39,57,8
197,7,Detroit,2024,Febuary,"$ 6,253.41",37,59,9
204,7,Detroit,2024,Febuary,"$ 6,173.51",34,49,10
1594,7,Detroit,2024,March,"$ 10,411.00",19,29,1
149,7,Detroit,2024,March,"$ 8,374.33",49,67,2
206,7,Detroit,2024,March,"$ 7,904.49",33,51,3
1552,7,Detroit,2024,March,"$ 7,498.50",20,30,4
185,7,Detroit,2024,March,"$ 7,479.32",45,68,5
242,7,Detroit,2024,March,"$ 7,259.34",44,66,6
106,7,Detroit,2024,March,"$ 6,751.96",37,59,7
168,7,Detroit,2024,March,"$ 6,699.33",43,67,8
2007,7,Detroit,2024,March,"$ 6,668.43",35,57,9
109,7,Detroit,2024,March,"$ 6,523.08",40,57,10
206,7,Detroit,2024,April,"$ 7,594.51",32,49,1
1594,7,Detroit,2024,April,"$ 6,462.00",13,18,2
1645,7,Detroit,2024,April,"$ 6,444.00",22,36,3
135,7,Detroit,2024,April,"$ 6,407.28",46,72,4
198,7,Detroit,2024,April,"$ 6,383.52",35,48,5
2011,7,Detroit,2024,April,"$ 6,323.38",41,62,6
197,7,Detroit,2024,April,"$ 6,253.41",38,59,7
1552,7,Detroit,2024,April,"$ 6,248.75",18,25,8
201,7,Detroit,2024,April,"$ 6,239.52",30,48,9
1593,7,Detroit,2024,April,"$ 6,061.00",20,29,10
1594,7,Detroit,2024,May,"$ 12,924.00",22,36,1
206,7,Detroit,2024,May,"$ 9,764.37",43,63,2
109,7,Detroit,2024,May,"$ 7,781.92",43,68,3
112,7,Detroit,2024,May,"$ 7,165.60",42,65,4
201,7,Detroit,2024,May,"$ 7,019.46",36,54,5
177,7,Detroit,2024,May,"$ 6,719.36",42,64,6
149,7,Detroit,2024,May,"$ 6,624.47",36,53,7
158,7,Detroit,2024,May,"$ 6,569.27",46,73,8
1552,7,Detroit,2024,May,"$ 6,498.70",16,26,9
1592,7,Detroit,2024,May,"$ 6,426.00",22,34,10
1552,7,Detroit,2024,June,"$ 9,748.05",25,39,1
1592,7,Detroit,2024,June,"$ 7,938.00",25,42,2
1594,7,Detroit,2024,June,"$ 7,898.00",14,22,3
201,7,Detroit,2024,June,"$ 7,539.42",36,58,4
173,7,Detroit,2024,June,"$ 7,423.36",37,64,5
112,7,Detroit,2024,June,"$ 7,275.84",42,66,6
204,7,Detroit,2024,June,"$ 6,677.47",35,53,7
115,7,Detroit,2024,June,"$ 6,408.64",37,56,8
2008,7,Detroit,2024,June,"$ 6,379.45",38,55,9
206,7,Detroit,2024,June,"$ 6,354.59",29,41,10
1551,7,Detroit,2024,July,"$ 8,738.10",24,38,1
198,7,Detroit,2024,July,"$ 7,846.41",39,59,2
1594,7,Detroit,2024,July,"$ 7,539.00",15,21,3
206,7,Detroit,2024,July,"$ 7,284.53",31,47,4
211,7,Detroit,2024,July,"$ 7,101.33",41,67,5
112,7,Detroit,2024,July,"$ 6,724.64",37,61,6
204,7,Detroit,2024,July,"$ 6,677.47",35,53,7
3,7,Detroit,2024,July,"$ 6,543.46",44,77,8
2006,7,Detroit,2024,July,"$ 6,298.32",35,56,9
115,7,Detroit,2024,July,"$ 6,294.20",37,55,10
1594,7,Detroit,2024,August,"$ 8,975.00",17,25,1
173,7,Detroit,2024,August,"$ 8,235.29",47,71,2
112,7,Detroit,2024,August,"$ 7,937.28",46,72,3
168,7,Detroit,2024,August,"$ 7,899.21",49,79,4
2008,7,Detroit,2024,August,"$ 7,887.32",43,68,5
206,7,Detroit,2024,August,"$ 7,749.50",36,50,6
254,7,Detroit,2024,August,"$ 7,253.22",52,78,7
1551,7,Detroit,2024,August,"$ 7,128.45",19,31,8
198,7,Detroit,2024,August,"$ 6,915.48",36,52,9
1552,7,Detroit,2024,August,"$ 6,748.65",19,27,10
198,7,Detroit,2024,September,"$ 9,841.26",52,74,1
1594,7,Detroit,2024,September,"$ 7,898.00",15,22,2
149,7,Detroit,2024,September,"$ 7,499.40",42,60,3
168,7,Detroit,2024,September,"$ 6,899.31",45,69,4
1552,7,Detroit,2024,September,"$ 6,748.65",14,27,5
119,7,Detroit,2024,September,"$ 6,708.79",48,71,6
206,7,Detroit,2024,September,"$ 6,199.60",29,40,7
106,7,Detroit,2024,September,"$ 6,179.76",34,54,8
185,7,Detroit,2024,September,"$ 6,159.44",36,56,9
242,7,Detroit,2024,September,"$ 6,159.44",37,56,10
1594,7,Detroit,2024,October,"$ 12,565.00",23,35,1
198,7,Detroit,2024,October,"$ 8,511.36",38,64,2
1593,7,Detroit,2024,October,"$ 6,897.00",23,33,3
201,7,Detroit,2024,October,"$ 6,759.48",35,52,4
204,7,Detroit,2024,October,"$ 6,677.47",35,53,5
1551,7,Detroit,2024,October,"$ 6,668.55",22,29,6
185,7,Detroit,2024,October,"$ 6,489.41",40,59,7
115,7,Detroit,2024,October,"$ 6,408.64",37,56,8
2009,7,Detroit,2024,October,"$ 6,299.37",39,63,9
2008,7,Detroit,2024,October,"$ 6,263.46",35,54,10
149,7,Detroit,2024,November,"$ 8,874.29",47,71,1
1552,7,Detroit,2024,November,"$ 8,498.30",23,34,2
201,7,Detroit,2024,November,"$ 8,449.35",44,65,3
198,7,Detroit,2024,November,"$ 8,378.37",40,63,4
2006,7,Detroit,2024,November,"$ 7,535.49",45,67,5
206,7,Detroit,2024,November,"$ 6,819.56",29,44,6
185,7,Detroit,2024,November,"$ 6,819.38",38,62,7
1592,7,Detroit,2024,November,"$ 6,615.00",22,35,8
173,7,Detroit,2024,November,"$ 6,495.44",36,56,9
2012,7,Detroit,2024,November,"$ 6,479.28",47,72,10
1552,7,Detroit,2024,December,"$ 11,247.75",30,45,1
206,7,Detroit,2024,December,"$ 10,849.30",47,70,2
1594,7,Detroit,2024,December,"$ 9,693.00",19,27,3
2007,7,Detroit,2024,December,"$ 9,008.23",51,77,4
1551,7,Detroit,2024,December,"$ 8,968.05",24,39,5
109,7,Detroit,2024,December,"$ 8,697.44",49,76,6
112,7,Detroit,2024,December,"$ 8,157.76",49,74,7
204,7,Detroit,2024,December,"$ 8,063.36",44,64,8
149,7,Detroit,2024,December,"$ 7,749.38",37,62,9
198,7,Detroit,2024,December,"$ 7,580.43",39,57,10
1594,8,St. Paul,2019,January,"$ 6,821.00",12,19,1
1552,8,St. Paul,2019,January,"$ 4,999.00",13,20,2
204,8,St. Paul,2019,January,"$ 4,661.63",22,37,3
1551,8,St. Paul,2019,January,"$ 3,909.15",12,17,4
197,8,St. Paul,2019,January,"$ 3,815.64",23,36,5
149,8,St. Paul,2019,January,"$ 3,749.70",20,30,6
251,8,St. Paul,2019,January,"$ 3,719.60",26,40,7
212,8,St. Paul,2019,January,"$ 3,551.68",19,32,8
242,8,St. Paul,2019,January,"$ 3,519.68",22,32,9
2007,8,St. Paul,2019,January,"$ 3,509.70",19,30,10
1594,8,St. Paul,2019,Febuary,"$ 9,693.00",15,27,1
206,8,St. Paul,2019,Febuary,"$ 3,874.75",17,25,2
197,8,St. Paul,2019,Febuary,"$ 3,815.64",26,36,3
204,8,St. Paul,2019,Febuary,"$ 3,779.70",19,30,4
106,8,St. Paul,2019,Febuary,"$ 3,776.52",24,33,5
211,8,St. Paul,2019,Febuary,"$ 3,603.66",20,34,6
201,8,St. Paul,2019,Febuary,"$ 3,509.73",17,27,7
185,8,St. Paul,2019,Febuary,"$ 3,409.69",20,31,8
2008,8,St. Paul,2019,Febuary,"$ 3,363.71",19,29,9
173,8,St. Paul,2019,Febuary,"$ 3,247.72",20,28,10
1552,8,St. Paul,2019,March,"$ 4,999.00",13,20,1
1594,8,St. Paul,2019,March,"$ 4,308.00",9,12,2
1601,8,St. Paul,2019,March,"$ 4,117.00",15,23,3
242,8,St. Paul,2019,March,"$ 3,959.64",23,36,4
2008,8,St. Paul,2019,March,"$ 3,943.66",26,34,5
2000,8,St. Paul,2019,March,"$ 3,919.51",33,49,6
2006,8,St. Paul,2019,March,"$ 3,823.98",22,34,7
183,8,St. Paul,2019,March,"$ 3,799.62",24,38,8
2007,8,St. Paul,2019,March,"$ 3,743.68",18,32,9
149,8,St. Paul,2019,March,"$ 3,624.71",20,29,10
206,8,St. Paul,2019,April,"$ 5,424.65",20,35,1
201,8,St. Paul,2019,April,"$ 5,069.61",27,39,2
1594,8,St. Paul,2019,April,"$ 4,667.00",10,13,3
1572,8,St. Paul,2019,April,"$ 4,654.00",16,26,4
2007,8,St. Paul,2019,April,"$ 4,562.61",26,39,5
148,8,St. Paul,2019,April,"$ 4,424.41",38,59,6
2010,8,St. Paul,2019,April,"$ 4,099.59",26,41,7
2008,8,St. Paul,2019,April,"$ 4,059.65",24,35,8
123,8,St. Paul,2019,April,"$ 3,989.58",25,42,9
172,8,St. Paul,2019,April,"$ 3,799.60",27,40,10
1594,8,St. Paul,2019,May,"$ 6,821.00",13,19,1
149,8,St. Paul,2019,May,"$ 4,749.62",25,38,2
204,8,St. Paul,2019,May,"$ 4,661.63",26,37,3
2008,8,St. Paul,2019,May,"$ 4,523.61",26,39,4
1596,8,St. Paul,2019,May,"$ 4,139.77",16,23,5
197,8,St. Paul,2019,May,"$ 4,027.62",25,38,6
179,8,St. Paul,2019,May,"$ 3,839.60",24,40,7
168,8,St. Paul,2019,May,"$ 3,799.62",22,38,8
119,8,St. Paul,2019,May,"$ 3,685.11",24,39,9
1987,8,St. Paul,2019,May,"$ 3,679.54",28,46,10
1594,8,St. Paul,2019,June,"$ 8,616.00",15,24,1
206,8,St. Paul,2019,June,"$ 6,044.61",25,39,2
1551,8,St. Paul,2019,June,"$ 4,369.05",13,19,3
149,8,St. Paul,2019,June,"$ 4,249.66",23,34,4
1552,8,St. Paul,2019,June,"$ 4,249.15",11,17,5
173,8,St. Paul,2019,June,"$ 3,711.68",23,32,6
211,8,St. Paul,2019,June,"$ 3,709.65",25,35,7
106,8,St. Paul,2019,June,"$ 3,662.08",23,32,8
251,8,St. Paul,2019,June,"$ 3,626.61",23,39,9
250,8,St. Paul,2019,June,"$ 3,626.61",23,39,10
1594,8,St. Paul,2019,July,"$ 5,385.00",11,15,1
112,8,St. Paul,2019,July,"$ 5,291.52",30,48,2
1552,8,St. Paul,2019,July,"$ 4,749.05",13,19,3
206,8,St. Paul,2019,July,"$ 4,494.71",19,29,4
197,8,St. Paul,2019,July,"$ 4,451.58",29,42,5
198,8,St. Paul,2019,July,"$ 4,255.68",19,32,6
172,8,St. Paul,2019,July,"$ 4,179.56",25,44,7
149,8,St. Paul,2019,July,"$ 4,124.67",21,33,8
152,8,St. Paul,2019,July,"$ 3,899.61",27,39,9
176,8,St. Paul,2019,July,"$ 3,699.63",23,37,10
1594,8,St. Paul,2019,August,"$ 7,180.00",12,20,1
112,8,St. Paul,2019,August,"$ 5,291.52",31,48,2
173,8,St. Paul,2019,August,"$ 4,639.60",27,40,3
1592,8,St. Paul,2019,August,"$ 4,536.00",14,24,4
149,8,St. Paul,2019,August,"$ 4,499.64",21,36,5
1635,8,St. Paul,2019,August,"$ 4,139.77",13,23,6
2011,8,St. Paul,2019,August,"$ 4,079.60",27,40,7
1552,8,St. Paul,2019,August,"$ 3,999.20",11,16,8
2007,8,St. Paul,2019,August,"$ 3,860.67",22,33,9
2006,8,St. Paul,2019,August,"$ 3,823.98",22,34,10
1592,8,St. Paul,2019,September,"$ 5,103.00",17,27,1
201,8,St. Paul,2019,September,"$ 3,899.70",20,30,2
149,8,St. Paul,2019,September,"$ 3,874.69",22,31,3
197,8,St. Paul,2019,September,"$ 3,709.65",23,35,4
1635,8,St. Paul,2019,September,"$ 3,599.80",12,20,5
1594,8,St. Paul,2019,September,"$ 3,590.00",7,10,6
1999,8,St. Paul,2019,September,"$ 3,439.57",29,43,7
115,8,St. Paul,2019,September,"$ 3,433.20",19,30,8
2007,8,St. Paul,2019,September,"$ 3,392.71",18,29,9
2011,8,St. Paul,2019,September,"$ 3,365.67",22,33,10
1594,8,St. Paul,2019,October,"$ 4,667.00",9,13,1
206,8,St. Paul,2019,October,"$ 4,339.72",18,28,2
1992,8,St. Paul,2019,October,"$ 4,139.54",31,46,3
185,8,St. Paul,2019,October,"$ 3,959.64",23,36,4
265,8,St. Paul,2019,October,"$ 3,699.63",23,37,5
2008,8,St. Paul,2019,October,"$ 3,595.69",19,31,6
177,8,St. Paul,2019,October,"$ 3,569.66",22,34,7
1584,8,St. Paul,2019,October,"$ 3,475.00",16,25,8
1596,8,St. Paul,2019,October,"$ 3,419.81",12,19,9
197,8,St. Paul,2019,October,"$ 3,391.68",20,32,10
1594,8,St. Paul,2019,November,"$ 5,385.00",11,15,1
206,8,St. Paul,2019,November,"$ 4,804.69",20,31,2
2006,8,St. Paul,2019,November,"$ 4,498.80",24,40,3
201,8,St. Paul,2019,November,"$ 4,159.68",20,32,4
211,8,St. Paul,2019,November,"$ 4,027.62",24,38,5
1552,8,St. Paul,2019,November,"$ 3,999.20",9,16,6
271,8,St. Paul,2019,November,"$ 3,869.57",27,43,7
198,8,St. Paul,2019,November,"$ 3,723.72",20,28,8
1551,8,St. Paul,2019,November,"$ 3,679.20",10,16,9
112,8,St. Paul,2019,November,"$ 3,527.68",23,32,10
206,8,St. Paul,2019,December,"$ 10,694.31",42,69,1
204,8,St. Paul,2019,December,"$ 6,299.50",30,50,2
1552,8,St. Paul,2019,December,"$ 5,498.90",15,22,3
1593,8,St. Paul,2019,December,"$ 5,225.00",18,25,4
177,8,St. Paul,2019,December,"$ 4,934.53",30,47,5
212,8,St. Paul,2019,December,"$ 4,772.57",28,43,6
168,8,St. Paul,2019,December,"$ 4,599.54",28,46,7
162,8,St. Paul,2019,December,"$ 4,589.49",35,51,8
1987,8,St. Paul,2019,December,"$ 4,479.44",36,56,9
1584,8,St. Paul,2019,December,"$ 4,448.00",21,32,10
1594,8,St. Paul,2020,January,"$ 10,052.00",19,28,1
254,8,St. Paul,2020,January,"$ 5,579.40",35,60,2
1644,8,St. Paul,2020,January,"$ 5,215.00",22,35,3
204,8,St. Paul,2020,January,"$ 5,165.59",27,41,4
156,8,St. Paul,2020,January,"$ 5,099.49",31,51,5
1552,8,St. Paul,2020,January,"$ 4,749.05",12,19,6
183,8,St. Paul,2020,January,"$ 4,699.53",28,47,7
197,8,St. Paul,2020,January,"$ 4,663.56",30,44,8
201,8,St. Paul,2020,January,"$ 4,419.66",21,34,9
2011,8,St. Paul,2020,January,"$ 4,385.57",27,43,10
206,8,St. Paul,2020,Febuary,"$ 5,734.63",24,37,1
106,8,St. Paul,2020,Febuary,"$ 5,493.12",32,48,2
1593,8,St. Paul,2020,Febuary,"$ 5,225.00",16,25,3
198,8,St. Paul,2020,Febuary,"$ 4,654.65",20,35,4
201,8,St. Paul,2020,Febuary,"$ 4,549.65",23,35,5
1552,8,St. Paul,2020,Febuary,"$ 4,499.10",11,18,6
123,8,St. Paul,2020,Febuary,"$ 4,084.57",27,43,7
183,8,St. Paul,2020,Febuary,"$ 3,999.60",26,40,8
1592,8,St. Paul,2020,Febuary,"$ 3,969.00",12,21,9
119,8,St. Paul,2020,Febuary,"$ 3,874.09",26,41,10
206,8,St. Paul,2020,March,"$ 6,354.59",28,41,1
1593,8,St. Paul,2020,March,"$ 6,270.00",19,30,2
1594,8,St. Paul,2020,March,"$ 5,026.00",9,14,3
112,8,St. Paul,2020,March,"$ 4,850.56",27,44,4
201,8,St. Paul,2020,March,"$ 4,809.63",25,37,5
2008,8,St. Paul,2020,March,"$ 4,755.59",25,41,6
2011,8,St. Paul,2020,March,"$ 4,589.55",30,45,7
149,8,St. Paul,2020,March,"$ 4,499.64",25,36,8
265,8,St. Paul,2020,March,"$ 4,299.57",28,43,9
1592,8,St. Paul,2020,March,"$ 4,158.00",15,22,10
206,8,St. Paul,2020,April,"$ 7,904.49",33,51,1
1552,8,St. Paul,2020,April,"$ 5,998.80",15,24,2
1592,8,St. Paul,2020,April,"$ 5,103.00",19,27,3
1594,8,St. Paul,2020,April,"$ 5,026.00",9,14,4
201,8,St. Paul,2020,April,"$ 4,939.62",25,38,5
247,8,St. Paul,2020,April,"$ 4,679.48",34,52,6
149,8,St. Paul,2020,April,"$ 4,624.63",26,37,7
212,8,St. Paul,2020,April,"$ 4,550.59",28,41,8
2006,8,St. Paul,2020,April,"$ 4,498.80",27,40,9
1551,8,St. Paul,2020,April,"$ 4,369.05",14,19,10
206,8,St. Paul,2020,May,"$ 5,579.64",23,36,1
1551,8,St. Paul,2020,May,"$ 5,518.80",17,24,2
198,8,St. Paul,2020,May,"$ 5,319.60",25,40,3
201,8,St. Paul,2020,May,"$ 5,069.61",26,39,4
1594,8,St. Paul,2020,May,"$ 5,026.00",10,14,5
2008,8,St. Paul,2020,May,"$ 4,755.59",26,41,6
1552,8,St. Paul,2020,May,"$ 4,749.05",13,19,7
106,8,St. Paul,2020,May,"$ 4,692.04",25,41,8
211,8,St. Paul,2020,May,"$ 4,663.56",30,44,9
1593,8,St. Paul,2020,May,"$ 4,389.00",13,21,10
1594,8,St. Paul,2020,June,"$ 8,257.00",15,23,1
206,8,St. Paul,2020,June,"$ 6,044.61",25,39,2
1552,8,St. Paul,2020,June,"$ 5,498.90",13,22,3
212,8,St. Paul,2020,June,"$ 5,327.52",33,48,4
106,8,St. Paul,2020,June,"$ 5,035.36",26,44,5
109,8,St. Paul,2020,June,"$ 4,577.60",28,40,6
1596,8,St. Paul,2020,June,"$ 4,319.76",13,24,7
185,8,St. Paul,2020,June,"$ 4,179.62",25,38,8
1595,8,St. Paul,2020,June,"$ 4,049.73",17,27,9
119,8,St. Paul,2020,June,"$ 3,968.58",26,42,10
206,8,St. Paul,2020,July,"$ 6,974.55",28,45,1
1551,8,St. Paul,2020,July,"$ 6,438.60",20,28,2
125,8,St. Paul,2020,July,"$ 5,224.45",36,55,3
2008,8,St. Paul,2020,July,"$ 5,219.55",32,45,4
1552,8,St. Paul,2020,July,"$ 4,999.00",14,20,5
1989,8,St. Paul,2020,July,"$ 4,871.42",35,58,6
115,8,St. Paul,2020,July,"$ 4,692.04",29,41,7
181,8,St. Paul,2020,July,"$ 4,415.54",29,46,8
168,8,St. Paul,2020,July,"$ 4,199.58",26,42,9
201,8,St. Paul,2020,July,"$ 4,159.68",21,32,10
1594,8,St. Paul,2020,August,"$ 7,180.00",15,20,1
201,8,St. Paul,2020,August,"$ 5,849.55",30,45,2
1645,8,St. Paul,2020,August,"$ 5,728.00",23,32,3
1601,8,St. Paul,2020,August,"$ 5,728.00",20,32,4
206,8,St. Paul,2020,August,"$ 5,269.66",23,34,5
1593,8,St. Paul,2020,August,"$ 5,225.00",14,25,6
2010,8,St. Paul,2020,August,"$ 4,999.50",34,50,7
198,8,St. Paul,2020,August,"$ 4,920.63",24,37,8
173,8,St. Paul,2020,August,"$ 4,755.59",31,41,9
112,8,St. Paul,2020,August,"$ 4,740.32",31,43,10
1552,8,St. Paul,2020,September,"$ 5,748.85",16,23,1
1551,8,St. Paul,2020,September,"$ 5,058.90",13,22,2
201,8,St. Paul,2020,September,"$ 4,939.62",25,38,3
211,8,St. Paul,2020,September,"$ 4,451.58",28,42,4
177,8,St. Paul,2020,September,"$ 4,199.60",25,40,5
206,8,St. Paul,2020,September,"$ 4,184.73",19,27,6
212,8,St. Paul,2020,September,"$ 4,106.63",24,37,7
112,8,St. Paul,2020,September,"$ 4,078.88",25,37,8
204,8,St. Paul,2020,September,"$ 4,031.68",20,32,9
198,8,St. Paul,2020,September,"$ 3,989.70",19,30,10
1551,8,St. Paul,2020,October,"$ 5,288.85",15,23,1
201,8,St. Paul,2020,October,"$ 5,069.61",26,39,2
1552,8,St. Paul,2020,October,"$ 4,999.00",13,20,3
1592,8,St. Paul,2020,October,"$ 4,914.00",15,26,4
198,8,St. Paul,2020,October,"$ 4,787.64",23,36,5
206,8,St. Paul,2020,October,"$ 4,649.70",21,30,6
173,8,St. Paul,2020,October,"$ 4,639.60",25,40,7
112,8,St. Paul,2020,October,"$ 4,630.08",27,42,8
197,8,St. Paul,2020,October,"$ 4,557.57",27,43,9
250,8,St. Paul,2020,October,"$ 4,463.52",31,48,10
201,8,St. Paul,2020,November,"$ 6,629.49",33,51,1
1551,8,St. Paul,2020,November,"$ 5,978.70",17,26,2
206,8,St. Paul,2020,November,"$ 5,734.63",23,37,3
198,8,St. Paul,2020,November,"$ 5,452.59",28,41,4
1594,8,St. Paul,2020,November,"$ 5,026.00",10,14,5
2011,8,St. Paul,2020,November,"$ 4,895.52",31,48,6
173,8,St. Paul,2020,November,"$ 4,871.58",27,42,7
112,8,St. Paul,2020,November,"$ 4,630.08",26,42,8
179,8,St. Paul,2020,November,"$ 4,319.55",30,45,9
251,8,St. Paul,2020,November,"$ 4,184.55",29,45,10
1594,8,St. Paul,2020,December,"$ 7,898.00",12,22,1
149,8,St. Paul,2020,December,"$ 6,624.47",34,53,2
204,8,St. Paul,2020,December,"$ 6,299.50",34,50,3
212,8,St. Paul,2020,December,"$ 5,660.49",32,51,4
109,8,St. Paul,2020,December,"$ 5,149.80",29,45,5
173,8,St. Paul,2020,December,"$ 5,103.56",27,44,6
198,8,St. Paul,2020,December,"$ 5,053.62",27,38,7
106,8,St. Paul,2020,December,"$ 5,035.36",31,44,8
1601,8,St. Paul,2020,December,"$ 5,012.00",20,28,9
1591,8,St. Paul,2020,December,"$ 4,901.00",17,29,10
149,8,St. Paul,2021,January,"$ 5,624.55",29,45,1
204,8,St. Paul,2021,January,"$ 5,165.59",26,41,2
1644,8,St. Paul,2021,January,"$ 4,768.00",20,32,3
206,8,St. Paul,2021,January,"$ 4,649.70",25,30,4
2007,8,St. Paul,2021,January,"$ 4,562.61",25,39,5
1552,8,St. Paul,2021,January,"$ 4,249.15",10,17,6
106,8,St. Paul,2021,January,"$ 4,234.28",25,37,7
109,8,St. Paul,2021,January,"$ 3,890.96",24,34,8
242,8,St. Paul,2021,January,"$ 3,739.66",24,34,9
173,8,St. Paul,2021,January,"$ 3,711.68",20,32,10
219,8,St. Paul,2021,Febuary,"$ 5,095.51",32,49,1
1594,8,St. Paul,2021,Febuary,"$ 4,667.00",8,13,2
1551,8,St. Paul,2021,Febuary,"$ 3,909.15",11,17,3
206,8,St. Paul,2021,Febuary,"$ 3,874.75",17,25,4
1992,8,St. Paul,2021,Febuary,"$ 3,869.57",26,43,5
1584,8,St. Paul,2021,Febuary,"$ 3,753.00",17,27,6
204,8,St. Paul,2021,Febuary,"$ 3,401.73",19,27,7
1645,8,St. Paul,2021,Febuary,"$ 3,401.00",11,19,8
149,8,St. Paul,2021,Febuary,"$ 3,374.73",15,27,9
2008,8,St. Paul,2021,Febuary,"$ 3,363.71",20,29,10
1594,8,St. Paul,2021,March,"$ 6,103.00",10,17,1
206,8,St. Paul,2021,March,"$ 5,889.62",25,38,2
185,8,St. Paul,2021,March,"$ 5,609.49",30,51,3
1593,8,St. Paul,2021,March,"$ 4,389.00",15,21,4
149,8,St. Paul,2021,March,"$ 4,124.67",23,33,5
115,8,St. Paul,2021,March,"$ 4,119.84",25,36,6
198,8,St. Paul,2021,March,"$ 3,989.70",18,30,7
158,8,St. Paul,2021,March,"$ 3,869.57",29,43,8
106,8,St. Paul,2021,March,"$ 3,662.08",20,32,9
1570,8,St. Paul,2021,March,"$ 3,614.00",16,26,10
204,8,St. Paul,2021,April,"$ 4,913.61",27,39,1
2007,8,St. Paul,2021,April,"$ 4,913.58",28,42,2
149,8,St. Paul,2021,April,"$ 4,874.61",24,39,3
201,8,St. Paul,2021,April,"$ 4,679.64",24,36,4
112,8,St. Paul,2021,April,"$ 4,519.84",30,41,5
185,8,St. Paul,2021,April,"$ 4,289.61",24,39,6
106,8,St. Paul,2021,April,"$ 4,119.84",26,36,7
117,8,St. Paul,2021,April,"$ 3,734.55",27,45,8
2008,8,St. Paul,2021,April,"$ 3,711.68",22,32,9
211,8,St. Paul,2021,April,"$ 3,709.65",23,35,10
1552,8,St. Paul,2021,May,"$ 5,748.85",15,23,1
1592,8,St. Paul,2021,May,"$ 4,914.00",18,26,2
149,8,St. Paul,2021,May,"$ 4,874.61",25,39,3
204,8,St. Paul,2021,May,"$ 4,787.62",23,38,4
1594,8,St. Paul,2021,May,"$ 4,667.00",8,13,5
1596,8,St. Paul,2021,May,"$ 4,319.76",15,24,6
242,8,St. Paul,2021,May,"$ 4,289.61",26,39,7
2007,8,St. Paul,2021,May,"$ 4,211.64",23,36,8
206,8,St. Paul,2021,May,"$ 4,029.74",16,26,9
127,8,St. Paul,2021,May,"$ 3,999.50",32,50,10
1601,8,St. Paul,2021,June,"$ 5,191.00",18,29,1
1594,8,St. Paul,2021,June,"$ 5,026.00",9,14,2
115,8,St. Paul,2021,June,"$ 4,577.60",24,40,3
1584,8,St. Paul,2021,June,"$ 4,031.00",17,29,4
206,8,St. Paul,2021,June,"$ 4,029.74",16,26,5
119,8,St. Paul,2021,June,"$ 3,874.09",26,41,6
1596,8,St. Paul,2021,June,"$ 3,779.79",13,21,7
106,8,St. Paul,2021,June,"$ 3,776.52",22,33,8
201,8,St. Paul,2021,June,"$ 3,769.71",19,29,9
1591,8,St. Paul,2021,June,"$ 3,718.00",13,22,10
1594,8,St. Paul,2021,July,"$ 6,821.00",13,19,1
1596,8,St. Paul,2021,July,"$ 5,039.72",17,28,2
2006,8,St. Paul,2021,July,"$ 4,386.33",25,39,3
219,8,St. Paul,2021,July,"$ 4,159.60",25,40,4
2008,8,St. Paul,2021,July,"$ 3,943.66",24,34,5
204,8,St. Paul,2021,July,"$ 3,905.69",19,31,6
173,8,St. Paul,2021,July,"$ 3,827.67",23,33,7
109,8,St. Paul,2021,July,"$ 3,776.52",22,33,8
1601,8,St. Paul,2021,July,"$ 3,759.00",14,21,9
1552,8,St. Paul,2021,July,"$ 3,749.25",8,15,10
204,8,St. Paul,2021,August,"$ 5,039.60",25,40,1
1594,8,St. Paul,2021,August,"$ 4,667.00",9,13,2
198,8,St. Paul,2021,August,"$ 4,654.65",24,35,3
1591,8,St. Paul,2021,August,"$ 4,225.00",18,25,4
212,8,St. Paul,2021,August,"$ 4,106.63",21,37,5
1601,8,St. Paul,2021,August,"$ 3,938.00",15,22,6
115,8,St. Paul,2021,August,"$ 3,890.96",22,34,7
1572,8,St. Paul,2021,August,"$ 3,759.00",13,21,8
2008,8,St. Paul,2021,August,"$ 3,711.68",21,32,9
211,8,St. Paul,2021,August,"$ 3,603.66",21,34,10
198,8,St. Paul,2021,September,"$ 5,319.60",27,40,1
2007,8,St. Paul,2021,September,"$ 4,562.61",27,39,2
201,8,St. Paul,2021,September,"$ 4,029.69",22,31,3
1552,8,St. Paul,2021,September,"$ 3,999.20",9,16,4
123,8,St. Paul,2021,September,"$ 3,989.58",26,42,5
1551,8,St. Paul,2021,September,"$ 3,909.15",10,17,6
219,8,St. Paul,2021,September,"$ 3,847.63",24,37,7
2006,8,St. Paul,2021,September,"$ 3,711.51",22,33,8
125,8,St. Paul,2021,September,"$ 3,704.61",27,39,9
185,8,St. Paul,2021,September,"$ 3,629.67",21,33,10
152,8,St. Paul,2021,October,"$ 4,399.56",29,44,1
1571,8,St. Paul,2021,October,"$ 4,293.00",15,27,2
2009,8,St. Paul,2021,October,"$ 4,199.58",28,42,3
1551,8,St. Paul,2021,October,"$ 4,139.10",11,18,4
197,8,St. Paul,2021,October,"$ 4,133.61",25,39,5
211,8,St. Paul,2021,October,"$ 4,027.62",25,38,6
162,8,St. Paul,2021,October,"$ 3,959.56",29,44,7
1552,8,St. Paul,2021,October,"$ 3,749.25",10,15,8
2006,8,St. Paul,2021,October,"$ 3,599.04",19,32,9
2008,8,St. Paul,2021,October,"$ 3,595.69",21,31,10
1594,8,St. Paul,2021,November,"$ 7,180.00",13,20,1
177,8,St. Paul,2021,November,"$ 4,094.61",28,39,2
206,8,St. Paul,2021,November,"$ 4,029.74",16,26,3
1592,8,St. Paul,2021,November,"$ 3,969.00",13,21,4
1551,8,St. Paul,2021,November,"$ 3,909.15",10,17,5
201,8,St. Paul,2021,November,"$ 3,899.70",21,30,6
204,8,St. Paul,2021,November,"$ 3,653.71",19,29,7
211,8,St. Paul,2021,November,"$ 3,603.66",21,34,8
247,8,St. Paul,2021,November,"$ 3,599.60",27,40,9
2008,8,St. Paul,2021,November,"$ 3,595.69",22,31,10
1594,8,St. Paul,2021,December,"$ 6,462.00",13,18,1
198,8,St. Paul,2021,December,"$ 5,984.55",31,45,2
212,8,St. Paul,2021,December,"$ 5,105.54",32,46,3
173,8,St. Paul,2021,December,"$ 4,871.58",28,42,4
162,8,St. Paul,2021,December,"$ 4,859.46",33,54,5
206,8,St. Paul,2021,December,"$ 4,804.69",20,31,6
2008,8,St. Paul,2021,December,"$ 4,755.59",26,41,7
168,8,St. Paul,2021,December,"$ 4,599.54",30,46,8
204,8,St. Paul,2021,December,"$ 4,409.65",22,35,9
2006,8,St. Paul,2021,December,"$ 4,386.33",30,39,10
204,8,St. Paul,2022,January,"$ 5,417.57",29,43,1
1594,8,St. Paul,2022,January,"$ 5,385.00",12,15,2
1552,8,St. Paul,2022,January,"$ 3,999.20",10,16,3
2006,8,St. Paul,2022,January,"$ 3,936.45",21,35,4
135,8,St. Paul,2022,January,"$ 3,915.56",30,44,5
168,8,St. Paul,2022,January,"$ 3,899.61",25,39,6
206,8,St. Paul,2022,January,"$ 3,874.75",16,25,7
149,8,St. Paul,2022,January,"$ 3,874.69",22,31,8
2007,8,St. Paul,2022,January,"$ 3,860.67",23,33,9
1635,8,St. Paul,2022,January,"$ 3,779.79",13,21,10
1594,8,St. Paul,2022,Febuary,"$ 4,667.00",10,13,1
206,8,St. Paul,2022,Febuary,"$ 4,029.74",19,26,2
2011,8,St. Paul,2022,Febuary,"$ 3,977.61",26,39,3
185,8,St. Paul,2022,Febuary,"$ 3,739.66",21,34,4
106,8,St. Paul,2022,Febuary,"$ 3,662.08",19,32,5
211,8,St. Paul,2022,Febuary,"$ 3,603.66",22,34,6
1635,8,St. Paul,2022,Febuary,"$ 3,599.80",12,20,7
2006,8,St. Paul,2022,Febuary,"$ 3,599.04",21,32,8
112,8,St. Paul,2022,Febuary,"$ 3,527.68",21,32,9
172,8,St. Paul,2022,Febuary,"$ 3,514.63",23,37,10
206,8,St. Paul,2022,March,"$ 5,424.65",25,35,1
149,8,St. Paul,2022,March,"$ 5,124.59",25,41,2
1594,8,St. Paul,2022,March,"$ 4,667.00",10,13,3
112,8,St. Paul,2022,March,"$ 4,409.60",24,40,4
137,8,St. Paul,2022,March,"$ 4,319.52",28,48,5
219,8,St. Paul,2022,March,"$ 4,263.59",25,41,6
1552,8,St. Paul,2022,March,"$ 4,249.15",11,17,7
2008,8,St. Paul,2022,March,"$ 4,175.64",25,36,8
15,8,St. Paul,2022,March,"$ 4,164.02",29,49,9
2006,8,St. Paul,2022,March,"$ 4,161.39",25,37,10
1594,8,St. Paul,2022,April,"$ 5,744.00",12,16,1
1551,8,St. Paul,2022,April,"$ 4,599.00",11,20,2
106,8,St. Paul,2022,April,"$ 4,348.72",27,38,3
152,8,St. Paul,2022,April,"$ 4,099.59",25,41,4
185,8,St. Paul,2022,April,"$ 3,959.64",24,36,5
149,8,St. Paul,2022,April,"$ 3,874.69",20,31,6
2013,8,St. Paul,2022,April,"$ 3,739.56",31,44,7
173,8,St. Paul,2022,April,"$ 3,711.68",21,32,8
176,8,St. Paul,2022,April,"$ 3,499.65",23,35,9
1571,8,St. Paul,2022,April,"$ 3,498.00",15,22,10
206,8,St. Paul,2022,May,"$ 4,959.68",23,32,1
1645,8,St. Paul,2022,May,"$ 4,475.00",17,25,2
106,8,St. Paul,2022,May,"$ 4,463.16",26,39,3
1584,8,St. Paul,2022,May,"$ 4,309.00",19,31,4
2006,8,St. Paul,2022,May,"$ 4,161.39",26,37,5
1635,8,St. Paul,2022,May,"$ 4,139.77",16,23,6
3,8,St. Paul,2022,May,"$ 4,079.04",33,48,7
109,8,St. Paul,2022,May,"$ 4,005.40",25,35,8
149,8,St. Paul,2022,May,"$ 3,749.70",20,30,9
1551,8,St. Paul,2022,May,"$ 3,679.20",12,16,10
1594,8,St. Paul,2022,June,"$ 5,385.00",9,15,1
2007,8,St. Paul,2022,June,"$ 4,562.61",26,39,2
198,8,St. Paul,2022,June,"$ 4,388.67",21,33,3
206,8,St. Paul,2022,June,"$ 4,339.72",18,28,4
115,8,St. Paul,2022,June,"$ 4,234.28",25,37,5
162,8,St. Paul,2022,June,"$ 4,139.54",29,46,6
2010,8,St. Paul,2022,June,"$ 4,099.59",28,41,7
1552,8,St. Paul,2022,June,"$ 3,999.20",11,16,8
123,8,St. Paul,2022,June,"$ 3,989.58",25,42,9
1551,8,St. Paul,2022,June,"$ 3,909.15",13,17,10
1601,8,St. Paul,2022,July,"$ 5,191.00",18,29,1
1594,8,St. Paul,2022,July,"$ 5,026.00",9,14,2
198,8,St. Paul,2022,July,"$ 4,920.63",24,37,3
1551,8,St. Paul,2022,July,"$ 4,828.95",13,21,4
1592,8,St. Paul,2022,July,"$ 4,347.00",15,23,5
212,8,St. Paul,2022,July,"$ 4,106.63",24,37,6
1600,8,St. Paul,2022,July,"$ 4,023.00",16,27,7
2014,8,St. Paul,2022,July,"$ 3,824.55",30,45,8
2006,8,St. Paul,2022,July,"$ 3,823.98",22,34,9
109,8,St. Paul,2022,July,"$ 3,776.52",24,33,10
1594,8,St. Paul,2022,August,"$ 5,385.00",10,15,1
2007,8,St. Paul,2022,August,"$ 4,679.60",28,40,2
109,8,St. Paul,2022,August,"$ 4,463.16",23,39,3
212,8,St. Paul,2022,August,"$ 4,328.61",26,39,4
1645,8,St. Paul,2022,August,"$ 4,296.00",16,24,5
112,8,St. Paul,2022,August,"$ 3,968.64",25,36,6
173,8,St. Paul,2022,August,"$ 3,943.66",23,34,7
204,8,St. Paul,2022,August,"$ 3,905.69",19,31,8
3,8,St. Paul,2022,August,"$ 3,824.10",26,45,9
177,8,St. Paul,2022,August,"$ 3,779.64",25,36,10
185,8,St. Paul,2022,September,"$ 4,289.61",26,39,1
204,8,St. Paul,2022,September,"$ 4,031.68",20,32,2
1552,8,St. Paul,2022,September,"$ 3,999.20",10,16,3
109,8,St. Paul,2022,September,"$ 3,890.96",23,34,4
176,8,St. Paul,2022,September,"$ 3,799.62",21,38,5
201,8,St. Paul,2022,September,"$ 3,769.71",20,29,6
198,8,St. Paul,2022,September,"$ 3,723.72",19,28,7
2006,8,St. Paul,2022,September,"$ 3,711.51",22,33,8
162,8,St. Paul,2022,September,"$ 3,689.59",24,41,9
149,8,St. Paul,2022,September,"$ 3,624.71",20,29,10
1594,8,St. Paul,2022,October,"$ 6,103.00",11,17,1
219,8,St. Paul,2022,October,"$ 4,471.57",25,43,2
173,8,St. Paul,2022,October,"$ 4,291.63",24,37,3
198,8,St. Paul,2022,October,"$ 4,122.69",20,31,4
262,8,St. Paul,2022,October,"$ 3,824.55",31,45,5
2008,8,St. Paul,2022,October,"$ 3,711.68",20,32,6
1999,8,St. Paul,2022,October,"$ 3,599.55",27,45,7
206,8,St. Paul,2022,October,"$ 3,409.78",15,22,8
168,8,St. Paul,2022,October,"$ 3,399.66",22,34,9
176,8,St. Paul,2022,October,"$ 3,299.67",20,33,10
1551,8,St. Paul,2022,November,"$ 6,208.65",16,27,1
1594,8,St. Paul,2022,November,"$ 6,103.00",10,17,2
2006,8,St. Paul,2022,November,"$ 4,948.68",27,44,3
206,8,St. Paul,2022,November,"$ 4,649.70",21,30,4
198,8,St. Paul,2022,November,"$ 4,255.68",21,32,5
212,8,St. Paul,2022,November,"$ 3,995.64",23,36,6
2008,8,St. Paul,2022,November,"$ 3,943.66",20,34,7
121,8,St. Paul,2022,November,"$ 3,799.60",28,40,8
271,8,St. Paul,2022,November,"$ 3,779.58",27,42,9
173,8,St. Paul,2022,November,"$ 3,711.68",22,32,10
1552,8,St. Paul,2022,December,"$ 6,748.65",18,27,1
1594,8,St. Paul,2022,December,"$ 5,385.00",11,15,2
201,8,St. Paul,2022,December,"$ 5,199.60",25,40,3
206,8,St. Paul,2022,December,"$ 4,804.69",21,31,4
2006,8,St. Paul,2022,December,"$ 4,723.74",26,42,5
2007,8,St. Paul,2022,December,"$ 4,328.63",24,37,6
173,8,St. Paul,2022,December,"$ 4,291.63",24,37,7
204,8,St. Paul,2022,December,"$ 4,157.67",21,33,8
251,8,St. Paul,2022,December,"$ 3,998.57",26,43,9
4,8,St. Paul,2022,December,"$ 3,994.06",28,47,10
206,8,St. Paul,2023,January,"$ 5,424.65",22,35,1
1594,8,St. Paul,2023,January,"$ 5,385.00",10,15,2
149,8,St. Paul,2023,January,"$ 4,499.64",25,36,3
204,8,St. Paul,2023,January,"$ 4,409.65",21,35,4
201,8,St. Paul,2023,January,"$ 4,029.69",20,31,5
1572,8,St. Paul,2023,January,"$ 3,759.00",14,21,6
242,8,St. Paul,2023,January,"$ 3,519.68",20,32,7
1584,8,St. Paul,2023,January,"$ 3,475.00",18,25,8
1551,8,St. Paul,2023,January,"$ 3,449.25",10,15,9
10,8,St. Paul,2023,January,"$ 3,387.56",28,44,10
1594,8,St. Paul,2023,Febuary,"$ 7,180.00",12,20,1
1593,8,St. Paul,2023,Febuary,"$ 5,016.00",14,24,2
198,8,St. Paul,2023,Febuary,"$ 3,856.71",18,29,3
177,8,St. Paul,2023,Febuary,"$ 3,254.69",20,31,4
149,8,St. Paul,2023,Febuary,"$ 3,249.74",17,26,5
1552,8,St. Paul,2023,Febuary,"$ 3,249.35",10,13,6
109,8,St. Paul,2023,Febuary,"$ 3,204.32",18,28,7
212,8,St. Paul,2023,Febuary,"$ 3,107.72",17,28,8
206,8,St. Paul,2023,Febuary,"$ 3,099.80",13,20,9
197,8,St. Paul,2023,Febuary,"$ 3,073.71",20,29,10
1594,8,St. Paul,2023,March,"$ 6,821.00",12,19,1
198,8,St. Paul,2023,March,"$ 5,718.57",26,43,2
1551,8,St. Paul,2023,March,"$ 4,828.95",15,21,3
206,8,St. Paul,2023,March,"$ 4,804.69",19,31,4
2008,8,St. Paul,2023,March,"$ 4,291.63",25,37,5
109,8,St. Paul,2023,March,"$ 4,234.28",24,37,6
201,8,St. Paul,2023,March,"$ 4,159.68",19,32,7
1591,8,St. Paul,2023,March,"$ 3,887.00",14,23,8
265,8,St. Paul,2023,March,"$ 3,699.63",25,37,9
2007,8,St. Paul,2023,March,"$ 3,509.70",19,30,10
1634,8,St. Paul,2023,April,"$ 5,249.65",19,35,1
212,8,St. Paul,2023,April,"$ 5,216.53",30,47,2
1595,8,St. Paul,2023,April,"$ 4,799.68",19,32,3
149,8,St. Paul,2023,April,"$ 4,624.63",27,37,4
250,8,St. Paul,2023,April,"$ 4,370.53",29,47,5
115,8,St. Paul,2023,April,"$ 4,119.84",21,36,6
1645,8,St. Paul,2023,April,"$ 4,117.00",15,23,7
176,8,St. Paul,2023,April,"$ 3,999.60",29,40,8
172,8,St. Paul,2023,April,"$ 3,894.59",28,41,9
185,8,St. Paul,2023,April,"$ 3,849.65",24,35,10
1552,8,St. Paul,2023,May,"$ 5,248.95",15,21,1
121,8,St. Paul,2023,May,"$ 4,654.51",30,49,2
1593,8,St. Paul,2023,May,"$ 4,389.00",16,21,3
2006,8,St. Paul,2023,May,"$ 4,386.33",25,39,4
1594,8,St. Paul,2023,May,"$ 4,308.00",9,12,5
204,8,St. Paul,2023,May,"$ 4,283.66",23,34,6
2012,8,St. Paul,2023,May,"$ 4,139.54",30,46,7
173,8,St. Paul,2023,May,"$ 3,943.66",21,34,8
109,8,St. Paul,2023,May,"$ 3,890.96",21,34,9
206,8,St. Paul,2023,May,"$ 3,874.75",16,25,10
1594,8,St. Paul,2023,June,"$ 5,026.00",9,14,1
211,8,St. Paul,2023,June,"$ 4,027.62",25,38,2
185,8,St. Paul,2023,June,"$ 3,849.65",23,35,3
183,8,St. Paul,2023,June,"$ 3,799.62",27,38,4
201,8,St. Paul,2023,June,"$ 3,769.71",20,29,5
115,8,St. Paul,2023,June,"$ 3,662.08",21,32,6
242,8,St. Paul,2023,June,"$ 3,629.67",24,33,7
250,8,St. Paul,2023,June,"$ 3,626.61",23,39,8
206,8,St. Paul,2023,June,"$ 3,564.77",14,23,9
1552,8,St. Paul,2023,June,"$ 3,499.30",11,14,10
204,8,St. Paul,2023,July,"$ 4,913.61",27,39,1
206,8,St. Paul,2023,July,"$ 4,804.69",20,31,2
1593,8,St. Paul,2023,July,"$ 4,598.00",13,22,3
1551,8,St. Paul,2023,July,"$ 4,369.05",12,19,4
2008,8,St. Paul,2023,July,"$ 4,291.63",23,37,5
197,8,St. Paul,2023,July,"$ 4,239.60",23,40,6
149,8,St. Paul,2023,July,"$ 4,124.67",19,33,7
2010,8,St. Paul,2023,July,"$ 3,999.60",25,40,8
198,8,St. Paul,2023,July,"$ 3,856.71",17,29,9
1552,8,St. Paul,2023,July,"$ 3,749.25",11,15,10
206,8,St. Paul,2023,August,"$ 7,594.51",31,49,1
1594,8,St. Paul,2023,August,"$ 5,385.00",11,15,2
2006,8,St. Paul,2023,August,"$ 4,723.74",26,42,3
198,8,St. Paul,2023,August,"$ 4,255.68",21,32,4
168,8,St. Paul,2023,August,"$ 4,199.58",27,42,5
1596,8,St. Paul,2023,August,"$ 4,139.77",16,23,6
204,8,St. Paul,2023,August,"$ 4,031.68",24,32,7
112,8,St. Paul,2023,August,"$ 3,968.64",21,36,8
1551,8,St. Paul,2023,August,"$ 3,909.15",11,17,9
219,8,St. Paul,2023,August,"$ 3,743.64",23,36,10
1594,8,St. Paul,2023,September,"$ 7,180.00",13,20,1
198,8,St. Paul,2023,September,"$ 4,388.67",20,33,2
181,8,St. Paul,2023,September,"$ 4,127.57",28,43,3
212,8,St. Paul,2023,September,"$ 3,995.64",28,36,4
109,8,St. Paul,2023,September,"$ 3,776.52",23,33,5
1593,8,St. Paul,2023,September,"$ 3,762.00",11,18,6
1600,8,St. Paul,2023,September,"$ 3,725.00",16,25,7
206,8,St. Paul,2023,September,"$ 3,719.76",16,24,8
265,8,St. Paul,2023,September,"$ 3,699.63",22,37,9
123,8,St. Paul,2023,September,"$ 3,609.62",25,38,10
206,8,St. Paul,2023,October,"$ 5,424.65",23,35,1
1551,8,St. Paul,2023,October,"$ 5,058.90",13,22,2
2008,8,St. Paul,2023,October,"$ 4,639.60",26,40,3
185,8,St. Paul,2023,October,"$ 4,619.58",28,42,4
1595,8,St. Paul,2023,October,"$ 4,499.70",17,30,5
197,8,St. Paul,2023,October,"$ 4,027.62",26,38,6
162,8,St. Paul,2023,October,"$ 3,869.57",27,43,7
2006,8,St. Paul,2023,October,"$ 3,823.98",23,34,8
1596,8,St. Paul,2023,October,"$ 3,779.79",14,21,9
177,8,St. Paul,2023,October,"$ 3,779.64",23,36,10
1594,8,St. Paul,2023,November,"$ 5,026.00",9,14,1
204,8,St. Paul,2023,November,"$ 4,283.66",21,34,2
206,8,St. Paul,2023,November,"$ 3,874.75",18,25,3
1591,8,St. Paul,2023,November,"$ 3,718.00",15,22,4
1601,8,St. Paul,2023,November,"$ 3,580.00",12,20,5
173,8,St. Paul,2023,November,"$ 3,479.70",17,30,6
211,8,St. Paul,2023,November,"$ 3,391.68",20,32,7
2006,8,St. Paul,2023,November,"$ 3,374.10",21,30,8
109,8,St. Paul,2023,November,"$ 3,318.76",21,29,9
11,8,St. Paul,2023,November,"$ 3,267.14",29,43,10
1593,8,St. Paul,2023,December,"$ 6,270.00",16,30,1
206,8,St. Paul,2023,December,"$ 5,889.62",25,38,2
1594,8,St. Paul,2023,December,"$ 5,744.00",12,16,3
201,8,St. Paul,2023,December,"$ 5,589.57",27,43,4
1592,8,St. Paul,2023,December,"$ 5,292.00",17,28,5
1551,8,St. Paul,2023,December,"$ 5,058.90",17,22,6
204,8,St. Paul,2023,December,"$ 4,913.61",28,39,7
115,8,St. Paul,2023,December,"$ 4,806.48",28,42,8
1552,8,St. Paul,2023,December,"$ 4,749.05",14,19,9
265,8,St. Paul,2023,December,"$ 4,699.53",30,47,10
206,8,St. Paul,2024,January,"$ 5,114.67",21,33,1
185,8,St. Paul,2024,January,"$ 4,949.55",27,45,2
1551,8,St. Paul,2024,January,"$ 4,599.00",13,20,3
212,8,St. Paul,2024,January,"$ 4,550.59",26,41,4
112,8,St. Paul,2024,January,"$ 4,519.84",27,41,5
1552,8,St. Paul,2024,January,"$ 3,999.20",11,16,6
204,8,St. Paul,2024,January,"$ 3,905.69",21,31,7
254,8,St. Paul,2024,January,"$ 3,905.58",27,42,8
2010,8,St. Paul,2024,January,"$ 3,799.62",25,38,9
1592,8,St. Paul,2024,January,"$ 3,780.00",13,20,10
1594,8,St. Paul,2024,Febuary,"$ 6,103.00",11,17,1
206,8,St. Paul,2024,Febuary,"$ 5,734.63",23,37,2
242,8,St. Paul,2024,Febuary,"$ 4,509.59",26,41,3
106,8,St. Paul,2024,Febuary,"$ 4,348.72",21,38,4
201,8,St. Paul,2024,Febuary,"$ 4,289.67",21,33,5
198,8,St. Paul,2024,Febuary,"$ 4,122.69",20,31,6
211,8,St. Paul,2024,Febuary,"$ 4,027.62",25,38,7
2009,8,St. Paul,2024,Febuary,"$ 3,899.61",25,39,8
2006,8,St. Paul,2024,Febuary,"$ 3,599.04",20,32,9
1552,8,St. Paul,2024,Febuary,"$ 3,499.30",9,14,10
198,8,St. Paul,2024,March,"$ 5,585.58",26,42,1
1551,8,St. Paul,2024,March,"$ 5,058.90",14,22,2
1595,8,St. Paul,2024,March,"$ 4,499.70",18,30,3
1635,8,St. Paul,2024,March,"$ 4,319.76",14,24,4
1594,8,St. Paul,2024,March,"$ 4,308.00",7,12,5
156,8,St. Paul,2024,March,"$ 4,099.59",27,41,6
212,8,St. Paul,2024,March,"$ 3,995.64",24,36,7
123,8,St. Paul,2024,March,"$ 3,989.58",29,42,8
221,8,St. Paul,2024,March,"$ 3,951.48",32,52,9
1601,8,St. Paul,2024,March,"$ 3,938.00",16,22,10
1594,8,St. Paul,2024,April,"$ 6,103.00",12,17,1
1552,8,St. Paul,2024,April,"$ 5,748.85",16,23,2
219,8,St. Paul,2024,April,"$ 4,679.55",33,45,3
206,8,St. Paul,2024,April,"$ 4,649.70",20,30,4
149,8,St. Paul,2024,April,"$ 4,499.64",24,36,5
152,8,St. Paul,2024,April,"$ 3,799.62",24,38,6
172,8,St. Paul,2024,April,"$ 3,799.60",25,40,7
106,8,St. Paul,2024,April,"$ 3,776.52",22,33,8
1988,8,St. Paul,2024,April,"$ 3,771.54",31,46,9
1551,8,St. Paul,2024,April,"$ 3,679.20",11,16,10
1551,8,St. Paul,2024,May,"$ 7,818.30",22,34,1
2006,8,St. Paul,2024,May,"$ 4,498.80",24,40,2
2007,8,St. Paul,2024,May,"$ 4,445.62",26,38,3
109,8,St. Paul,2024,May,"$ 4,234.28",23,37,4
1593,8,St. Paul,2024,May,"$ 4,180.00",13,20,5
198,8,St. Paul,2024,May,"$ 4,122.69",19,31,6
121,8,St. Paul,2024,May,"$ 4,084.57",26,43,7
204,8,St. Paul,2024,May,"$ 4,031.68",20,32,8
206,8,St. Paul,2024,May,"$ 4,029.74",17,26,9
1594,8,St. Paul,2024,May,"$ 3,949.00",8,11,10
1594,8,St. Paul,2024,June,"$ 6,103.00",12,17,1
177,8,St. Paul,2024,June,"$ 4,934.53",31,47,2
1552,8,St. Paul,2024,June,"$ 4,749.05",13,19,3
149,8,St. Paul,2024,June,"$ 4,624.63",24,37,4
206,8,St. Paul,2024,June,"$ 4,184.73",19,27,5
2008,8,St. Paul,2024,June,"$ 4,175.64",26,36,6
125,8,St. Paul,2024,June,"$ 4,084.57",28,43,7
1551,8,St. Paul,2024,June,"$ 3,909.15",12,17,8
242,8,St. Paul,2024,June,"$ 3,849.65",23,35,9
156,8,St. Paul,2024,June,"$ 3,699.63",25,37,10
1594,8,St. Paul,2024,July,"$ 6,103.00",11,17,1
112,8,St. Paul,2024,July,"$ 4,630.08",25,42,2
206,8,St. Paul,2024,July,"$ 4,339.72",21,28,3
201,8,St. Paul,2024,July,"$ 4,159.68",18,32,4
115,8,St. Paul,2024,July,"$ 4,005.40",22,35,5
1552,8,St. Paul,2024,July,"$ 3,999.20",10,16,6
1592,8,St. Paul,2024,July,"$ 3,969.00",13,21,7
247,8,St. Paul,2024,July,"$ 3,959.56",30,44,8
1645,8,St. Paul,2024,July,"$ 3,938.00",14,22,9
198,8,St. Paul,2024,July,"$ 3,856.71",18,29,10
1594,8,St. Paul,2024,August,"$ 4,667.00",7,13,1
198,8,St. Paul,2024,August,"$ 4,654.65",22,35,2
206,8,St. Paul,2024,August,"$ 4,494.71",21,29,3
115,8,St. Paul,2024,August,"$ 4,005.40",24,35,4
1551,8,St. Paul,2024,August,"$ 3,909.15",11,17,5
177,8,St. Paul,2024,August,"$ 3,779.64",25,36,6
204,8,St. Paul,2024,August,"$ 3,653.71",18,29,7
201,8,St. Paul,2024,August,"$ 3,639.72",17,28,8
1584,8,St. Paul,2024,August,"$ 3,614.00",18,26,9
1593,8,St. Paul,2024,August,"$ 3,553.00",9,17,10
201,8,St. Paul,2024,September,"$ 4,939.62",25,38,1
1635,8,St. Paul,2024,September,"$ 4,859.73",19,27,2
1594,8,St. Paul,2024,September,"$ 4,667.00",9,13,3
149,8,St. Paul,2024,September,"$ 4,624.63",22,37,4
197,8,St. Paul,2024,September,"$ 4,345.59",27,41,5
1593,8,St. Paul,2024,September,"$ 3,971.00",11,19,6
112,8,St. Paul,2024,September,"$ 3,968.64",23,36,7
206,8,St. Paul,2024,September,"$ 3,719.76",16,24,8
1628,8,St. Paul,2024,September,"$ 3,378.70",18,26,9
177,8,St. Paul,2024,September,"$ 3,254.69",18,31,10
204,8,St. Paul,2024,October,"$ 4,913.61",25,39,1
1594,8,St. Paul,2024,October,"$ 4,667.00",11,13,2
1552,8,St. Paul,2024,October,"$ 4,499.10",11,18,3
1644,8,St. Paul,2024,October,"$ 4,321.00",17,29,4
201,8,St. Paul,2024,October,"$ 4,289.67",23,33,5
168,8,St. Paul,2024,October,"$ 3,999.60",25,40,6
2008,8,St. Paul,2024,October,"$ 3,943.66",23,34,7
176,8,St. Paul,2024,October,"$ 3,699.63",24,37,8
115,8,St. Paul,2024,October,"$ 3,662.08",21,32,9
123,8,St. Paul,2024,October,"$ 3,609.62",27,38,10
1594,8,St. Paul,2024,November,"$ 6,462.00",11,18,1
206,8,St. Paul,2024,November,"$ 4,339.72",19,28,2
176,8,St. Paul,2024,November,"$ 4,199.58",25,42,3
254,8,St. Paul,2024,November,"$ 4,184.55",29,45,4
1593,8,St. Paul,2024,November,"$ 4,180.00",13,20,5
1645,8,St. Paul,2024,November,"$ 3,938.00",15,22,6
2009,8,St. Paul,2024,November,"$ 3,899.61",25,39,7
115,8,St. Paul,2024,November,"$ 3,890.96",21,34,8
106,8,St. Paul,2024,November,"$ 3,890.96",23,34,9
179,8,St. Paul,2024,November,"$ 3,839.60",25,40,10
1552,8,St. Paul,2024,December,"$ 6,498.70",17,26,1
206,8,St. Paul,2024,December,"$ 6,044.61",27,39,2
1593,8,St. Paul,2024,December,"$ 5,643.00",19,27,3
173,8,St. Paul,2024,December,"$ 5,567.52",32,48,4
185,8,St. Paul,2024,December,"$ 5,279.52",30,48,5
176,8,St. Paul,2024,December,"$ 4,999.50",30,50,6
2008,8,St. Paul,2024,December,"$ 4,987.57",28,43,7
198,8,St. Paul,2024,December,"$ 4,787.64",24,36,8
212,8,St. Paul,2024,December,"$ 4,661.58",28,42,9
200,8,St. Paul,2024,December,"$ 4,509.45",37,55,10
1552,9,Fort Wayne,2019,January,"$ 5,998.80",16,24,1
265,9,Fort Wayne,2019,January,"$ 4,699.53",31,47,2
109,9,Fort Wayne,2019,January,"$ 4,463.16",24,39,3
137,9,Fort Wayne,2019,January,"$ 4,409.51",34,49,4
2008,9,Fort Wayne,2019,January,"$ 4,291.63",25,37,5
173,9,Fort Wayne,2019,January,"$ 4,291.63",23,37,6
149,9,Fort Wayne,2019,January,"$ 4,249.66",24,34,7
212,9,Fort Wayne,2019,January,"$ 4,106.63",24,37,8
262,9,Fort Wayne,2019,January,"$ 3,824.55",26,45,9
160,9,Fort Wayne,2019,January,"$ 3,779.58",24,42,10
204,9,Fort Wayne,2019,Febuary,"$ 4,409.65",25,35,1
1594,9,Fort Wayne,2019,Febuary,"$ 4,308.00",7,12,2
1591,9,Fort Wayne,2019,Febuary,"$ 4,225.00",15,25,3
160,9,Fort Wayne,2019,Febuary,"$ 3,689.59",27,41,4
219,9,Fort Wayne,2019,Febuary,"$ 3,639.65",23,35,5
109,9,Fort Wayne,2019,Febuary,"$ 3,547.64",20,31,6
1593,9,Fort Wayne,2019,Febuary,"$ 3,344.00",10,16,7
2011,9,Fort Wayne,2019,Febuary,"$ 3,263.68",21,32,8
2006,9,Fort Wayne,2019,Febuary,"$ 3,261.63",22,29,9
1552,9,Fort Wayne,2019,Febuary,"$ 3,249.35",8,13,10
198,9,Fort Wayne,2019,March,"$ 5,319.60",26,40,1
212,9,Fort Wayne,2019,March,"$ 4,439.60",27,40,2
211,9,Fort Wayne,2019,March,"$ 4,345.59",24,41,3
1591,9,Fort Wayne,2019,March,"$ 4,225.00",15,25,4
14,9,Fort Wayne,2019,March,"$ 4,079.04",31,48,5
183,9,Fort Wayne,2019,March,"$ 3,999.60",25,40,6
242,9,Fort Wayne,2019,March,"$ 3,849.65",22,35,7
204,9,Fort Wayne,2019,March,"$ 3,779.70",21,30,8
206,9,Fort Wayne,2019,March,"$ 3,719.76",18,24,9
173,9,Fort Wayne,2019,March,"$ 3,711.68",25,32,10
211,9,Fort Wayne,2019,April,"$ 4,027.62",25,38,1
1593,9,Fort Wayne,2019,April,"$ 3,971.00",13,19,2
1594,9,Fort Wayne,2019,April,"$ 3,949.00",8,11,3
1552,9,Fort Wayne,2019,April,"$ 3,749.25",11,15,4
168,9,Fort Wayne,2019,April,"$ 3,699.63",24,37,5
2001,9,Fort Wayne,2019,April,"$ 3,679.54",28,46,6
1635,9,Fort Wayne,2019,April,"$ 3,599.80",13,20,7
1645,9,Fort Wayne,2019,April,"$ 3,580.00",13,20,8
172,9,Fort Wayne,2019,April,"$ 3,514.63",22,37,9
109,9,Fort Wayne,2019,April,"$ 3,433.20",20,30,10
206,9,Fort Wayne,2019,May,"$ 5,424.65",22,35,1
112,9,Fort Wayne,2019,May,"$ 4,960.80",31,45,2
1593,9,Fort Wayne,2019,May,"$ 4,807.00",16,23,3
156,9,Fort Wayne,2019,May,"$ 4,799.52",30,48,4
109,9,Fort Wayne,2019,May,"$ 4,692.04",27,41,5
219,9,Fort Wayne,2019,May,"$ 3,951.62",26,38,6
1594,9,Fort Wayne,2019,May,"$ 3,949.00",8,11,7
1644,9,Fort Wayne,2019,May,"$ 3,874.00",16,26,8
242,9,Fort Wayne,2019,May,"$ 3,739.66",24,34,9
1999,9,Fort Wayne,2019,May,"$ 3,679.54",31,46,10
1594,9,Fort Wayne,2019,June,"$ 6,103.00",12,17,1
206,9,Fort Wayne,2019,June,"$ 4,494.71",21,29,2
1552,9,Fort Wayne,2019,June,"$ 4,249.15",13,17,3
149,9,Fort Wayne,2019,June,"$ 3,999.68",22,32,4
1551,9,Fort Wayne,2019,June,"$ 3,909.15",11,17,5
2010,9,Fort Wayne,2019,June,"$ 3,899.61",25,39,6
109,9,Fort Wayne,2019,June,"$ 3,890.96",23,34,7
250,9,Fort Wayne,2019,June,"$ 3,812.59",25,41,8
112,9,Fort Wayne,2019,June,"$ 3,748.16",21,34,9
1592,9,Fort Wayne,2019,June,"$ 3,591.00",12,19,10
1594,9,Fort Wayne,2019,July,"$ 6,103.00",12,17,1
1595,9,Fort Wayne,2019,July,"$ 5,999.60",24,40,2
204,9,Fort Wayne,2019,July,"$ 4,535.64",23,36,3
242,9,Fort Wayne,2019,July,"$ 4,509.59",30,41,4
206,9,Fort Wayne,2019,July,"$ 4,184.73",17,27,5
1635,9,Fort Wayne,2019,July,"$ 4,139.77",14,23,6
1645,9,Fort Wayne,2019,July,"$ 4,117.00",15,23,7
212,9,Fort Wayne,2019,July,"$ 3,884.65",23,35,8
198,9,Fort Wayne,2019,July,"$ 3,856.71",21,29,9
109,9,Fort Wayne,2019,July,"$ 3,662.08",23,32,10
1552,9,Fort Wayne,2019,August,"$ 5,498.90",14,22,1
1594,9,Fort Wayne,2019,August,"$ 5,385.00",10,15,2
149,9,Fort Wayne,2019,August,"$ 4,249.66",24,34,3
1596,9,Fort Wayne,2019,August,"$ 4,139.77",13,23,4
204,9,Fort Wayne,2019,August,"$ 4,031.68",18,32,5
2007,9,Fort Wayne,2019,August,"$ 3,977.66",23,34,6
1591,9,Fort Wayne,2019,August,"$ 3,718.00",12,22,7
109,9,Fort Wayne,2019,August,"$ 3,662.08",22,32,8
106,9,Fort Wayne,2019,August,"$ 3,662.08",20,32,9
198,9,Fort Wayne,2019,August,"$ 3,590.73",18,27,10
206,9,Fort Wayne,2019,September,"$ 4,959.68",23,32,1
201,9,Fort Wayne,2019,September,"$ 4,809.63",23,37,2
1594,9,Fort Wayne,2019,September,"$ 4,667.00",8,13,3
109,9,Fort Wayne,2019,September,"$ 4,577.60",24,40,4
1595,9,Fort Wayne,2019,September,"$ 4,499.70",18,30,5
121,9,Fort Wayne,2019,September,"$ 4,274.55",27,45,6
204,9,Fort Wayne,2019,September,"$ 4,157.67",21,33,7
198,9,Fort Wayne,2019,September,"$ 3,989.70",19,30,8
1635,9,Fort Wayne,2019,September,"$ 3,959.78",13,22,9
2008,9,Fort Wayne,2019,September,"$ 3,943.66",20,34,10
1594,9,Fort Wayne,2019,October,"$ 6,103.00",13,17,1
1551,9,Fort Wayne,2019,October,"$ 4,828.95",15,21,2
204,9,Fort Wayne,2019,October,"$ 4,661.63",22,37,3
206,9,Fort Wayne,2019,October,"$ 4,494.71",18,29,4
246,9,Fort Wayne,2019,October,"$ 4,319.52",31,48,5
242,9,Fort Wayne,2019,October,"$ 4,289.61",27,39,6
123,9,Fort Wayne,2019,October,"$ 4,179.56",29,44,7
2001,9,Fort Wayne,2019,October,"$ 4,079.49",32,51,8
211,9,Fort Wayne,2019,October,"$ 3,921.63",24,37,9
201,9,Fort Wayne,2019,October,"$ 3,769.71",20,29,10
1552,9,Fort Wayne,2019,November,"$ 5,498.90",14,22,1
1551,9,Fort Wayne,2019,November,"$ 4,828.95",15,21,2
206,9,Fort Wayne,2019,November,"$ 4,804.69",19,31,3
197,9,Fort Wayne,2019,November,"$ 4,239.60",27,40,4
212,9,Fort Wayne,2019,November,"$ 4,217.62",27,38,5
1593,9,Fort Wayne,2019,November,"$ 4,180.00",13,20,6
242,9,Fort Wayne,2019,November,"$ 4,179.62",24,38,7
176,9,Fort Wayne,2019,November,"$ 4,099.59",27,41,8
185,9,Fort Wayne,2019,November,"$ 4,069.63",25,37,9
198,9,Fort Wayne,2019,November,"$ 3,989.70",20,30,10
206,9,Fort Wayne,2019,December,"$ 7,594.51",33,49,1
115,9,Fort Wayne,2019,December,"$ 5,950.88",33,52,2
1551,9,Fort Wayne,2019,December,"$ 5,748.75",16,25,3
2008,9,Fort Wayne,2019,December,"$ 5,567.52",31,48,4
1552,9,Fort Wayne,2019,December,"$ 5,498.90",16,22,5
173,9,Fort Wayne,2019,December,"$ 5,451.53",31,47,6
1594,9,Fort Wayne,2019,December,"$ 5,385.00",14,15,7
149,9,Fort Wayne,2019,December,"$ 5,374.57",26,43,8
176,9,Fort Wayne,2019,December,"$ 5,299.47",34,53,9
1592,9,Fort Wayne,2019,December,"$ 5,292.00",19,28,10
1594,9,Fort Wayne,2020,January,"$ 8,257.00",14,23,1
1635,9,Fort Wayne,2020,January,"$ 6,299.65",23,35,2
112,9,Fort Wayne,2020,January,"$ 5,952.96",37,54,3
2008,9,Fort Wayne,2020,January,"$ 5,915.49",35,51,4
198,9,Fort Wayne,2020,January,"$ 5,319.60",26,40,5
176,9,Fort Wayne,2020,January,"$ 5,199.48",33,52,6
1593,9,Fort Wayne,2020,January,"$ 4,807.00",13,23,7
1645,9,Fort Wayne,2020,January,"$ 4,654.00",18,26,8
1584,9,Fort Wayne,2020,January,"$ 4,587.00",23,33,9
1591,9,Fort Wayne,2020,January,"$ 4,563.00",18,27,10
1594,9,Fort Wayne,2020,Febuary,"$ 5,744.00",10,16,1
173,9,Fort Wayne,2020,Febuary,"$ 5,567.52",31,48,2
201,9,Fort Wayne,2020,Febuary,"$ 5,329.59",25,41,3
168,9,Fort Wayne,2020,Febuary,"$ 4,699.53",29,47,4
206,9,Fort Wayne,2020,Febuary,"$ 4,649.70",19,30,5
1593,9,Fort Wayne,2020,Febuary,"$ 4,389.00",12,21,6
176,9,Fort Wayne,2020,Febuary,"$ 4,199.58",26,42,7
17,9,Fort Wayne,2020,Febuary,"$ 4,079.04",31,48,8
204,9,Fort Wayne,2020,Febuary,"$ 4,031.68",22,32,9
211,9,Fort Wayne,2020,Febuary,"$ 4,027.62",24,38,10
197,9,Fort Wayne,2020,March,"$ 5,829.45",34,55,1
1594,9,Fort Wayne,2020,March,"$ 5,744.00",11,16,2
2007,9,Fort Wayne,2020,March,"$ 5,264.55",28,45,3
204,9,Fort Wayne,2020,March,"$ 4,661.63",25,37,4
1591,9,Fort Wayne,2020,March,"$ 4,563.00",17,27,5
206,9,Fort Wayne,2020,March,"$ 4,339.72",20,28,6
1628,9,Fort Wayne,2020,March,"$ 4,288.35",19,33,7
168,9,Fort Wayne,2020,March,"$ 4,199.58",25,42,8
1551,9,Fort Wayne,2020,March,"$ 4,139.10",12,18,9
135,9,Fort Wayne,2020,March,"$ 4,004.55",28,45,10
1594,9,Fort Wayne,2020,April,"$ 8,616.00",16,24,1
206,9,Fort Wayne,2020,April,"$ 4,804.69",22,31,2
2008,9,Fort Wayne,2020,April,"$ 4,755.59",25,41,3
2007,9,Fort Wayne,2020,April,"$ 4,679.60",24,40,4
198,9,Fort Wayne,2020,April,"$ 4,654.65",24,35,5
2006,9,Fort Wayne,2020,April,"$ 4,611.27",24,41,6
265,9,Fort Wayne,2020,April,"$ 4,299.57",29,43,7
185,9,Fort Wayne,2020,April,"$ 4,289.61",27,39,8
2010,9,Fort Wayne,2020,April,"$ 4,199.58",28,42,9
201,9,Fort Wayne,2020,April,"$ 4,159.68",21,32,10
149,9,Fort Wayne,2020,May,"$ 5,874.53",29,47,1
1594,9,Fort Wayne,2020,May,"$ 5,744.00",11,16,2
2007,9,Fort Wayne,2020,May,"$ 5,732.51",38,49,3
1593,9,Fort Wayne,2020,May,"$ 5,434.00",18,26,4
206,9,Fort Wayne,2020,May,"$ 5,114.67",23,33,5
112,9,Fort Wayne,2020,May,"$ 5,071.04",30,46,6
172,9,Fort Wayne,2020,May,"$ 4,844.49",32,51,7
1551,9,Fort Wayne,2020,May,"$ 4,599.00",14,20,8
185,9,Fort Wayne,2020,May,"$ 4,509.59",29,41,9
198,9,Fort Wayne,2020,May,"$ 4,388.67",19,33,10
1594,9,Fort Wayne,2020,June,"$ 7,539.00",13,21,1
206,9,Fort Wayne,2020,June,"$ 6,664.57",31,43,2
212,9,Fort Wayne,2020,June,"$ 5,327.52",32,48,3
1552,9,Fort Wayne,2020,June,"$ 4,749.05",12,19,4
177,9,Fort Wayne,2020,June,"$ 4,514.57",27,43,5
115,9,Fort Wayne,2020,June,"$ 4,463.16",25,39,6
112,9,Fort Wayne,2020,June,"$ 4,409.60",26,40,7
211,9,Fort Wayne,2020,June,"$ 4,345.59",27,41,8
201,9,Fort Wayne,2020,June,"$ 4,289.67",21,33,9
185,9,Fort Wayne,2020,June,"$ 4,179.62",27,38,10
204,9,Fort Wayne,2020,July,"$ 5,795.54",29,46,1
119,9,Fort Wayne,2020,July,"$ 5,102.46",33,54,2
1594,9,Fort Wayne,2020,July,"$ 5,026.00",9,14,3
206,9,Fort Wayne,2020,July,"$ 4,959.68",20,32,4
12,9,Fort Wayne,2020,July,"$ 4,928.84",35,58,5
106,9,Fort Wayne,2020,July,"$ 4,806.48",27,42,6
183,9,Fort Wayne,2020,July,"$ 4,599.54",30,46,7
1551,9,Fort Wayne,2020,July,"$ 4,599.00",13,20,8
2013,9,Fort Wayne,2020,July,"$ 4,589.46",38,54,9
219,9,Fort Wayne,2020,July,"$ 4,575.56",30,44,10
109,9,Fort Wayne,2020,August,"$ 5,722.00",31,50,1
212,9,Fort Wayne,2020,August,"$ 5,327.52",31,48,2
1551,9,Fort Wayne,2020,August,"$ 5,288.85",13,23,3
1594,9,Fort Wayne,2020,August,"$ 5,026.00",9,14,4
2008,9,Fort Wayne,2020,August,"$ 4,987.57",29,43,5
1552,9,Fort Wayne,2020,August,"$ 4,749.05",14,19,6
198,9,Fort Wayne,2020,August,"$ 4,654.65",26,35,7
2010,9,Fort Wayne,2020,August,"$ 4,599.54",29,46,8
2007,9,Fort Wayne,2020,August,"$ 4,562.61",26,39,9
206,9,Fort Wayne,2020,August,"$ 4,494.71",18,29,10
1552,9,Fort Wayne,2020,September,"$ 7,498.50",18,30,1
2007,9,Fort Wayne,2020,September,"$ 6,317.46",34,54,2
149,9,Fort Wayne,2020,September,"$ 5,874.53",30,47,3
1593,9,Fort Wayne,2020,September,"$ 5,643.00",19,27,4
1594,9,Fort Wayne,2020,September,"$ 5,026.00",10,14,5
212,9,Fort Wayne,2020,September,"$ 4,661.58",32,42,6
206,9,Fort Wayne,2020,September,"$ 4,649.70",19,30,7
173,9,Fort Wayne,2020,September,"$ 4,523.61",26,39,8
15,9,Fort Wayne,2020,September,"$ 4,503.94",33,53,9
112,9,Fort Wayne,2020,September,"$ 4,409.60",26,40,10
206,9,Fort Wayne,2020,October,"$ 5,889.62",25,38,1
2007,9,Fort Wayne,2020,October,"$ 5,615.52",28,48,2
201,9,Fort Wayne,2020,October,"$ 5,329.59",30,41,3
1594,9,Fort Wayne,2020,October,"$ 5,026.00",10,14,4
198,9,Fort Wayne,2020,October,"$ 4,787.64",27,36,5
1552,9,Fort Wayne,2020,October,"$ 4,749.05",12,19,6
219,9,Fort Wayne,2020,October,"$ 4,679.55",29,45,7
177,9,Fort Wayne,2020,October,"$ 4,094.61",26,39,8
250,9,Fort Wayne,2020,October,"$ 4,091.56",30,44,9
131,9,Fort Wayne,2020,October,"$ 4,079.49",34,51,10
1594,9,Fort Wayne,2020,November,"$ 5,744.00",10,16,1
1572,9,Fort Wayne,2020,November,"$ 5,370.00",17,30,2
109,9,Fort Wayne,2020,November,"$ 5,264.24",28,46,3
1592,9,Fort Wayne,2020,November,"$ 5,103.00",17,27,4
1645,9,Fort Wayne,2020,November,"$ 4,833.00",16,27,5
204,9,Fort Wayne,2020,November,"$ 4,787.62",26,38,6
1552,9,Fort Wayne,2020,November,"$ 4,749.05",14,19,7
206,9,Fort Wayne,2020,November,"$ 4,649.70",22,30,8
158,9,Fort Wayne,2020,November,"$ 4,499.50",31,50,9
219,9,Fort Wayne,2020,November,"$ 4,367.58",27,42,10
206,9,Fort Wayne,2020,December,"$ 8,059.48",35,52,1
173,9,Fort Wayne,2020,December,"$ 5,799.50",29,50,2
212,9,Fort Wayne,2020,December,"$ 5,549.50",31,50,3
1591,9,Fort Wayne,2020,December,"$ 5,239.00",21,31,4
201,9,Fort Wayne,2020,December,"$ 5,199.60",27,40,5
109,9,Fort Wayne,2020,December,"$ 5,149.80",28,45,6
1552,9,Fort Wayne,2020,December,"$ 4,999.00",13,20,7
211,9,Fort Wayne,2020,December,"$ 4,875.54",31,46,8
149,9,Fort Wayne,2020,December,"$ 4,874.61",26,39,9
1594,9,Fort Wayne,2020,December,"$ 4,667.00",7,13,10
1594,9,Fort Wayne,2021,January,"$ 7,898.00",14,22,1
149,9,Fort Wayne,2021,January,"$ 5,249.58",26,42,2
204,9,Fort Wayne,2021,January,"$ 4,913.61",26,39,3
112,9,Fort Wayne,2021,January,"$ 4,630.08",25,42,4
1572,9,Fort Wayne,2021,January,"$ 4,296.00",15,24,5
1592,9,Fort Wayne,2021,January,"$ 4,158.00",14,22,6
177,9,Fort Wayne,2021,January,"$ 4,094.61",26,39,7
206,9,Fort Wayne,2021,January,"$ 4,029.74",16,26,8
211,9,Fort Wayne,2021,January,"$ 3,815.64",22,36,9
156,9,Fort Wayne,2021,January,"$ 3,799.62",25,38,10
206,9,Fort Wayne,2021,Febuary,"$ 5,424.65",23,35,1
242,9,Fort Wayne,2021,Febuary,"$ 4,729.57",24,43,2
2008,9,Fort Wayne,2021,Febuary,"$ 4,523.61",25,39,3
198,9,Fort Wayne,2021,Febuary,"$ 3,989.70",20,30,4
173,9,Fort Wayne,2021,Febuary,"$ 3,943.66",23,34,5
1572,9,Fort Wayne,2021,Febuary,"$ 3,938.00",14,22,6
177,9,Fort Wayne,2021,Febuary,"$ 3,884.63",25,37,7
246,9,Fort Wayne,2021,Febuary,"$ 3,869.57",26,43,8
168,9,Fort Wayne,2021,Febuary,"$ 3,799.62",23,38,9
219,9,Fort Wayne,2021,Febuary,"$ 3,639.65",21,35,10
115,9,Fort Wayne,2021,March,"$ 4,920.92",26,43,1
1552,9,Fort Wayne,2021,March,"$ 4,749.05",11,19,2
1551,9,Fort Wayne,2021,March,"$ 4,599.00",15,20,3
2007,9,Fort Wayne,2021,March,"$ 4,562.61",24,39,4
109,9,Fort Wayne,2021,March,"$ 4,234.28",23,37,5
206,9,Fort Wayne,2021,March,"$ 4,029.74",16,26,6
1594,9,Fort Wayne,2021,March,"$ 3,949.00",8,11,7
2008,9,Fort Wayne,2021,March,"$ 3,943.66",21,34,8
2010,9,Fort Wayne,2021,March,"$ 3,899.61",25,39,9
135,9,Fort Wayne,2021,March,"$ 3,648.59",25,41,10
206,9,Fort Wayne,2021,April,"$ 6,044.61",26,39,1
198,9,Fort Wayne,2021,April,"$ 4,521.66",22,34,2
1593,9,Fort Wayne,2021,April,"$ 4,180.00",14,20,3
201,9,Fort Wayne,2021,April,"$ 4,029.69",21,31,4
162,9,Fort Wayne,2021,April,"$ 3,779.58",26,42,5
1594,9,Fort Wayne,2021,April,"$ 3,590.00",5,10,6
17,9,Fort Wayne,2021,April,"$ 3,569.16",24,42,7
1626,9,Fort Wayne,2021,April,"$ 3,560.70",16,26,8
121,9,Fort Wayne,2021,April,"$ 3,514.63",24,37,9
149,9,Fort Wayne,2021,April,"$ 3,499.72",18,28,10
1594,9,Fort Wayne,2021,May,"$ 7,180.00",15,20,1
204,9,Fort Wayne,2021,May,"$ 5,669.55",28,45,2
212,9,Fort Wayne,2021,May,"$ 3,995.64",22,36,3
265,9,Fort Wayne,2021,May,"$ 3,799.62",25,38,4
198,9,Fort Wayne,2021,May,"$ 3,723.72",18,28,5
201,9,Fort Wayne,2021,May,"$ 3,639.72",18,28,6
1635,9,Fort Wayne,2021,May,"$ 3,599.80",13,20,7
127,9,Fort Wayne,2021,May,"$ 3,599.55",25,45,8
1572,9,Fort Wayne,2021,May,"$ 3,580.00",14,20,9
1591,9,Fort Wayne,2021,May,"$ 3,549.00",14,21,10
1594,9,Fort Wayne,2021,June,"$ 6,462.00",13,18,1
1552,9,Fort Wayne,2021,June,"$ 5,998.80",15,24,2
201,9,Fort Wayne,2021,June,"$ 4,679.64",21,36,3
106,9,Fort Wayne,2021,June,"$ 4,577.60",25,40,4
152,9,Fort Wayne,2021,June,"$ 4,399.56",28,44,5
173,9,Fort Wayne,2021,June,"$ 4,175.64",25,36,6
1551,9,Fort Wayne,2021,June,"$ 3,909.15",11,17,7
2010,9,Fort Wayne,2021,June,"$ 3,899.61",27,39,8
1593,9,Fort Wayne,2021,June,"$ 3,762.00",13,18,9
206,9,Fort Wayne,2021,June,"$ 3,719.76",18,24,10
106,9,Fort Wayne,2021,July,"$ 5,493.12",30,48,1
1551,9,Fort Wayne,2021,July,"$ 4,828.95",13,21,2
1594,9,Fort Wayne,2021,July,"$ 4,667.00",8,13,3
2008,9,Fort Wayne,2021,July,"$ 4,639.60",22,40,4
15,9,Fort Wayne,2021,July,"$ 4,333.98",32,51,5
1552,9,Fort Wayne,2021,July,"$ 4,249.15",11,17,6
206,9,Fort Wayne,2021,July,"$ 4,184.73",18,27,7
212,9,Fort Wayne,2021,July,"$ 4,106.63",25,37,8
1635,9,Fort Wayne,2021,July,"$ 3,959.78",14,22,9
1572,9,Fort Wayne,2021,July,"$ 3,759.00",14,21,10
212,9,Fort Wayne,2021,August,"$ 4,550.59",27,41,1
172,9,Fort Wayne,2021,August,"$ 3,799.60",26,40,2
1572,9,Fort Wayne,2021,August,"$ 3,759.00",13,21,3
112,9,Fort Wayne,2021,August,"$ 3,748.16",23,34,4
1591,9,Fort Wayne,2021,August,"$ 3,718.00",13,22,5
106,9,Fort Wayne,2021,August,"$ 3,662.08",22,32,6
1594,9,Fort Wayne,2021,August,"$ 3,590.00",6,10,7
117,9,Fort Wayne,2021,August,"$ 3,568.57",26,43,8
149,9,Fort Wayne,2021,August,"$ 3,499.72",17,28,9
152,9,Fort Wayne,2021,August,"$ 3,499.65",19,35,10
112,9,Fort Wayne,2021,September,"$ 4,740.32",26,43,1
206,9,Fort Wayne,2021,September,"$ 4,649.70",23,30,2
1551,9,Fort Wayne,2021,September,"$ 4,599.00",13,20,3
106,9,Fort Wayne,2021,September,"$ 4,348.72",26,38,4
198,9,Fort Wayne,2021,September,"$ 4,255.68",22,32,5
173,9,Fort Wayne,2021,September,"$ 4,059.65",24,35,6
1592,9,Fort Wayne,2021,September,"$ 3,969.00",14,21,7
185,9,Fort Wayne,2021,September,"$ 3,849.65",23,35,8
1593,9,Fort Wayne,2021,September,"$ 3,762.00",12,18,9
1645,9,Fort Wayne,2021,September,"$ 3,759.00",13,21,10
1594,9,Fort Wayne,2021,October,"$ 6,462.00",13,18,1
109,9,Fort Wayne,2021,October,"$ 5,722.00",32,50,2
1552,9,Fort Wayne,2021,October,"$ 5,248.95",14,21,3
206,9,Fort Wayne,2021,October,"$ 4,804.69",19,31,4
201,9,Fort Wayne,2021,October,"$ 4,419.66",26,34,5
149,9,Fort Wayne,2021,October,"$ 4,249.66",22,34,6
112,9,Fort Wayne,2021,October,"$ 4,189.12",24,38,7
106,9,Fort Wayne,2021,October,"$ 4,119.84",22,36,8
204,9,Fort Wayne,2021,October,"$ 3,905.69",20,31,9
242,9,Fort Wayne,2021,October,"$ 3,849.65",24,35,10
1551,9,Fort Wayne,2021,November,"$ 5,748.75",15,25,1
1594,9,Fort Wayne,2021,November,"$ 5,385.00",9,15,2
1645,9,Fort Wayne,2021,November,"$ 5,012.00",17,28,3
201,9,Fort Wayne,2021,November,"$ 4,939.62",22,38,4
197,9,Fort Wayne,2021,November,"$ 4,451.58",28,42,5
156,9,Fort Wayne,2021,November,"$ 4,299.57",27,43,6
246,9,Fort Wayne,2021,November,"$ 4,229.53",31,47,7
1593,9,Fort Wayne,2021,November,"$ 4,180.00",14,20,8
206,9,Fort Wayne,2021,November,"$ 4,029.74",19,26,9
106,9,Fort Wayne,2021,November,"$ 4,005.40",23,35,10
1594,9,Fort Wayne,2021,December,"$ 11,847.00",19,33,1
206,9,Fort Wayne,2021,December,"$ 6,509.58",26,42,2
204,9,Fort Wayne,2021,December,"$ 5,795.54",30,46,3
1551,9,Fort Wayne,2021,December,"$ 5,288.85",16,23,4
198,9,Fort Wayne,2021,December,"$ 5,053.62",24,38,5
149,9,Fort Wayne,2021,December,"$ 4,749.62",24,38,6
173,9,Fort Wayne,2021,December,"$ 4,639.60",27,40,7
2010,9,Fort Wayne,2021,December,"$ 4,499.55",31,45,8
2012,9,Fort Wayne,2021,December,"$ 4,409.51",31,49,9
1593,9,Fort Wayne,2021,December,"$ 4,389.00",13,21,10
206,9,Fort Wayne,2022,January,"$ 5,114.67",21,33,1
2007,9,Fort Wayne,2022,January,"$ 4,913.58",28,42,2
201,9,Fort Wayne,2022,January,"$ 4,549.65",22,35,3
106,9,Fort Wayne,2022,January,"$ 4,348.72",23,38,4
181,9,Fort Wayne,2022,January,"$ 4,031.58",27,42,5
1594,9,Fort Wayne,2022,January,"$ 3,949.00",9,11,6
2008,9,Fort Wayne,2022,January,"$ 3,827.67",21,33,7
204,9,Fort Wayne,2022,January,"$ 3,779.70",19,30,8
137,9,Fort Wayne,2022,January,"$ 3,779.58",28,42,9
149,9,Fort Wayne,2022,January,"$ 3,749.70",19,30,10
1594,9,Fort Wayne,2022,Febuary,"$ 10,052.00",18,28,1
173,9,Fort Wayne,2022,Febuary,"$ 4,523.61",27,39,2
2007,9,Fort Wayne,2022,Febuary,"$ 3,743.68",19,32,3
212,9,Fort Wayne,2022,Febuary,"$ 3,662.67",19,33,4
198,9,Fort Wayne,2022,Febuary,"$ 3,590.73",16,27,5
1591,9,Fort Wayne,2022,Febuary,"$ 3,549.00",14,21,6
2012,9,Fort Wayne,2022,Febuary,"$ 3,509.61",21,39,7
1572,9,Fort Wayne,2022,Febuary,"$ 3,401.00",12,19,8
152,9,Fort Wayne,2022,Febuary,"$ 3,399.66",23,34,9
269,9,Fort Wayne,2022,Febuary,"$ 3,374.55",28,45,10
1594,9,Fort Wayne,2022,March,"$ 6,462.00",11,18,1
204,9,Fort Wayne,2022,March,"$ 5,417.57",26,43,2
149,9,Fort Wayne,2022,March,"$ 4,749.62",24,38,3
1552,9,Fort Wayne,2022,March,"$ 4,499.10",12,18,4
1645,9,Fort Wayne,2022,March,"$ 4,475.00",15,25,5
13,9,Fort Wayne,2022,March,"$ 4,418.96",32,52,6
206,9,Fort Wayne,2022,March,"$ 4,184.73",16,27,7
198,9,Fort Wayne,2022,March,"$ 4,122.69",21,31,8
201,9,Fort Wayne,2022,March,"$ 3,769.71",20,29,9
2009,9,Fort Wayne,2022,March,"$ 3,699.63",22,37,10
206,9,Fort Wayne,2022,April,"$ 4,494.71",19,29,1
212,9,Fort Wayne,2022,April,"$ 4,328.61",26,39,2
1594,9,Fort Wayne,2022,April,"$ 4,308.00",8,12,3
1552,9,Fort Wayne,2022,April,"$ 4,249.15",12,17,4
115,9,Fort Wayne,2022,April,"$ 3,890.96",22,34,5
271,9,Fort Wayne,2022,April,"$ 3,599.60",27,40,6
1592,9,Fort Wayne,2022,April,"$ 3,591.00",11,19,7
2011,9,Fort Wayne,2022,April,"$ 3,569.65",22,35,8
198,9,Fort Wayne,2022,April,"$ 3,457.74",16,26,9
112,9,Fort Wayne,2022,April,"$ 3,417.44",18,31,10
1593,9,Fort Wayne,2022,May,"$ 4,807.00",15,23,1
14,9,Fort Wayne,2022,May,"$ 4,588.92",34,54,2
198,9,Fort Wayne,2022,May,"$ 4,388.67",22,33,3
109,9,Fort Wayne,2022,May,"$ 4,348.72",26,38,4
201,9,Fort Wayne,2022,May,"$ 4,289.67",21,33,5
119,9,Fort Wayne,2022,May,"$ 4,063.07",29,43,6
112,9,Fort Wayne,2022,May,"$ 3,968.64",22,36,7
2008,9,Fort Wayne,2022,May,"$ 3,827.67",22,33,8
1645,9,Fort Wayne,2022,May,"$ 3,759.00",15,21,9
1552,9,Fort Wayne,2022,May,"$ 3,749.25",9,15,10
201,9,Fort Wayne,2022,June,"$ 5,329.59",28,41,1
219,9,Fort Wayne,2022,June,"$ 4,991.52",28,48,2
2008,9,Fort Wayne,2022,June,"$ 4,871.58",29,42,3
1594,9,Fort Wayne,2022,June,"$ 4,667.00",10,13,4
121,9,Fort Wayne,2022,June,"$ 4,559.52",30,48,5
149,9,Fort Wayne,2022,June,"$ 4,499.64",23,36,6
204,9,Fort Wayne,2022,June,"$ 4,283.66",23,34,7
109,9,Fort Wayne,2022,June,"$ 4,119.84",25,36,8
2007,9,Fort Wayne,2022,June,"$ 4,094.65",23,35,9
1552,9,Fort Wayne,2022,June,"$ 3,999.20",10,16,10
115,9,Fort Wayne,2022,July,"$ 4,806.48",29,42,1
173,9,Fort Wayne,2022,July,"$ 4,755.59",25,41,2
183,9,Fort Wayne,2022,July,"$ 4,699.53",30,47,3
1594,9,Fort Wayne,2022,July,"$ 4,667.00",10,13,4
197,9,Fort Wayne,2022,July,"$ 4,663.56",26,44,5
109,9,Fort Wayne,2022,July,"$ 4,463.16",25,39,6
149,9,Fort Wayne,2022,July,"$ 4,374.65",22,35,7
1552,9,Fort Wayne,2022,July,"$ 4,249.15",12,17,8
2011,9,Fort Wayne,2022,July,"$ 4,079.60",27,40,9
1988,9,Fort Wayne,2022,July,"$ 3,935.52",30,48,10
206,9,Fort Wayne,2022,August,"$ 4,494.71",18,29,1
1594,9,Fort Wayne,2022,August,"$ 4,308.00",9,12,2
2006,9,Fort Wayne,2022,August,"$ 4,273.86",24,38,3
254,9,Fort Wayne,2022,August,"$ 4,184.55",28,45,4
1551,9,Fort Wayne,2022,August,"$ 4,139.10",12,18,5
201,9,Fort Wayne,2022,August,"$ 4,029.69",22,31,6
2013,9,Fort Wayne,2022,August,"$ 3,994.53",33,47,7
1593,9,Fort Wayne,2022,August,"$ 3,971.00",10,19,8
1572,9,Fort Wayne,2022,August,"$ 3,938.00",13,22,9
106,9,Fort Wayne,2022,August,"$ 3,890.96",26,34,10
109,9,Fort Wayne,2022,September,"$ 4,463.16",24,39,1
1551,9,Fort Wayne,2022,September,"$ 4,369.05",14,19,2
177,9,Fort Wayne,2022,September,"$ 4,199.60",25,40,3
2010,9,Fort Wayne,2022,September,"$ 4,099.59",27,41,4
149,9,Fort Wayne,2022,September,"$ 3,999.68",21,32,5
2007,9,Fort Wayne,2022,September,"$ 3,977.66",21,34,6
242,9,Fort Wayne,2022,September,"$ 3,849.65",21,35,7
152,9,Fort Wayne,2022,September,"$ 3,799.62",22,38,8
198,9,Fort Wayne,2022,September,"$ 3,723.72",20,28,9
206,9,Fort Wayne,2022,September,"$ 3,719.76",17,24,10
1635,9,Fort Wayne,2022,October,"$ 5,759.68",18,32,1
204,9,Fort Wayne,2022,October,"$ 4,787.62",25,38,2
12,9,Fort Wayne,2022,October,"$ 4,164.02",32,49,3
198,9,Fort Wayne,2022,October,"$ 3,989.70",20,30,4
1601,9,Fort Wayne,2022,October,"$ 3,938.00",14,22,5
179,9,Fort Wayne,2022,October,"$ 3,839.60",25,40,6
201,9,Fort Wayne,2022,October,"$ 3,769.71",19,29,7
242,9,Fort Wayne,2022,October,"$ 3,739.66",21,34,8
2014,9,Fort Wayne,2022,October,"$ 3,654.57",30,43,9
254,9,Fort Wayne,2022,October,"$ 3,626.61",27,39,10
1594,9,Fort Wayne,2022,November,"$ 5,744.00",9,16,1
206,9,Fort Wayne,2022,November,"$ 5,114.67",22,33,2
201,9,Fort Wayne,2022,November,"$ 4,419.66",22,34,3
1552,9,Fort Wayne,2022,November,"$ 4,249.15",12,17,4
2008,9,Fort Wayne,2022,November,"$ 4,059.65",21,35,5
152,9,Fort Wayne,2022,November,"$ 3,999.60",28,40,6
1551,9,Fort Wayne,2022,November,"$ 3,909.15",11,17,7
109,9,Fort Wayne,2022,November,"$ 3,890.96",21,34,8
219,9,Fort Wayne,2022,November,"$ 3,847.63",25,37,9
131,9,Fort Wayne,2022,November,"$ 3,679.54",29,46,10
198,9,Fort Wayne,2022,December,"$ 6,383.52",32,48,1
2008,9,Fort Wayne,2022,December,"$ 5,335.54",30,46,2
1594,9,Fort Wayne,2022,December,"$ 5,026.00",8,14,3
201,9,Fort Wayne,2022,December,"$ 4,939.62",23,38,4
1552,9,Fort Wayne,2022,December,"$ 4,749.05",13,19,5
172,9,Fort Wayne,2022,December,"$ 4,654.51",31,49,6
1645,9,Fort Wayne,2022,December,"$ 4,654.00",15,26,7
115,9,Fort Wayne,2022,December,"$ 4,577.60",25,40,8
2011,9,Fort Wayne,2022,December,"$ 4,487.56",31,44,9
109,9,Fort Wayne,2022,December,"$ 4,463.16",25,39,10
1593,9,Fort Wayne,2023,January,"$ 4,598.00",14,22,1
1594,9,Fort Wayne,2023,January,"$ 4,308.00",9,12,2
1552,9,Fort Wayne,2023,January,"$ 4,249.15",12,17,3
2007,9,Fort Wayne,2023,January,"$ 4,211.64",24,36,4
1635,9,Fort Wayne,2023,January,"$ 4,139.77",14,23,5
198,9,Fort Wayne,2023,January,"$ 4,122.69",20,31,6
204,9,Fort Wayne,2023,January,"$ 3,905.69",20,31,7
106,9,Fort Wayne,2023,January,"$ 3,776.52",21,33,8
149,9,Fort Wayne,2023,January,"$ 3,749.70",20,30,9
2010,9,Fort Wayne,2023,January,"$ 3,699.63",23,37,10
1594,9,Fort Wayne,2023,Febuary,"$ 6,103.00",11,17,1
1552,9,Fort Wayne,2023,Febuary,"$ 4,749.05",12,19,2
1571,9,Fort Wayne,2023,Febuary,"$ 3,657.00",13,23,3
1644,9,Fort Wayne,2023,Febuary,"$ 3,576.00",15,24,4
201,9,Fort Wayne,2023,Febuary,"$ 3,379.74",17,26,5
156,9,Fort Wayne,2023,Febuary,"$ 3,299.67",22,33,6
265,9,Fort Wayne,2023,Febuary,"$ 3,299.67",23,33,7
217,9,Fort Wayne,2023,Febuary,"$ 3,279.59",24,41,8
1551,9,Fort Wayne,2023,Febuary,"$ 3,219.30",10,14,9
109,9,Fort Wayne,2023,Febuary,"$ 3,204.32",15,28,10
206,9,Fort Wayne,2023,March,"$ 6,044.61",25,39,1
1594,9,Fort Wayne,2023,March,"$ 5,744.00",10,16,2
1552,9,Fort Wayne,2023,March,"$ 4,499.10",12,18,3
112,9,Fort Wayne,2023,March,"$ 4,409.60",23,40,4
204,9,Fort Wayne,2023,March,"$ 3,779.70",20,30,5
1593,9,Fort Wayne,2023,March,"$ 3,762.00",11,18,6
2009,9,Fort Wayne,2023,March,"$ 3,699.63",23,37,7
1551,9,Fort Wayne,2023,March,"$ 3,679.20",11,16,8
149,9,Fort Wayne,2023,March,"$ 3,499.72",18,28,9
250,9,Fort Wayne,2023,March,"$ 3,440.63",25,37,10
149,9,Fort Wayne,2023,April,"$ 5,374.57",26,43,1
1552,9,Fort Wayne,2023,April,"$ 5,248.95",13,21,2
1601,9,Fort Wayne,2023,April,"$ 4,654.00",16,26,3
152,9,Fort Wayne,2023,April,"$ 4,499.55",28,45,4
2007,9,Fort Wayne,2023,April,"$ 4,094.65",22,35,5
123,9,Fort Wayne,2023,April,"$ 3,989.58",26,42,6
1635,9,Fort Wayne,2023,April,"$ 3,959.78",14,22,7
206,9,Fort Wayne,2023,April,"$ 3,874.75",18,25,8
2006,9,Fort Wayne,2023,April,"$ 3,711.51",19,33,9
185,9,Fort Wayne,2023,April,"$ 3,629.67",23,33,10
1552,9,Fort Wayne,2023,May,"$ 5,498.90",14,22,1
2008,9,Fort Wayne,2023,May,"$ 4,755.59",26,41,2
198,9,Fort Wayne,2023,May,"$ 4,521.66",21,34,3
197,9,Fort Wayne,2023,May,"$ 4,239.60",27,40,4
177,9,Fort Wayne,2023,May,"$ 4,199.60",25,40,5
206,9,Fort Wayne,2023,May,"$ 4,184.73",19,27,6
1551,9,Fort Wayne,2023,May,"$ 4,139.10",13,18,7
212,9,Fort Wayne,2023,May,"$ 4,106.63",24,37,8
1596,9,Fort Wayne,2023,May,"$ 3,959.78",16,22,9
1592,9,Fort Wayne,2023,May,"$ 3,780.00",14,20,10
1551,9,Fort Wayne,2023,June,"$ 5,058.90",13,22,1
177,9,Fort Wayne,2023,June,"$ 4,409.58",26,42,2
2007,9,Fort Wayne,2023,June,"$ 4,211.64",22,36,3
204,9,Fort Wayne,2023,June,"$ 4,157.67",22,33,4
211,9,Fort Wayne,2023,June,"$ 3,921.63",22,37,5
1999,9,Fort Wayne,2023,June,"$ 3,839.52",31,48,6
112,9,Fort Wayne,2023,June,"$ 3,637.92",23,33,7
1594,9,Fort Wayne,2023,June,"$ 3,590.00",8,10,8
201,9,Fort Wayne,2023,June,"$ 3,509.73",17,27,9
247,9,Fort Wayne,2023,June,"$ 3,509.61",25,39,10
1551,9,Fort Wayne,2023,July,"$ 6,438.60",19,28,1
206,9,Fort Wayne,2023,July,"$ 4,804.69",21,31,2
1593,9,Fort Wayne,2023,July,"$ 4,598.00",15,22,3
1594,9,Fort Wayne,2023,July,"$ 4,308.00",7,12,4
2008,9,Fort Wayne,2023,July,"$ 4,291.63",27,37,5
2007,9,Fort Wayne,2023,July,"$ 4,211.64",26,36,6
1592,9,Fort Wayne,2023,July,"$ 3,969.00",14,21,7
137,9,Fort Wayne,2023,July,"$ 3,959.56",27,44,8
177,9,Fort Wayne,2023,July,"$ 3,884.63",24,37,9
204,9,Fort Wayne,2023,July,"$ 3,779.70",20,30,10
1594,9,Fort Wayne,2023,August,"$ 7,539.00",12,21,1
212,9,Fort Wayne,2023,August,"$ 5,105.54",29,46,2
2009,9,Fort Wayne,2023,August,"$ 4,699.53",28,47,3
149,9,Fort Wayne,2023,August,"$ 4,499.64",23,36,4
1592,9,Fort Wayne,2023,August,"$ 3,969.00",15,21,5
112,9,Fort Wayne,2023,August,"$ 3,858.40",23,35,6
109,9,Fort Wayne,2023,August,"$ 3,776.52",21,33,7
2006,9,Fort Wayne,2023,August,"$ 3,711.51",22,33,8
2007,9,Fort Wayne,2023,August,"$ 3,626.69",20,31,9
106,9,Fort Wayne,2023,August,"$ 3,547.64",20,31,10
198,9,Fort Wayne,2023,September,"$ 4,920.63",21,37,1
1552,9,Fort Wayne,2023,September,"$ 4,749.05",14,19,2
1645,9,Fort Wayne,2023,September,"$ 4,475.00",15,25,3
1551,9,Fort Wayne,2023,September,"$ 4,369.05",11,19,4
149,9,Fort Wayne,2023,September,"$ 3,874.69",19,31,5
177,9,Fort Wayne,2023,September,"$ 3,779.64",24,36,6
112,9,Fort Wayne,2023,September,"$ 3,748.16",24,34,7
2007,9,Fort Wayne,2023,September,"$ 3,743.68",20,32,8
242,9,Fort Wayne,2023,September,"$ 3,629.67",22,33,9
2006,9,Fort Wayne,2023,September,"$ 3,486.57",22,31,10
1594,9,Fort Wayne,2023,October,"$ 6,103.00",11,17,1
206,9,Fort Wayne,2023,October,"$ 4,959.68",21,32,2
242,9,Fort Wayne,2023,October,"$ 4,399.60",29,40,3
1551,9,Fort Wayne,2023,October,"$ 4,369.05",13,19,4
1635,9,Fort Wayne,2023,October,"$ 4,139.77",13,23,5
198,9,Fort Wayne,2023,October,"$ 3,856.71",20,29,6
211,9,Fort Wayne,2023,October,"$ 3,815.64",23,36,7
1595,9,Fort Wayne,2023,October,"$ 3,749.75",14,25,8
204,9,Fort Wayne,2023,October,"$ 3,653.71",22,29,9
1596,9,Fort Wayne,2023,October,"$ 3,599.80",12,20,10
201,9,Fort Wayne,2023,November,"$ 5,589.57",26,43,1
149,9,Fort Wayne,2023,November,"$ 4,749.62",24,38,2
204,9,Fort Wayne,2023,November,"$ 4,535.64",25,36,3
185,9,Fort Wayne,2023,November,"$ 4,509.59",27,41,4
1551,9,Fort Wayne,2023,November,"$ 4,369.05",12,19,5
1552,9,Fort Wayne,2023,November,"$ 3,999.20",12,16,6
206,9,Fort Wayne,2023,November,"$ 3,874.75",16,25,7
246,9,Fort Wayne,2023,November,"$ 3,779.58",28,42,8
212,9,Fort Wayne,2023,November,"$ 3,662.67",20,33,9
109,9,Fort Wayne,2023,November,"$ 3,662.08",21,32,10
1594,9,Fort Wayne,2023,December,"$ 6,103.00",12,17,1
1592,9,Fort Wayne,2023,December,"$ 5,670.00",18,30,2
204,9,Fort Wayne,2023,December,"$ 5,291.58",28,42,3
206,9,Fort Wayne,2023,December,"$ 5,269.66",23,34,4
185,9,Fort Wayne,2023,December,"$ 4,839.56",30,44,5
1595,9,Fort Wayne,2023,December,"$ 4,649.69",19,31,6
1551,9,Fort Wayne,2023,December,"$ 4,599.00",15,20,7
1591,9,Fort Wayne,2023,December,"$ 4,563.00",19,27,8
2008,9,Fort Wayne,2023,December,"$ 4,523.61",23,39,9
149,9,Fort Wayne,2023,December,"$ 4,499.64",21,36,10
1552,9,Fort Wayne,2024,January,"$ 6,498.70",16,26,1
206,9,Fort Wayne,2024,January,"$ 5,889.62",25,38,2
1594,9,Fort Wayne,2024,January,"$ 5,026.00",11,14,3
201,9,Fort Wayne,2024,January,"$ 4,549.65",24,35,4
149,9,Fort Wayne,2024,January,"$ 4,374.65",23,35,5
185,9,Fort Wayne,2024,January,"$ 4,289.61",26,39,6
242,9,Fort Wayne,2024,January,"$ 3,849.65",23,35,7
1601,9,Fort Wayne,2024,January,"$ 3,759.00",14,21,8
2007,9,Fort Wayne,2024,January,"$ 3,743.68",21,32,9
197,9,Fort Wayne,2024,January,"$ 3,603.66",24,34,10
112,9,Fort Wayne,2024,Febuary,"$ 3,968.64",22,36,1
2009,9,Fort Wayne,2024,Febuary,"$ 3,899.61",24,39,2
212,9,Fort Wayne,2024,Febuary,"$ 3,884.65",24,35,3
2008,9,Fort Wayne,2024,Febuary,"$ 3,479.70",19,30,4
198,9,Fort Wayne,2024,Febuary,"$ 3,457.74",15,26,5
219,9,Fort Wayne,2024,Febuary,"$ 3,431.67",23,33,6
206,9,Fort Wayne,2024,Febuary,"$ 3,409.78",13,22,7
204,9,Fort Wayne,2024,Febuary,"$ 3,401.73",18,27,8
217,9,Fort Wayne,2024,Febuary,"$ 3,359.58",25,42,9
166,9,Fort Wayne,2024,Febuary,"$ 3,359.58",28,42,10
1593,9,Fort Wayne,2024,March,"$ 4,389.00",13,21,1
201,9,Fort Wayne,2024,March,"$ 4,159.68",22,32,2
198,9,Fort Wayne,2024,March,"$ 3,856.71",18,29,3
179,9,Fort Wayne,2024,March,"$ 3,839.60",24,40,4
149,9,Fort Wayne,2024,March,"$ 3,749.70",22,30,5
2006,9,Fort Wayne,2024,March,"$ 3,711.51",23,33,6
119,9,Fort Wayne,2024,March,"$ 3,685.11",25,39,7
1635,9,Fort Wayne,2024,March,"$ 3,599.80",14,20,8
206,9,Fort Wayne,2024,March,"$ 3,564.77",15,23,9
1591,9,Fort Wayne,2024,March,"$ 3,549.00",14,21,10
201,9,Fort Wayne,2024,April,"$ 4,809.63",24,37,1
1552,9,Fort Wayne,2024,April,"$ 4,499.10",11,18,2
69,9,Fort Wayne,2024,April,"$ 3,941.46",32,54,3
251,9,Fort Wayne,2024,April,"$ 3,905.58",26,42,4
185,9,Fort Wayne,2024,April,"$ 3,849.65",22,35,5
1601,9,Fort Wayne,2024,April,"$ 3,759.00",12,21,6
1594,9,Fort Wayne,2024,April,"$ 3,590.00",7,10,7
2010,9,Fort Wayne,2024,April,"$ 3,299.67",21,33,8
14,9,Fort Wayne,2024,April,"$ 3,229.24",25,38,9
1592,9,Fort Wayne,2024,April,"$ 3,213.00",10,17,10
149,9,Fort Wayne,2024,May,"$ 5,499.56",30,44,1
1592,9,Fort Wayne,2024,May,"$ 5,103.00",17,27,2
2007,9,Fort Wayne,2024,May,"$ 4,796.59",26,41,3
201,9,Fort Wayne,2024,May,"$ 4,419.66",24,34,4
1593,9,Fort Wayne,2024,May,"$ 4,389.00",13,21,5
133,9,Fort Wayne,2024,May,"$ 4,319.46",33,54,6
198,9,Fort Wayne,2024,May,"$ 4,255.68",22,32,7
1595,9,Fort Wayne,2024,May,"$ 3,899.74",15,26,8
206,9,Fort Wayne,2024,May,"$ 3,874.75",19,25,9
1596,9,Fort Wayne,2024,May,"$ 3,779.79",13,21,10
1552,9,Fort Wayne,2024,June,"$ 4,999.00",14,20,1
201,9,Fort Wayne,2024,June,"$ 4,939.62",23,38,2
206,9,Fort Wayne,2024,June,"$ 4,804.69",22,31,3
149,9,Fort Wayne,2024,June,"$ 4,374.65",23,35,4
204,9,Fort Wayne,2024,June,"$ 4,031.68",19,32,5
212,9,Fort Wayne,2024,June,"$ 3,884.65",23,35,6
1992,9,Fort Wayne,2024,June,"$ 3,599.60",27,40,7
173,9,Fort Wayne,2024,June,"$ 3,595.69",21,31,8
112,9,Fort Wayne,2024,June,"$ 3,527.68",21,32,9
1572,9,Fort Wayne,2024,June,"$ 3,401.00",11,19,10
1594,9,Fort Wayne,2024,July,"$ 7,180.00",12,20,1
206,9,Fort Wayne,2024,July,"$ 4,804.69",21,31,2
212,9,Fort Wayne,2024,July,"$ 4,217.62",27,38,3
204,9,Fort Wayne,2024,July,"$ 3,905.69",18,31,4
242,9,Fort Wayne,2024,July,"$ 3,849.65",22,35,5
219,9,Fort Wayne,2024,July,"$ 3,847.63",27,37,6
173,9,Fort Wayne,2024,July,"$ 3,827.67",20,33,7
1596,9,Fort Wayne,2024,July,"$ 3,779.79",12,21,8
211,9,Fort Wayne,2024,July,"$ 3,709.65",22,35,9
131,9,Fort Wayne,2024,July,"$ 3,679.54",26,46,10
1594,9,Fort Wayne,2024,August,"$ 10,411.00",18,29,1
206,9,Fort Wayne,2024,August,"$ 6,044.61",26,39,2
1551,9,Fort Wayne,2024,August,"$ 4,369.05",12,19,3
168,9,Fort Wayne,2024,August,"$ 4,199.58",30,42,4
1593,9,Fort Wayne,2024,August,"$ 4,180.00",13,20,5
2007,9,Fort Wayne,2024,August,"$ 3,977.66",21,34,6
185,9,Fort Wayne,2024,August,"$ 3,959.64",22,36,7
149,9,Fort Wayne,2024,August,"$ 3,874.69",22,31,8
14,9,Fort Wayne,2024,August,"$ 3,654.14",27,43,9
112,9,Fort Wayne,2024,August,"$ 3,637.92",21,33,10
1594,9,Fort Wayne,2024,September,"$ 6,103.00",13,17,1
206,9,Fort Wayne,2024,September,"$ 4,649.70",21,30,2
1593,9,Fort Wayne,2024,September,"$ 4,598.00",14,22,3
212,9,Fort Wayne,2024,September,"$ 4,439.60",27,40,4
1551,9,Fort Wayne,2024,September,"$ 4,369.05",13,19,5
177,9,Fort Wayne,2024,September,"$ 4,304.59",28,41,6
242,9,Fort Wayne,2024,September,"$ 4,289.61",25,39,7
204,9,Fort Wayne,2024,September,"$ 4,283.66",21,34,8
109,9,Fort Wayne,2024,September,"$ 4,119.84",25,36,9
201,9,Fort Wayne,2024,September,"$ 4,029.69",19,31,10
1594,9,Fort Wayne,2024,October,"$ 8,257.00",14,23,1
206,9,Fort Wayne,2024,October,"$ 6,354.59",25,41,2
1551,9,Fort Wayne,2024,October,"$ 6,208.65",17,27,3
109,9,Fort Wayne,2024,October,"$ 4,920.92",28,43,4
149,9,Fort Wayne,2024,October,"$ 4,874.61",26,39,5
106,9,Fort Wayne,2024,October,"$ 4,692.04",26,41,6
1572,9,Fort Wayne,2024,October,"$ 4,117.00",13,23,7
112,9,Fort Wayne,2024,October,"$ 3,968.64",22,36,8
211,9,Fort Wayne,2024,October,"$ 3,815.64",23,36,9
1596,9,Fort Wayne,2024,October,"$ 3,779.79",14,21,10
1594,9,Fort Wayne,2024,November,"$ 6,103.00",13,17,1
204,9,Fort Wayne,2024,November,"$ 4,535.64",23,36,2
254,9,Fort Wayne,2024,November,"$ 4,370.53",33,47,3
1635,9,Fort Wayne,2024,November,"$ 4,139.77",16,23,4
1645,9,Fort Wayne,2024,November,"$ 4,117.00",17,23,5
212,9,Fort Wayne,2024,November,"$ 3,995.64",24,36,6
112,9,Fort Wayne,2024,November,"$ 3,968.64",27,36,7
206,9,Fort Wayne,2024,November,"$ 3,874.75",18,25,8
168,9,Fort Wayne,2024,November,"$ 3,699.63",24,37,9
2008,9,Fort Wayne,2024,November,"$ 3,595.69",22,31,10
1594,9,Fort Wayne,2024,December,"$ 7,898.00",15,22,1
1592,9,Fort Wayne,2024,December,"$ 5,670.00",18,30,2
112,9,Fort Wayne,2024,December,"$ 5,512.00",31,50,3
206,9,Fort Wayne,2024,December,"$ 5,424.65",24,35,4
2011,9,Fort Wayne,2024,December,"$ 5,303.48",32,52,5
201,9,Fort Wayne,2024,December,"$ 4,809.63",23,37,6
212,9,Fort Wayne,2024,December,"$ 4,772.57",28,43,7
2008,9,Fort Wayne,2024,December,"$ 4,755.59",31,41,8
149,9,Fort Wayne,2024,December,"$ 4,749.62",27,38,9
1552,9,Fort Wayne,2024,December,"$ 4,749.05",12,19,10
1594,10,Pittsburgh,2019,January,"$ 6,103.00",11,17,1
206,10,Pittsburgh,2019,January,"$ 4,804.69",19,31,2
156,10,Pittsburgh,2019,January,"$ 4,799.52",30,48,3
1552,10,Pittsburgh,2019,January,"$ 3,999.20",11,16,4
112,10,Pittsburgh,2019,January,"$ 3,858.40",24,35,5
198,10,Pittsburgh,2019,January,"$ 3,723.72",20,28,6
1635,10,Pittsburgh,2019,January,"$ 3,599.80",12,20,7
106,10,Pittsburgh,2019,January,"$ 3,547.64",23,31,8
176,10,Pittsburgh,2019,January,"$ 3,499.65",23,35,9
197,10,Pittsburgh,2019,January,"$ 3,497.67",24,33,10
185,10,Pittsburgh,2019,Febuary,"$ 5,389.51",30,49,1
1551,10,Pittsburgh,2019,Febuary,"$ 4,369.05",12,19,2
106,10,Pittsburgh,2019,Febuary,"$ 4,234.28",23,37,3
1594,10,Pittsburgh,2019,Febuary,"$ 3,949.00",7,11,4
2008,10,Pittsburgh,2019,Febuary,"$ 3,943.66",21,34,5
112,10,Pittsburgh,2019,Febuary,"$ 3,637.92",23,33,6
173,10,Pittsburgh,2019,Febuary,"$ 3,479.70",19,30,7
211,10,Pittsburgh,2019,Febuary,"$ 3,179.70",19,30,8
149,10,Pittsburgh,2019,Febuary,"$ 3,124.75",18,25,9
212,10,Pittsburgh,2019,Febuary,"$ 3,107.72",20,28,10
206,10,Pittsburgh,2019,March,"$ 6,044.61",26,39,1
109,10,Pittsburgh,2019,March,"$ 5,493.12",32,48,2
212,10,Pittsburgh,2019,March,"$ 5,105.54",33,46,3
1601,10,Pittsburgh,2019,March,"$ 5,012.00",16,28,4
251,10,Pittsburgh,2019,March,"$ 4,835.48",35,52,5
2008,10,Pittsburgh,2019,March,"$ 4,755.59",25,41,6
219,10,Pittsburgh,2019,March,"$ 4,471.57",30,43,7
2007,10,Pittsburgh,2019,March,"$ 4,211.64",24,36,8
185,10,Pittsburgh,2019,March,"$ 4,179.62",25,38,9
123,10,Pittsburgh,2019,March,"$ 4,179.56",26,44,10
1594,10,Pittsburgh,2019,April,"$ 6,103.00",11,17,1
201,10,Pittsburgh,2019,April,"$ 4,549.65",23,35,2
109,10,Pittsburgh,2019,April,"$ 4,234.28",24,37,3
1601,10,Pittsburgh,2019,April,"$ 3,938.00",14,22,4
137,10,Pittsburgh,2019,April,"$ 3,779.58",26,42,5
179,10,Pittsburgh,2019,April,"$ 3,743.61",27,39,6
1657,10,Pittsburgh,2019,April,"$ 3,739.66",19,34,7
162,10,Pittsburgh,2019,April,"$ 3,419.62",25,38,8
1592,10,Pittsburgh,2019,April,"$ 3,402.00",12,18,9
168,10,Pittsburgh,2019,April,"$ 3,399.66",22,34,10
1594,10,Pittsburgh,2019,May,"$ 6,103.00",12,17,1
206,10,Pittsburgh,2019,May,"$ 5,114.67",22,33,2
2007,10,Pittsburgh,2019,May,"$ 4,562.61",25,39,3
1552,10,Pittsburgh,2019,May,"$ 4,249.15",12,17,4
112,10,Pittsburgh,2019,May,"$ 3,858.40",21,35,5
204,10,Pittsburgh,2019,May,"$ 3,779.70",21,30,6
2009,10,Pittsburgh,2019,May,"$ 3,699.63",26,37,7
129,10,Pittsburgh,2019,May,"$ 3,679.54",30,46,8
219,10,Pittsburgh,2019,May,"$ 3,639.65",21,35,9
92,10,Pittsburgh,2019,May,"$ 3,483.48",37,52,10
206,10,Pittsburgh,2019,June,"$ 6,509.58",28,42,1
109,10,Pittsburgh,2019,June,"$ 5,149.80",30,45,2
1594,10,Pittsburgh,2019,June,"$ 5,026.00",9,14,3
201,10,Pittsburgh,2019,June,"$ 4,939.62",26,38,4
212,10,Pittsburgh,2019,June,"$ 4,106.63",24,37,5
172,10,Pittsburgh,2019,June,"$ 4,084.57",27,43,6
2008,10,Pittsburgh,2019,June,"$ 4,059.65",20,35,7
1552,10,Pittsburgh,2019,June,"$ 3,999.20",12,16,8
2007,10,Pittsburgh,2019,June,"$ 3,977.66",23,34,9
2011,10,Pittsburgh,2019,June,"$ 3,977.61",23,39,10
206,10,Pittsburgh,2019,July,"$ 5,734.63",21,37,1
197,10,Pittsburgh,2019,July,"$ 4,345.59",24,41,2
177,10,Pittsburgh,2019,July,"$ 4,304.59",24,41,3
2009,10,Pittsburgh,2019,July,"$ 3,999.60",25,40,4
121,10,Pittsburgh,2019,July,"$ 3,989.58",26,42,5
204,10,Pittsburgh,2019,July,"$ 3,905.69",20,31,6
152,10,Pittsburgh,2019,July,"$ 3,899.61",25,39,7
109,10,Pittsburgh,2019,July,"$ 3,890.96",22,34,8
1992,10,Pittsburgh,2019,July,"$ 3,779.58",24,42,9
2011,10,Pittsburgh,2019,July,"$ 3,773.63",24,37,10
1594,10,Pittsburgh,2019,August,"$ 6,462.00",12,18,1
1551,10,Pittsburgh,2019,August,"$ 5,288.85",15,23,2
1552,10,Pittsburgh,2019,August,"$ 4,749.05",12,19,3
168,10,Pittsburgh,2019,August,"$ 4,399.56",29,44,4
201,10,Pittsburgh,2019,August,"$ 3,899.70",19,30,5
115,10,Pittsburgh,2019,August,"$ 3,776.52",22,33,6
185,10,Pittsburgh,2019,August,"$ 3,739.66",21,34,7
198,10,Pittsburgh,2019,August,"$ 3,590.73",18,27,8
204,10,Pittsburgh,2019,August,"$ 3,527.72",18,28,9
242,10,Pittsburgh,2019,August,"$ 3,519.68",23,32,10
1594,10,Pittsburgh,2019,September,"$ 6,462.00",13,18,1
177,10,Pittsburgh,2019,September,"$ 3,989.62",27,38,2
206,10,Pittsburgh,2019,September,"$ 3,719.76",14,24,3
2010,10,Pittsburgh,2019,September,"$ 3,599.64",26,36,4
109,10,Pittsburgh,2019,September,"$ 3,547.64",22,31,5
1552,10,Pittsburgh,2019,September,"$ 3,499.30",9,14,6
3,10,Pittsburgh,2019,September,"$ 3,484.18",26,41,7
172,10,Pittsburgh,2019,September,"$ 3,419.64",24,36,8
204,10,Pittsburgh,2019,September,"$ 3,401.73",17,27,9
2008,10,Pittsburgh,2019,September,"$ 3,247.72",16,28,10
206,10,Pittsburgh,2019,October,"$ 5,269.66",22,34,1
2006,10,Pittsburgh,2019,October,"$ 5,173.62",28,46,2
1552,10,Pittsburgh,2019,October,"$ 4,499.10",11,18,3
1594,10,Pittsburgh,2019,October,"$ 3,949.00",8,11,4
204,10,Pittsburgh,2019,October,"$ 3,905.69",19,31,5
183,10,Pittsburgh,2019,October,"$ 3,899.61",24,39,6
112,10,Pittsburgh,2019,October,"$ 3,858.40",25,35,7
201,10,Pittsburgh,2019,October,"$ 3,769.71",20,29,8
181,10,Pittsburgh,2019,October,"$ 3,647.62",25,38,9
198,10,Pittsburgh,2019,October,"$ 3,590.73",17,27,10
201,10,Pittsburgh,2019,November,"$ 5,199.60",27,40,1
198,10,Pittsburgh,2019,November,"$ 4,521.66",21,34,2
212,10,Pittsburgh,2019,November,"$ 4,106.63",23,37,3
152,10,Pittsburgh,2019,November,"$ 3,999.60",26,40,4
1551,10,Pittsburgh,2019,November,"$ 3,909.15",10,17,5
115,10,Pittsburgh,2019,November,"$ 3,890.96",23,34,6
109,10,Pittsburgh,2019,November,"$ 3,776.52",24,33,7
112,10,Pittsburgh,2019,November,"$ 3,527.68",20,32,8
15,10,Pittsburgh,2019,November,"$ 3,484.18",26,41,9
219,10,Pittsburgh,2019,November,"$ 3,431.67",21,33,10
1594,10,Pittsburgh,2019,December,"$ 8,616.00",18,24,1
1551,10,Pittsburgh,2019,December,"$ 6,668.55",18,29,2
1552,10,Pittsburgh,2019,December,"$ 6,498.70",18,26,3
173,10,Pittsburgh,2019,December,"$ 6,495.44",36,56,4
265,10,Pittsburgh,2019,December,"$ 6,199.38",42,62,5
1635,10,Pittsburgh,2019,December,"$ 5,759.68",23,32,6
206,10,Pittsburgh,2019,December,"$ 5,269.66",22,34,7
1572,10,Pittsburgh,2019,December,"$ 5,191.00",19,29,8
2007,10,Pittsburgh,2019,December,"$ 5,030.57",29,43,9
242,10,Pittsburgh,2019,December,"$ 4,949.55",30,45,10
198,10,Pittsburgh,2020,January,"$ 5,452.59",25,41,1
242,10,Pittsburgh,2020,January,"$ 5,389.51",34,49,2
1594,10,Pittsburgh,2020,January,"$ 5,385.00",10,15,3
1591,10,Pittsburgh,2020,January,"$ 4,901.00",19,29,4
206,10,Pittsburgh,2020,January,"$ 4,804.69",22,31,5
173,10,Pittsburgh,2020,January,"$ 4,755.59",27,41,6
1552,10,Pittsburgh,2020,January,"$ 4,749.05",15,19,7
2007,10,Pittsburgh,2020,January,"$ 4,562.61",23,39,8
183,10,Pittsburgh,2020,January,"$ 4,399.56",27,44,9
1572,10,Pittsburgh,2020,January,"$ 4,296.00",14,24,10
206,10,Pittsburgh,2020,Febuary,"$ 5,889.62",23,38,1
201,10,Pittsburgh,2020,Febuary,"$ 4,679.64",25,36,2
1591,10,Pittsburgh,2020,Febuary,"$ 4,563.00",18,27,3
211,10,Pittsburgh,2020,Febuary,"$ 4,557.57",26,43,4
1593,10,Pittsburgh,2020,Febuary,"$ 4,389.00",14,21,5
1551,10,Pittsburgh,2020,Febuary,"$ 4,369.05",13,19,6
1601,10,Pittsburgh,2020,Febuary,"$ 4,296.00",15,24,7
176,10,Pittsburgh,2020,Febuary,"$ 3,999.60",26,40,8
2011,10,Pittsburgh,2020,Febuary,"$ 3,977.61",26,39,9
173,10,Pittsburgh,2020,Febuary,"$ 3,827.67",21,33,10
1594,10,Pittsburgh,2020,March,"$ 6,103.00",10,17,1
1593,10,Pittsburgh,2020,March,"$ 5,852.00",18,28,2
109,10,Pittsburgh,2020,March,"$ 5,378.68",29,47,3
152,10,Pittsburgh,2020,March,"$ 4,999.50",34,50,4
219,10,Pittsburgh,2020,March,"$ 4,887.53",31,47,5
204,10,Pittsburgh,2020,March,"$ 4,661.63",23,37,6
2010,10,Pittsburgh,2020,March,"$ 4,499.55",31,45,7
1600,10,Pittsburgh,2020,March,"$ 4,470.00",20,30,8
2008,10,Pittsburgh,2020,March,"$ 4,407.62",26,38,9
198,10,Pittsburgh,2020,March,"$ 4,388.67",21,33,10
1594,10,Pittsburgh,2020,April,"$ 7,180.00",11,20,1
204,10,Pittsburgh,2020,April,"$ 6,047.52",32,48,2
206,10,Pittsburgh,2020,April,"$ 4,959.68",23,32,3
2009,10,Pittsburgh,2020,April,"$ 4,799.52",28,48,4
106,10,Pittsburgh,2020,April,"$ 4,692.04",29,41,5
109,10,Pittsburgh,2020,April,"$ 4,463.16",24,39,6
1596,10,Pittsburgh,2020,April,"$ 4,319.76",16,24,7
2000,10,Pittsburgh,2020,April,"$ 4,319.46",36,54,8
198,10,Pittsburgh,2020,April,"$ 4,255.68",20,32,9
185,10,Pittsburgh,2020,April,"$ 4,179.62",25,38,10
149,10,Pittsburgh,2020,May,"$ 5,749.54",28,46,1
204,10,Pittsburgh,2020,May,"$ 5,669.55",31,45,2
201,10,Pittsburgh,2020,May,"$ 5,589.57",29,43,3
219,10,Pittsburgh,2020,May,"$ 5,407.48",35,52,4
109,10,Pittsburgh,2020,May,"$ 5,035.36",28,44,5
1593,10,Pittsburgh,2020,May,"$ 4,807.00",17,23,6
1992,10,Pittsburgh,2020,May,"$ 4,589.49",32,51,7
242,10,Pittsburgh,2020,May,"$ 4,509.59",27,41,8
206,10,Pittsburgh,2020,May,"$ 4,494.71",19,29,9
135,10,Pittsburgh,2020,May,"$ 4,360.51",31,49,10
1552,10,Pittsburgh,2020,June,"$ 4,999.00",13,20,1
206,10,Pittsburgh,2020,June,"$ 4,804.69",22,31,2
204,10,Pittsburgh,2020,June,"$ 4,787.62",27,38,3
1594,10,Pittsburgh,2020,June,"$ 4,308.00",9,12,4
112,10,Pittsburgh,2020,June,"$ 4,299.36",29,39,5
1593,10,Pittsburgh,2020,June,"$ 4,180.00",13,20,6
198,10,Pittsburgh,2020,June,"$ 4,122.69",21,31,7
123,10,Pittsburgh,2020,June,"$ 4,084.57",27,43,8
1634,10,Pittsburgh,2020,June,"$ 4,049.73",17,27,9
2007,10,Pittsburgh,2020,June,"$ 3,977.66",22,34,10
206,10,Pittsburgh,2020,July,"$ 6,354.59",29,41,1
1601,10,Pittsburgh,2020,July,"$ 5,907.00",22,33,2
212,10,Pittsburgh,2020,July,"$ 5,882.47",31,53,3
201,10,Pittsburgh,2020,July,"$ 5,589.57",29,43,4
112,10,Pittsburgh,2020,July,"$ 5,512.00",31,50,5
149,10,Pittsburgh,2020,July,"$ 5,499.56",26,44,6
177,10,Pittsburgh,2020,July,"$ 5,039.52",29,48,7
1594,10,Pittsburgh,2020,July,"$ 5,026.00",9,14,8
2008,10,Pittsburgh,2020,July,"$ 4,987.57",28,43,9
1592,10,Pittsburgh,2020,July,"$ 4,914.00",18,26,10
149,10,Pittsburgh,2020,August,"$ 5,624.55",28,45,1
1552,10,Pittsburgh,2020,August,"$ 5,498.90",15,22,2
206,10,Pittsburgh,2020,August,"$ 5,424.65",23,35,3
1596,10,Pittsburgh,2020,August,"$ 4,859.73",17,27,4
198,10,Pittsburgh,2020,August,"$ 4,787.64",26,36,5
115,10,Pittsburgh,2020,August,"$ 4,577.60",24,40,6
109,10,Pittsburgh,2020,August,"$ 4,463.16",24,39,7
1644,10,Pittsburgh,2020,August,"$ 4,321.00",18,29,8
135,10,Pittsburgh,2020,August,"$ 4,271.52",30,48,9
219,10,Pittsburgh,2020,August,"$ 4,263.59",24,41,10
1594,10,Pittsburgh,2020,September,"$ 10,052.00",18,28,1
206,10,Pittsburgh,2020,September,"$ 7,284.53",28,47,2
149,10,Pittsburgh,2020,September,"$ 4,499.64",23,36,3
212,10,Pittsburgh,2020,September,"$ 4,217.62",23,38,4
2007,10,Pittsburgh,2020,September,"$ 4,211.64",25,36,5
109,10,Pittsburgh,2020,September,"$ 4,119.84",23,36,6
2009,10,Pittsburgh,2020,September,"$ 4,099.59",27,41,7
1551,10,Pittsburgh,2020,September,"$ 3,909.15",11,17,8
135,10,Pittsburgh,2020,September,"$ 3,826.57",30,43,9
7,10,Pittsburgh,2020,September,"$ 3,824.10",28,45,10
1594,10,Pittsburgh,2020,October,"$ 8,975.00",17,25,1
149,10,Pittsburgh,2020,October,"$ 6,999.44",39,56,2
206,10,Pittsburgh,2020,October,"$ 6,199.60",26,40,3
1593,10,Pittsburgh,2020,October,"$ 5,852.00",20,28,4
112,10,Pittsburgh,2020,October,"$ 4,960.80",31,45,5
1591,10,Pittsburgh,2020,October,"$ 4,732.00",19,28,6
2007,10,Pittsburgh,2020,October,"$ 4,679.60",24,40,7
2008,10,Pittsburgh,2020,October,"$ 4,639.60",25,40,8
156,10,Pittsburgh,2020,October,"$ 4,599.54",27,46,9
204,10,Pittsburgh,2020,October,"$ 4,535.64",25,36,10
1594,10,Pittsburgh,2020,November,"$ 6,103.00",11,17,1
1645,10,Pittsburgh,2020,November,"$ 5,370.00",18,30,2
109,10,Pittsburgh,2020,November,"$ 5,149.80",33,45,3
204,10,Pittsburgh,2020,November,"$ 4,661.63",26,37,4
149,10,Pittsburgh,2020,November,"$ 4,624.63",27,37,5
198,10,Pittsburgh,2020,November,"$ 4,521.66",23,34,6
2007,10,Pittsburgh,2020,November,"$ 4,211.64",24,36,7
1596,10,Pittsburgh,2020,November,"$ 4,139.77",13,23,8
106,10,Pittsburgh,2020,November,"$ 4,119.84",24,36,9
2003,10,Pittsburgh,2020,November,"$ 4,066.51",30,49,10
197,10,Pittsburgh,2020,December,"$ 8,691.18",50,82,1
201,10,Pittsburgh,2020,December,"$ 7,279.44",36,56,2
1594,10,Pittsburgh,2020,December,"$ 7,180.00",14,20,3
204,10,Pittsburgh,2020,December,"$ 6,677.47",34,53,4
1595,10,Pittsburgh,2020,December,"$ 5,849.61",22,39,5
109,10,Pittsburgh,2020,December,"$ 5,607.56",34,49,6
219,10,Pittsburgh,2020,December,"$ 5,511.47",39,53,7
2007,10,Pittsburgh,2020,December,"$ 5,381.54",33,46,8
2011,10,Pittsburgh,2020,December,"$ 5,201.49",36,51,9
198,10,Pittsburgh,2020,December,"$ 5,186.61",26,39,10
1594,10,Pittsburgh,2021,January,"$ 5,744.00",10,16,1
206,10,Pittsburgh,2021,January,"$ 5,734.63",25,37,2
1645,10,Pittsburgh,2021,January,"$ 4,296.00",15,24,3
2006,10,Pittsburgh,2021,January,"$ 4,273.86",26,38,4
197,10,Pittsburgh,2021,January,"$ 4,239.60",23,40,5
1551,10,Pittsburgh,2021,January,"$ 4,139.10",13,18,6
198,10,Pittsburgh,2021,January,"$ 3,989.70",18,30,7
1572,10,Pittsburgh,2021,January,"$ 3,938.00",14,22,8
2008,10,Pittsburgh,2021,January,"$ 3,827.67",24,33,9
125,10,Pittsburgh,2021,January,"$ 3,704.61",27,39,10
206,10,Pittsburgh,2021,Febuary,"$ 4,959.68",20,32,1
1596,10,Pittsburgh,2021,Febuary,"$ 4,499.75",17,25,2
212,10,Pittsburgh,2021,Febuary,"$ 3,773.66",24,34,3
242,10,Pittsburgh,2021,Febuary,"$ 3,519.68",21,32,4
2006,10,Pittsburgh,2021,Febuary,"$ 3,374.10",21,30,5
1593,10,Pittsburgh,2021,Febuary,"$ 3,344.00",10,16,6
106,10,Pittsburgh,2021,Febuary,"$ 3,318.76",20,29,7
211,10,Pittsburgh,2021,Febuary,"$ 3,285.69",18,31,8
201,10,Pittsburgh,2021,Febuary,"$ 3,249.75",19,25,9
175,10,Pittsburgh,2021,Febuary,"$ 3,144.63",21,37,10
1594,10,Pittsburgh,2021,March,"$ 6,821.00",14,19,1
149,10,Pittsburgh,2021,March,"$ 6,499.48",31,52,2
206,10,Pittsburgh,2021,March,"$ 5,889.62",25,38,3
2009,10,Pittsburgh,2021,March,"$ 4,799.52",29,48,4
204,10,Pittsburgh,2021,March,"$ 4,535.64",23,36,5
198,10,Pittsburgh,2021,March,"$ 4,388.67",21,33,6
1551,10,Pittsburgh,2021,March,"$ 4,369.05",13,19,7
2007,10,Pittsburgh,2021,March,"$ 4,094.65",23,35,8
2011,10,Pittsburgh,2021,March,"$ 3,977.61",26,39,9
271,10,Pittsburgh,2021,March,"$ 3,959.56",31,44,10
1594,10,Pittsburgh,2021,April,"$ 4,667.00",7,13,1
201,10,Pittsburgh,2021,April,"$ 4,289.67",21,33,2
1551,10,Pittsburgh,2021,April,"$ 3,679.20",11,16,3
185,10,Pittsburgh,2021,April,"$ 3,519.68",23,32,4
2007,10,Pittsburgh,2021,April,"$ 3,509.70",19,30,5
1552,10,Pittsburgh,2021,April,"$ 3,499.30",10,14,6
2008,10,Pittsburgh,2021,April,"$ 3,479.70",18,30,7
250,10,Pittsburgh,2021,April,"$ 3,440.63",22,37,8
1593,10,Pittsburgh,2021,April,"$ 3,344.00",10,16,9
2014,10,Pittsburgh,2021,April,"$ 3,314.61",23,39,10
206,10,Pittsburgh,2021,May,"$ 7,439.52",30,48,1
198,10,Pittsburgh,2021,May,"$ 5,718.57",24,43,2
115,10,Pittsburgh,2021,May,"$ 4,692.04",26,41,3
204,10,Pittsburgh,2021,May,"$ 4,157.67",22,33,4
149,10,Pittsburgh,2021,May,"$ 4,124.67",22,33,5
2007,10,Pittsburgh,2021,May,"$ 4,094.65",24,35,6
1592,10,Pittsburgh,2021,May,"$ 3,969.00",15,21,7
1594,10,Pittsburgh,2021,May,"$ 3,949.00",8,11,8
173,10,Pittsburgh,2021,May,"$ 3,827.67",23,33,9
112,10,Pittsburgh,2021,May,"$ 3,637.92",21,33,10
1594,10,Pittsburgh,2021,June,"$ 9,693.00",17,27,1
211,10,Pittsburgh,2021,June,"$ 4,981.53",32,47,2
115,10,Pittsburgh,2021,June,"$ 4,577.60",22,40,3
206,10,Pittsburgh,2021,June,"$ 4,494.71",19,29,4
242,10,Pittsburgh,2021,June,"$ 4,399.60",26,40,5
204,10,Pittsburgh,2021,June,"$ 4,283.66",22,34,6
109,10,Pittsburgh,2021,June,"$ 4,005.40",24,35,7
2007,10,Pittsburgh,2021,June,"$ 3,626.69",22,31,8
2011,10,Pittsburgh,2021,June,"$ 3,569.65",25,35,9
1551,10,Pittsburgh,2021,June,"$ 3,449.25",8,15,10
1594,10,Pittsburgh,2021,July,"$ 9,334.00",15,26,1
1552,10,Pittsburgh,2021,July,"$ 5,248.95",13,21,2
1551,10,Pittsburgh,2021,July,"$ 5,058.90",13,22,3
1592,10,Pittsburgh,2021,July,"$ 4,536.00",16,24,4
185,10,Pittsburgh,2021,July,"$ 4,069.63",26,37,5
204,10,Pittsburgh,2021,July,"$ 3,905.69",20,31,6
206,10,Pittsburgh,2021,July,"$ 3,874.75",16,25,7
117,10,Pittsburgh,2021,July,"$ 3,817.54",30,46,8
176,10,Pittsburgh,2021,July,"$ 3,699.63",24,37,9
201,10,Pittsburgh,2021,July,"$ 3,639.72",18,28,10
206,10,Pittsburgh,2021,August,"$ 5,424.65",24,35,1
115,10,Pittsburgh,2021,August,"$ 4,806.48",26,42,2
2008,10,Pittsburgh,2021,August,"$ 4,523.61",24,39,3
204,10,Pittsburgh,2021,August,"$ 4,409.65",27,35,4
168,10,Pittsburgh,2021,August,"$ 4,299.57",28,43,5
2006,10,Pittsburgh,2021,August,"$ 4,273.86",24,38,6
106,10,Pittsburgh,2021,August,"$ 4,234.28",23,37,7
1591,10,Pittsburgh,2021,August,"$ 4,225.00",16,25,8
109,10,Pittsburgh,2021,August,"$ 4,005.40",23,35,9
1593,10,Pittsburgh,2021,August,"$ 3,762.00",11,18,10
206,10,Pittsburgh,2021,September,"$ 5,269.66",25,34,1
1594,10,Pittsburgh,2021,September,"$ 5,026.00",10,14,2
1552,10,Pittsburgh,2021,September,"$ 4,249.15",10,17,3
170,10,Pittsburgh,2021,September,"$ 4,139.54",29,46,4
112,10,Pittsburgh,2021,September,"$ 3,748.16",22,34,5
2013,10,Pittsburgh,2021,September,"$ 3,739.56",28,44,6
168,10,Pittsburgh,2021,September,"$ 3,399.66",21,34,7
211,10,Pittsburgh,2021,September,"$ 3,391.68",21,32,8
158,10,Pittsburgh,2021,September,"$ 3,329.63",24,37,9
201,10,Pittsburgh,2021,September,"$ 3,119.76",17,24,10
206,10,Pittsburgh,2021,October,"$ 6,664.57",29,43,1
1592,10,Pittsburgh,2021,October,"$ 5,292.00",17,28,2
247,10,Pittsburgh,2021,October,"$ 4,139.54",30,46,3
149,10,Pittsburgh,2021,October,"$ 4,124.67",21,33,4
198,10,Pittsburgh,2021,October,"$ 4,122.69",19,31,5
201,10,Pittsburgh,2021,October,"$ 4,029.69",22,31,6
197,10,Pittsburgh,2021,October,"$ 4,027.62",25,38,7
1594,10,Pittsburgh,2021,October,"$ 3,949.00",8,11,8
1551,10,Pittsburgh,2021,October,"$ 3,909.15",11,17,9
1591,10,Pittsburgh,2021,October,"$ 3,887.00",15,23,10
112,10,Pittsburgh,2021,November,"$ 4,850.56",28,44,1
2009,10,Pittsburgh,2021,November,"$ 4,699.53",28,47,2
1635,10,Pittsburgh,2021,November,"$ 4,679.74",17,26,3
206,10,Pittsburgh,2021,November,"$ 4,494.71",18,29,4
1551,10,Pittsburgh,2021,November,"$ 4,369.05",14,19,5
1594,10,Pittsburgh,2021,November,"$ 4,308.00",8,12,6
173,10,Pittsburgh,2021,November,"$ 4,175.64",23,36,7
166,10,Pittsburgh,2021,November,"$ 3,919.51",31,49,8
219,10,Pittsburgh,2021,November,"$ 3,847.63",23,37,9
204,10,Pittsburgh,2021,November,"$ 3,779.70",21,30,10
206,10,Pittsburgh,2021,December,"$ 6,199.60",28,40,1
1594,10,Pittsburgh,2021,December,"$ 5,744.00",10,16,2
198,10,Pittsburgh,2021,December,"$ 5,718.57",28,43,3
1551,10,Pittsburgh,2021,December,"$ 5,288.85",15,23,4
201,10,Pittsburgh,2021,December,"$ 5,199.60",27,40,5
2007,10,Pittsburgh,2021,December,"$ 4,913.58",29,42,6
2006,10,Pittsburgh,2021,December,"$ 4,723.74",29,42,7
2011,10,Pittsburgh,2021,December,"$ 4,691.54",30,46,8
2008,10,Pittsburgh,2021,December,"$ 4,639.60",27,40,9
1601,10,Pittsburgh,2021,December,"$ 4,475.00",17,25,10
206,10,Pittsburgh,2022,January,"$ 5,114.67",21,33,1
1594,10,Pittsburgh,2022,January,"$ 5,026.00",9,14,2
119,10,Pittsburgh,2022,January,"$ 4,913.48",33,52,3
201,10,Pittsburgh,2022,January,"$ 4,419.66",23,34,4
112,10,Pittsburgh,2022,January,"$ 4,409.60",22,40,5
149,10,Pittsburgh,2022,January,"$ 4,374.65",22,35,6
1645,10,Pittsburgh,2022,January,"$ 4,117.00",14,23,7
1593,10,Pittsburgh,2022,January,"$ 3,971.00",11,19,8
265,10,Pittsburgh,2022,January,"$ 3,899.61",25,39,9
125,10,Pittsburgh,2022,January,"$ 3,704.61",23,39,10
1594,10,Pittsburgh,2022,Febuary,"$ 6,462.00",13,18,1
1551,10,Pittsburgh,2022,Febuary,"$ 5,058.90",15,22,2
197,10,Pittsburgh,2022,Febuary,"$ 3,921.63",25,37,3
265,10,Pittsburgh,2022,Febuary,"$ 3,899.61",26,39,4
204,10,Pittsburgh,2022,Febuary,"$ 3,653.71",21,29,5
119,10,Pittsburgh,2022,Febuary,"$ 3,590.62",25,38,6
109,10,Pittsburgh,2022,Febuary,"$ 3,547.64",20,31,7
137,10,Pittsburgh,2022,Febuary,"$ 3,329.63",24,37,8
17,10,Pittsburgh,2022,Febuary,"$ 3,314.22",25,39,9
156,10,Pittsburgh,2022,Febuary,"$ 3,299.67",21,33,10
201,10,Pittsburgh,2022,March,"$ 7,539.42",38,58,1
1594,10,Pittsburgh,2022,March,"$ 5,385.00",8,15,2
1593,10,Pittsburgh,2022,March,"$ 5,225.00",18,25,3
115,10,Pittsburgh,2022,March,"$ 5,149.80",30,45,4
106,10,Pittsburgh,2022,March,"$ 4,692.04",27,41,5
206,10,Pittsburgh,2022,March,"$ 4,649.70",20,30,6
198,10,Pittsburgh,2022,March,"$ 4,521.66",21,34,7
177,10,Pittsburgh,2022,March,"$ 4,514.57",28,43,8
183,10,Pittsburgh,2022,March,"$ 4,099.59",27,41,9
1572,10,Pittsburgh,2022,March,"$ 3,938.00",14,22,10
1594,10,Pittsburgh,2022,April,"$ 6,103.00",11,17,1
1552,10,Pittsburgh,2022,April,"$ 5,248.95",15,21,2
201,10,Pittsburgh,2022,April,"$ 4,289.67",21,33,3
173,10,Pittsburgh,2022,April,"$ 4,059.65",23,35,4
206,10,Pittsburgh,2022,April,"$ 4,029.74",19,26,5
1986,10,Pittsburgh,2022,April,"$ 3,951.48",31,51,6
265,10,Pittsburgh,2022,April,"$ 3,899.61",22,39,7
1571,10,Pittsburgh,2022,April,"$ 3,816.00",15,24,8
2010,10,Pittsburgh,2022,April,"$ 3,799.62",24,38,9
211,10,Pittsburgh,2022,April,"$ 3,709.65",23,35,10
1552,10,Pittsburgh,2022,May,"$ 5,748.85",16,23,1
1635,10,Pittsburgh,2022,May,"$ 4,679.74",17,26,2
1594,10,Pittsburgh,2022,May,"$ 3,949.00",7,11,3
149,10,Pittsburgh,2022,May,"$ 3,874.69",18,31,4
2008,10,Pittsburgh,2022,May,"$ 3,827.67",22,33,5
204,10,Pittsburgh,2022,May,"$ 3,779.70",22,30,6
1551,10,Pittsburgh,2022,May,"$ 3,679.20",11,16,7
211,10,Pittsburgh,2022,May,"$ 3,603.66",21,34,8
206,10,Pittsburgh,2022,May,"$ 3,564.77",18,23,9
198,10,Pittsburgh,2022,May,"$ 3,457.74",19,26,10
149,10,Pittsburgh,2022,June,"$ 5,999.52",29,48,1
206,10,Pittsburgh,2022,June,"$ 4,804.69",19,31,2
1552,10,Pittsburgh,2022,June,"$ 4,749.05",11,19,3
2006,10,Pittsburgh,2022,June,"$ 4,386.33",23,39,4
106,10,Pittsburgh,2022,June,"$ 4,119.84",24,36,5
198,10,Pittsburgh,2022,June,"$ 3,989.70",20,30,6
1596,10,Pittsburgh,2022,June,"$ 3,779.79",14,21,7
115,10,Pittsburgh,2022,June,"$ 3,776.52",21,33,8
112,10,Pittsburgh,2022,June,"$ 3,748.16",26,34,9
1551,10,Pittsburgh,2022,June,"$ 3,679.20",9,16,10
1594,10,Pittsburgh,2022,July,"$ 7,898.00",13,22,1
219,10,Pittsburgh,2022,July,"$ 5,511.47",34,53,2
1551,10,Pittsburgh,2022,July,"$ 5,288.85",15,23,3
206,10,Pittsburgh,2022,July,"$ 4,804.69",20,31,4
1595,10,Pittsburgh,2022,July,"$ 4,649.69",19,31,5
109,10,Pittsburgh,2022,July,"$ 4,119.84",27,36,6
2007,10,Pittsburgh,2022,July,"$ 4,094.65",24,35,7
106,10,Pittsburgh,2022,July,"$ 4,005.40",26,35,8
177,10,Pittsburgh,2022,July,"$ 3,989.62",24,38,9
185,10,Pittsburgh,2022,July,"$ 3,959.64",25,36,10
1596,10,Pittsburgh,2022,August,"$ 5,219.71",18,29,1
198,10,Pittsburgh,2022,August,"$ 5,186.61",24,39,2
1594,10,Pittsburgh,2022,August,"$ 4,308.00",10,12,3
106,10,Pittsburgh,2022,August,"$ 3,890.96",22,34,4
201,10,Pittsburgh,2022,August,"$ 3,769.71",22,29,5
185,10,Pittsburgh,2022,August,"$ 3,739.66",23,34,6
206,10,Pittsburgh,2022,August,"$ 3,719.76",16,24,7
173,10,Pittsburgh,2022,August,"$ 3,711.68",22,32,8
212,10,Pittsburgh,2022,August,"$ 3,662.67",21,33,9
265,10,Pittsburgh,2022,August,"$ 3,599.64",20,36,10
1594,10,Pittsburgh,2022,September,"$ 8,975.00",15,25,1
198,10,Pittsburgh,2022,September,"$ 4,787.64",22,36,2
106,10,Pittsburgh,2022,September,"$ 4,577.60",28,40,3
197,10,Pittsburgh,2022,September,"$ 4,239.60",24,40,4
219,10,Pittsburgh,2022,September,"$ 3,951.62",25,38,5
201,10,Pittsburgh,2022,September,"$ 3,899.70",18,30,6
1591,10,Pittsburgh,2022,September,"$ 3,887.00",16,23,7
1543,10,Pittsburgh,2022,September,"$ 3,840.00",19,32,8
204,10,Pittsburgh,2022,September,"$ 3,779.70",22,30,9
149,10,Pittsburgh,2022,September,"$ 3,749.70",19,30,10
1645,10,Pittsburgh,2022,October,"$ 4,833.00",16,27,1
271,10,Pittsburgh,2022,October,"$ 4,679.48",32,52,2
1594,10,Pittsburgh,2022,October,"$ 4,667.00",10,13,3
211,10,Pittsburgh,2022,October,"$ 4,451.58",27,42,4
152,10,Pittsburgh,2022,October,"$ 4,399.56",29,44,5
1635,10,Pittsburgh,2022,October,"$ 4,319.76",14,24,6
149,10,Pittsburgh,2022,October,"$ 4,124.67",21,33,7
112,10,Pittsburgh,2022,October,"$ 3,968.64",20,36,8
212,10,Pittsburgh,2022,October,"$ 3,884.65",22,35,9
2012,10,Pittsburgh,2022,October,"$ 3,779.58",27,42,10
1592,10,Pittsburgh,2022,November,"$ 4,536.00",16,24,1
176,10,Pittsburgh,2022,November,"$ 4,499.55",27,45,2
115,10,Pittsburgh,2022,November,"$ 4,463.16",23,39,3
109,10,Pittsburgh,2022,November,"$ 4,348.72",22,38,4
173,10,Pittsburgh,2022,November,"$ 4,175.64",24,36,5
204,10,Pittsburgh,2022,November,"$ 4,157.67",21,33,6
198,10,Pittsburgh,2022,November,"$ 4,122.69",20,31,7
206,10,Pittsburgh,2022,November,"$ 4,029.74",19,26,8
1594,10,Pittsburgh,2022,November,"$ 3,949.00",8,11,9
201,10,Pittsburgh,2022,November,"$ 3,899.70",21,30,10
152,10,Pittsburgh,2022,December,"$ 4,499.55",30,45,1
183,10,Pittsburgh,2022,December,"$ 4,399.56",28,44,2
198,10,Pittsburgh,2022,December,"$ 4,122.69",22,31,3
177,10,Pittsburgh,2022,December,"$ 4,094.61",23,39,4
1551,10,Pittsburgh,2022,December,"$ 3,909.15",11,17,5
106,10,Pittsburgh,2022,December,"$ 3,890.96",22,34,6
125,10,Pittsburgh,2022,December,"$ 3,799.60",25,40,7
204,10,Pittsburgh,2022,December,"$ 3,779.70",21,30,8
212,10,Pittsburgh,2022,December,"$ 3,773.66",23,34,9
112,10,Pittsburgh,2022,December,"$ 3,748.16",22,34,10
1594,10,Pittsburgh,2023,January,"$ 7,898.00",12,22,1
219,10,Pittsburgh,2023,January,"$ 4,783.54",31,46,2
1572,10,Pittsburgh,2023,January,"$ 4,654.00",16,26,3
1593,10,Pittsburgh,2023,January,"$ 4,598.00",15,22,4
2007,10,Pittsburgh,2023,January,"$ 4,445.62",25,38,5
201,10,Pittsburgh,2023,January,"$ 4,419.66",23,34,6
1634,10,Pittsburgh,2023,January,"$ 4,199.72",16,28,7
198,10,Pittsburgh,2023,January,"$ 4,122.69",21,31,8
185,10,Pittsburgh,2023,January,"$ 3,959.64",22,36,9
125,10,Pittsburgh,2023,January,"$ 3,799.60",25,40,10
1635,10,Pittsburgh,2023,Febuary,"$ 5,399.70",18,30,1
123,10,Pittsburgh,2023,Febuary,"$ 4,179.56",28,44,2
1594,10,Pittsburgh,2023,Febuary,"$ 3,949.00",8,11,3
1551,10,Pittsburgh,2023,Febuary,"$ 3,909.15",9,17,4
204,10,Pittsburgh,2023,Febuary,"$ 3,905.69",18,31,5
271,10,Pittsburgh,2023,Febuary,"$ 3,779.58",25,42,6
201,10,Pittsburgh,2023,Febuary,"$ 3,769.71",17,29,7
177,10,Pittsburgh,2023,Febuary,"$ 3,674.65",25,35,8
125,10,Pittsburgh,2023,Febuary,"$ 3,514.63",26,37,9
1552,10,Pittsburgh,2023,Febuary,"$ 3,499.30",9,14,10
1572,10,Pittsburgh,2023,March,"$ 4,654.00",15,26,1
149,10,Pittsburgh,2023,March,"$ 4,124.67",21,33,2
177,10,Pittsburgh,2023,March,"$ 4,094.61",25,39,3
1591,10,Pittsburgh,2023,March,"$ 4,056.00",15,24,4
175,10,Pittsburgh,2023,March,"$ 3,909.54",29,46,5
265,10,Pittsburgh,2023,March,"$ 3,899.61",25,39,6
156,10,Pittsburgh,2023,March,"$ 3,799.62",22,38,7
170,10,Pittsburgh,2023,March,"$ 3,599.60",24,40,8
185,10,Pittsburgh,2023,March,"$ 3,519.68",21,32,9
173,10,Pittsburgh,2023,March,"$ 3,479.70",21,30,10
206,10,Pittsburgh,2023,April,"$ 5,269.66",21,34,1
1594,10,Pittsburgh,2023,April,"$ 4,667.00",9,13,2
212,10,Pittsburgh,2023,April,"$ 4,217.62",24,38,3
198,10,Pittsburgh,2023,April,"$ 3,989.70",21,30,4
1596,10,Pittsburgh,2023,April,"$ 3,959.78",14,22,5
1551,10,Pittsburgh,2023,April,"$ 3,909.15",10,17,6
173,10,Pittsburgh,2023,April,"$ 3,827.67",22,33,7
211,10,Pittsburgh,2023,April,"$ 3,497.67",22,33,8
179,10,Pittsburgh,2023,April,"$ 3,455.64",22,36,9
204,10,Pittsburgh,2023,April,"$ 3,401.73",19,27,10
1594,10,Pittsburgh,2023,May,"$ 5,385.00",9,15,1
204,10,Pittsburgh,2023,May,"$ 4,787.62",24,38,2
206,10,Pittsburgh,2023,May,"$ 4,649.70",22,30,3
198,10,Pittsburgh,2023,May,"$ 4,521.66",22,34,4
1552,10,Pittsburgh,2023,May,"$ 4,499.10",13,18,5
183,10,Pittsburgh,2023,May,"$ 4,399.56",28,44,6
1593,10,Pittsburgh,2023,May,"$ 4,389.00",13,21,7
217,10,Pittsburgh,2023,May,"$ 4,079.49",31,51,8
2007,10,Pittsburgh,2023,May,"$ 3,977.66",21,34,9
242,10,Pittsburgh,2023,May,"$ 3,959.64",23,36,10
1552,10,Pittsburgh,2023,June,"$ 6,998.60",19,28,1
206,10,Pittsburgh,2023,June,"$ 6,509.58",28,42,2
242,10,Pittsburgh,2023,June,"$ 4,619.58",26,42,3
149,10,Pittsburgh,2023,June,"$ 4,374.65",23,35,4
201,10,Pittsburgh,2023,June,"$ 3,639.72",19,28,5
2009,10,Pittsburgh,2023,June,"$ 3,599.64",23,36,6
1594,10,Pittsburgh,2023,June,"$ 3,590.00",6,10,7
265,10,Pittsburgh,2023,June,"$ 3,499.65",25,35,8
2002,10,Pittsburgh,2023,June,"$ 3,485.58",24,42,9
106,10,Pittsburgh,2023,June,"$ 3,433.20",21,30,10
1593,10,Pittsburgh,2023,July,"$ 6,061.00",21,29,1
2011,10,Pittsburgh,2023,July,"$ 4,793.53",27,47,2
119,10,Pittsburgh,2023,July,"$ 4,441.03",32,47,3
152,10,Pittsburgh,2023,July,"$ 4,199.58",28,42,4
1635,10,Pittsburgh,2023,July,"$ 3,959.78",13,22,5
1594,10,Pittsburgh,2023,July,"$ 3,949.00",6,11,6
201,10,Pittsburgh,2023,July,"$ 3,899.70",20,30,7
206,10,Pittsburgh,2023,July,"$ 3,874.75",16,25,8
149,10,Pittsburgh,2023,July,"$ 3,874.69",17,31,9
173,10,Pittsburgh,2023,July,"$ 3,827.67",23,33,10
1552,10,Pittsburgh,2023,August,"$ 5,748.85",14,23,1
115,10,Pittsburgh,2023,August,"$ 5,378.68",27,47,2
185,10,Pittsburgh,2023,August,"$ 5,059.54",28,46,3
177,10,Pittsburgh,2023,August,"$ 4,409.58",28,42,4
198,10,Pittsburgh,2023,August,"$ 4,122.69",20,31,5
176,10,Pittsburgh,2023,August,"$ 3,999.60",25,40,6
1592,10,Pittsburgh,2023,August,"$ 3,969.00",13,21,7
212,10,Pittsburgh,2023,August,"$ 3,884.65",23,35,8
168,10,Pittsburgh,2023,August,"$ 3,799.62",25,38,9
201,10,Pittsburgh,2023,August,"$ 3,639.72",17,28,10
1551,10,Pittsburgh,2023,September,"$ 5,288.85",14,23,1
206,10,Pittsburgh,2023,September,"$ 5,269.66",22,34,2
1594,10,Pittsburgh,2023,September,"$ 4,667.00",8,13,3
112,10,Pittsburgh,2023,September,"$ 4,409.60",28,40,4
219,10,Pittsburgh,2023,September,"$ 4,263.59",27,41,5
254,10,Pittsburgh,2023,September,"$ 4,091.56",30,44,6
1596,10,Pittsburgh,2023,September,"$ 3,959.78",13,22,7
152,10,Pittsburgh,2023,September,"$ 3,899.61",25,39,8
137,10,Pittsburgh,2023,September,"$ 3,869.57",27,43,9
2007,10,Pittsburgh,2023,September,"$ 3,860.67",22,33,10
1592,10,Pittsburgh,2023,October,"$ 7,371.00",24,39,1
1594,10,Pittsburgh,2023,October,"$ 6,821.00",14,19,2
206,10,Pittsburgh,2023,October,"$ 4,959.68",19,32,3
198,10,Pittsburgh,2023,October,"$ 4,521.66",21,34,4
112,10,Pittsburgh,2023,October,"$ 4,519.84",26,41,5
2007,10,Pittsburgh,2023,October,"$ 4,094.65",22,35,6
158,10,Pittsburgh,2023,October,"$ 4,049.55",31,45,7
2010,10,Pittsburgh,2023,October,"$ 3,999.60",26,40,8
1572,10,Pittsburgh,2023,October,"$ 3,938.00",17,22,9
173,10,Pittsburgh,2023,October,"$ 3,827.67",19,33,10
206,10,Pittsburgh,2023,November,"$ 5,114.67",19,33,1
1594,10,Pittsburgh,2023,November,"$ 4,667.00",9,13,2
1552,10,Pittsburgh,2023,November,"$ 4,499.10",13,18,3
106,10,Pittsburgh,2023,November,"$ 4,234.28",25,37,4
125,10,Pittsburgh,2023,November,"$ 3,894.59",27,41,5
2007,10,Pittsburgh,2023,November,"$ 3,860.67",22,33,6
1571,10,Pittsburgh,2023,November,"$ 3,816.00",16,24,7
204,10,Pittsburgh,2023,November,"$ 3,653.71",19,29,8
212,10,Pittsburgh,2023,November,"$ 3,440.69",20,31,9
219,10,Pittsburgh,2023,November,"$ 3,431.67",23,33,10
1594,10,Pittsburgh,2023,December,"$ 7,539.00",14,21,1
1552,10,Pittsburgh,2023,December,"$ 6,498.70",18,26,2
1551,10,Pittsburgh,2023,December,"$ 5,518.80",14,24,3
198,10,Pittsburgh,2023,December,"$ 5,053.62",26,38,4
2007,10,Pittsburgh,2023,December,"$ 5,030.57",25,43,5
201,10,Pittsburgh,2023,December,"$ 4,939.62",25,38,6
1593,10,Pittsburgh,2023,December,"$ 4,807.00",14,23,7
271,10,Pittsburgh,2023,December,"$ 4,769.47",36,53,8
152,10,Pittsburgh,2023,December,"$ 4,699.53",30,47,9
204,10,Pittsburgh,2023,December,"$ 4,661.63",25,37,10
1593,10,Pittsburgh,2024,January,"$ 6,479.00",20,31,1
1594,10,Pittsburgh,2024,January,"$ 5,385.00",11,15,2
198,10,Pittsburgh,2024,January,"$ 5,053.62",23,38,3
1572,10,Pittsburgh,2024,January,"$ 4,475.00",17,25,4
125,10,Pittsburgh,2024,January,"$ 4,464.53",28,47,5
112,10,Pittsburgh,2024,January,"$ 4,189.12",27,38,6
152,10,Pittsburgh,2024,January,"$ 4,099.59",28,41,7
1571,10,Pittsburgh,2024,January,"$ 3,975.00",14,25,8
211,10,Pittsburgh,2024,January,"$ 3,921.63",23,37,9
197,10,Pittsburgh,2024,January,"$ 3,815.64",26,36,10
1552,10,Pittsburgh,2024,Febuary,"$ 5,748.85",15,23,1
201,10,Pittsburgh,2024,Febuary,"$ 4,419.66",23,34,2
198,10,Pittsburgh,2024,Febuary,"$ 4,388.67",20,33,3
149,10,Pittsburgh,2024,Febuary,"$ 3,999.68",22,32,4
211,10,Pittsburgh,2024,Febuary,"$ 3,815.64",24,36,5
206,10,Pittsburgh,2024,Febuary,"$ 3,719.76",16,24,6
1551,10,Pittsburgh,2024,Febuary,"$ 3,679.20",11,16,7
135,10,Pittsburgh,2024,Febuary,"$ 3,381.62",22,38,8
15,10,Pittsburgh,2024,Febuary,"$ 3,229.24",25,38,9
2009,10,Pittsburgh,2024,Febuary,"$ 3,199.68",21,32,10
1594,10,Pittsburgh,2024,March,"$ 8,257.00",15,23,1
201,10,Pittsburgh,2024,March,"$ 5,589.57",27,43,2
1596,10,Pittsburgh,2024,March,"$ 5,399.70",17,30,3
197,10,Pittsburgh,2024,March,"$ 4,451.58",24,42,4
2014,10,Pittsburgh,2024,March,"$ 4,419.48",33,52,5
115,10,Pittsburgh,2024,March,"$ 4,348.72",27,38,6
149,10,Pittsburgh,2024,March,"$ 4,124.67",24,33,7
198,10,Pittsburgh,2024,March,"$ 4,122.69",21,31,8
1992,10,Pittsburgh,2024,March,"$ 3,959.56",29,44,9
1570,10,Pittsburgh,2024,March,"$ 3,892.00",17,28,10
1594,10,Pittsburgh,2024,April,"$ 7,539.00",14,21,1
1551,10,Pittsburgh,2024,April,"$ 5,288.85",14,23,2
265,10,Pittsburgh,2024,April,"$ 4,499.55",28,45,3
106,10,Pittsburgh,2024,April,"$ 4,463.16",26,39,4
2008,10,Pittsburgh,2024,April,"$ 4,291.63",26,37,5
206,10,Pittsburgh,2024,April,"$ 4,029.74",19,26,6
185,10,Pittsburgh,2024,April,"$ 3,849.65",22,35,7
115,10,Pittsburgh,2024,April,"$ 3,776.52",23,33,8
197,10,Pittsburgh,2024,April,"$ 3,709.65",26,35,9
121,10,Pittsburgh,2024,April,"$ 3,704.61",25,39,10
1551,10,Pittsburgh,2024,May,"$ 5,288.85",13,23,1
1592,10,Pittsburgh,2024,May,"$ 4,158.00",13,22,2
1606,10,Pittsburgh,2024,May,"$ 3,899.70",18,30,3
1596,10,Pittsburgh,2024,May,"$ 3,779.79",13,21,4
109,10,Pittsburgh,2024,May,"$ 3,776.52",22,33,5
2010,10,Pittsburgh,2024,May,"$ 3,599.64",23,36,6
198,10,Pittsburgh,2024,May,"$ 3,590.73",18,27,7
2013,10,Pittsburgh,2024,May,"$ 3,569.58",28,42,8
201,10,Pittsburgh,2024,May,"$ 3,509.73",19,27,9
1600,10,Pittsburgh,2024,May,"$ 3,427.00",15,23,10
206,10,Pittsburgh,2024,June,"$ 4,649.70",18,30,1
173,10,Pittsburgh,2024,June,"$ 4,523.61",29,39,2
2007,10,Pittsburgh,2024,June,"$ 4,445.62",25,38,3
212,10,Pittsburgh,2024,June,"$ 4,439.60",24,40,4
265,10,Pittsburgh,2024,June,"$ 3,999.60",25,40,5
246,10,Pittsburgh,2024,June,"$ 3,779.58",24,42,6
117,10,Pittsburgh,2024,June,"$ 3,734.55",28,45,7
109,10,Pittsburgh,2024,June,"$ 3,662.08",21,32,8
211,10,Pittsburgh,2024,June,"$ 3,603.66",24,34,9
112,10,Pittsburgh,2024,June,"$ 3,527.68",23,32,10
204,10,Pittsburgh,2024,July,"$ 5,291.58",28,42,1
1552,10,Pittsburgh,2024,July,"$ 4,999.00",11,20,2
206,10,Pittsburgh,2024,July,"$ 4,959.68",21,32,3
173,10,Pittsburgh,2024,July,"$ 4,523.61",26,39,4
183,10,Pittsburgh,2024,July,"$ 4,399.56",28,44,5
177,10,Pittsburgh,2024,July,"$ 3,674.65",22,35,6
112,10,Pittsburgh,2024,July,"$ 3,637.92",20,33,7
242,10,Pittsburgh,2024,July,"$ 3,629.67",24,33,8
219,10,Pittsburgh,2024,July,"$ 3,431.67",21,33,9
1626,10,Pittsburgh,2024,July,"$ 3,423.75",16,25,10
1594,10,Pittsburgh,2024,August,"$ 5,026.00",8,14,1
242,10,Pittsburgh,2024,August,"$ 4,729.57",29,43,2
1572,10,Pittsburgh,2024,August,"$ 4,654.00",16,26,3
206,10,Pittsburgh,2024,August,"$ 4,649.70",21,30,4
185,10,Pittsburgh,2024,August,"$ 4,179.62",25,38,5
162,10,Pittsburgh,2024,August,"$ 4,049.55",26,45,6
177,10,Pittsburgh,2024,August,"$ 3,884.63",24,37,7
198,10,Pittsburgh,2024,August,"$ 3,856.71",19,29,8
219,10,Pittsburgh,2024,August,"$ 3,847.63",23,37,9
2014,10,Pittsburgh,2024,August,"$ 3,739.56",28,44,10
1551,10,Pittsburgh,2024,September,"$ 4,828.95",14,21,1
173,10,Pittsburgh,2024,September,"$ 4,755.59",24,41,2
1635,10,Pittsburgh,2024,September,"$ 4,319.76",14,24,3
206,10,Pittsburgh,2024,September,"$ 4,029.74",16,26,4
1594,10,Pittsburgh,2024,September,"$ 3,949.00",8,11,5
198,10,Pittsburgh,2024,September,"$ 3,856.71",19,29,6
149,10,Pittsburgh,2024,September,"$ 3,749.70",18,30,7
1570,10,Pittsburgh,2024,September,"$ 3,614.00",14,26,8
177,10,Pittsburgh,2024,September,"$ 3,569.66",24,34,9
1634,10,Pittsburgh,2024,September,"$ 3,449.77",16,23,10
1594,10,Pittsburgh,2024,October,"$ 8,257.00",14,23,1
198,10,Pittsburgh,2024,October,"$ 4,920.63",24,37,2
206,10,Pittsburgh,2024,October,"$ 4,494.71",18,29,3
212,10,Pittsburgh,2024,October,"$ 4,439.60",25,40,4
149,10,Pittsburgh,2024,October,"$ 4,249.66",23,34,5
204,10,Pittsburgh,2024,October,"$ 4,031.68",20,32,6
201,10,Pittsburgh,2024,October,"$ 4,029.69",20,31,7
172,10,Pittsburgh,2024,October,"$ 3,989.58",29,42,8
1645,10,Pittsburgh,2024,October,"$ 3,938.00",14,22,9
123,10,Pittsburgh,2024,October,"$ 3,799.60",23,40,10
1594,10,Pittsburgh,2024,November,"$ 7,539.00",13,21,1
206,10,Pittsburgh,2024,November,"$ 4,184.73",16,27,2
1635,10,Pittsburgh,2024,November,"$ 4,139.77",14,23,3
164,10,Pittsburgh,2024,November,"$ 3,919.51",32,49,4
173,10,Pittsburgh,2024,November,"$ 3,827.67",22,33,5
125,10,Pittsburgh,2024,November,"$ 3,799.60",25,40,6
2007,10,Pittsburgh,2024,November,"$ 3,743.68",22,32,7
2008,10,Pittsburgh,2024,November,"$ 3,479.70",20,30,8
115,10,Pittsburgh,2024,November,"$ 3,433.20",17,30,9
210,10,Pittsburgh,2024,November,"$ 3,429.51",30,49,10
198,10,Pittsburgh,2024,December,"$ 5,053.62",26,38,1
1593,10,Pittsburgh,2024,December,"$ 5,016.00",14,24,2
1645,10,Pittsburgh,2024,December,"$ 5,012.00",17,28,3
242,10,Pittsburgh,2024,December,"$ 4,729.57",27,43,4
201,10,Pittsburgh,2024,December,"$ 4,679.64",24,36,5
1551,10,Pittsburgh,2024,December,"$ 4,599.00",16,20,6
115,10,Pittsburgh,2024,December,"$ 4,577.60",28,40,7
1591,10,Pittsburgh,2024,December,"$ 4,563.00",17,27,8
2007,10,Pittsburgh,2024,December,"$ 4,562.61",26,39,9
197,10,Pittsburgh,2024,December,"$ 4,557.57",26,43,10
2007,11,Des Moines,2019,January,"$ 3,158.73",17,27,1
198,11,Des Moines,2019,January,"$ 2,792.79",14,21,2
1594,11,Des Moines,2019,January,"$ 2,513.00",4,7,3
201,11,Des Moines,2019,January,"$ 2,469.81",11,19,4
149,11,Des Moines,2019,January,"$ 2,374.81",12,19,5
177,11,Des Moines,2019,January,"$ 2,204.79",13,21,6
2008,11,Des Moines,2019,January,"$ 2,203.81",12,19,7
183,11,Des Moines,2019,January,"$ 2,199.78",15,22,8
1591,11,Des Moines,2019,January,"$ 2,197.00",8,13,9
251,11,Des Moines,2019,January,"$ 2,138.77",13,23,10
198,11,Des Moines,2019,Febuary,"$ 3,191.76",16,24,1
201,11,Des Moines,2019,Febuary,"$ 2,469.81",12,19,2
1594,11,Des Moines,2019,Febuary,"$ 2,154.00",4,6,3
2008,11,Des Moines,2019,Febuary,"$ 2,087.82",12,18,4
206,11,Des Moines,2019,Febuary,"$ 2,014.87",8,13,5
2007,11,Des Moines,2019,Febuary,"$ 1,988.83",12,17,6
112,11,Des Moines,2019,Febuary,"$ 1,984.32",12,18,7
177,11,Des Moines,2019,Febuary,"$ 1,889.82",12,18,8
1655,11,Des Moines,2019,Febuary,"$ 1,819.87",9,13,9
197,11,Des Moines,2019,Febuary,"$ 1,801.83",13,17,10
1594,11,Des Moines,2019,March,"$ 3,231.00",5,9,1
1595,11,Des Moines,2019,March,"$ 3,149.79",14,21,2
109,11,Des Moines,2019,March,"$ 2,517.68",14,22,3
149,11,Des Moines,2019,March,"$ 2,249.82",13,18,4
1552,11,Des Moines,2019,March,"$ 2,249.55",7,9,5
106,11,Des Moines,2019,March,"$ 2,059.92",12,18,6
254,11,Des Moines,2019,March,"$ 2,045.78",14,22,7
198,11,Des Moines,2019,March,"$ 1,994.85",11,15,8
206,11,Des Moines,2019,March,"$ 1,859.88",8,12,9
265,11,Des Moines,2019,March,"$ 1,799.82",10,18,10
201,11,Des Moines,2019,April,"$ 3,119.76",15,24,1
206,11,Des Moines,2019,April,"$ 2,944.81",12,19,2
2006,11,Des Moines,2019,April,"$ 2,924.22",16,26,3
198,11,Des Moines,2019,April,"$ 2,127.84",11,16,4
204,11,Des Moines,2019,April,"$ 2,015.84",11,16,5
162,11,Des Moines,2019,April,"$ 1,979.78",14,22,6
1634,11,Des Moines,2019,April,"$ 1,949.87",9,13,7
106,11,Des Moines,2019,April,"$ 1,831.04",11,16,8
121,11,Des Moines,2019,April,"$ 1,804.81",11,19,9
1997,11,Des Moines,2019,April,"$ 1,747.77",18,23,10
2006,11,Des Moines,2019,May,"$ 3,036.69",16,27,1
149,11,Des Moines,2019,May,"$ 2,499.80",12,20,2
204,11,Des Moines,2019,May,"$ 2,393.81",13,19,3
201,11,Des Moines,2019,May,"$ 2,209.83",9,17,4
121,11,Des Moines,2019,May,"$ 2,184.77",14,23,5
1594,11,Des Moines,2019,May,"$ 2,154.00",3,6,6
198,11,Des Moines,2019,May,"$ 2,127.84",13,16,7
12,11,Des Moines,2019,May,"$ 2,124.50",18,25,8
2013,11,Des Moines,2019,May,"$ 2,039.76",15,24,9
206,11,Des Moines,2019,May,"$ 2,014.87",9,13,10
206,11,Des Moines,2019,June,"$ 3,099.80",12,20,1
4,11,Des Moines,2019,June,"$ 2,209.48",16,26,2
1594,11,Des Moines,2019,June,"$ 2,154.00",4,6,3
2006,11,Des Moines,2019,June,"$ 2,136.93",11,19,4
2007,11,Des Moines,2019,June,"$ 2,105.82",12,18,5
1551,11,Des Moines,2019,June,"$ 2,069.55",6,9,6
2011,11,Des Moines,2019,June,"$ 1,937.81",12,19,7
204,11,Des Moines,2019,June,"$ 1,889.85",10,15,8
85,11,Des Moines,2019,June,"$ 1,871.74",16,26,9
1645,11,Des Moines,2019,June,"$ 1,790.00",6,10,10
1593,11,Des Moines,2019,July,"$ 3,135.00",9,15,1
1635,11,Des Moines,2019,July,"$ 2,699.85",8,15,2
2008,11,Des Moines,2019,July,"$ 2,551.78",14,22,3
1595,11,Des Moines,2019,July,"$ 2,549.83",10,17,4
162,11,Des Moines,2019,July,"$ 2,159.76",17,24,5
271,11,Des Moines,2019,July,"$ 2,159.76",16,24,6
1594,11,Des Moines,2019,July,"$ 2,154.00",5,6,7
1583,11,Des Moines,2019,July,"$ 2,023.00",10,17,8
1645,11,Des Moines,2019,July,"$ 1,969.00",7,11,9
200,11,Des Moines,2019,July,"$ 1,967.76",16,24,10
206,11,Des Moines,2019,August,"$ 2,789.82",12,18,1
211,11,Des Moines,2019,August,"$ 2,649.75",16,25,2
185,11,Des Moines,2019,August,"$ 2,419.78",12,22,3
2007,11,Des Moines,2019,August,"$ 2,339.80",12,20,4
242,11,Des Moines,2019,August,"$ 2,309.79",13,21,5
247,11,Des Moines,2019,August,"$ 2,069.77",16,23,6
158,11,Des Moines,2019,August,"$ 2,069.77",14,23,7
197,11,Des Moines,2019,August,"$ 2,013.81",11,19,8
149,11,Des Moines,2019,August,"$ 1,999.84",11,16,9
212,11,Des Moines,2019,August,"$ 1,997.82",11,18,10
1594,11,Des Moines,2019,September,"$ 3,949.00",7,11,1
206,11,Des Moines,2019,September,"$ 3,409.78",13,22,2
198,11,Des Moines,2019,September,"$ 3,058.77",15,23,3
106,11,Des Moines,2019,September,"$ 2,403.24",15,21,4
2014,11,Des Moines,2019,September,"$ 2,379.72",18,28,5
175,11,Des Moines,2019,September,"$ 2,379.72",19,28,6
2011,11,Des Moines,2019,September,"$ 2,345.77",14,23,7
1600,11,Des Moines,2019,September,"$ 2,235.00",9,15,8
109,11,Des Moines,2019,September,"$ 2,059.92",11,18,9
2006,11,Des Moines,2019,September,"$ 2,024.46",11,18,10
204,11,Des Moines,2019,October,"$ 3,401.73",16,27,1
1594,11,Des Moines,2019,October,"$ 3,231.00",7,9,2
109,11,Des Moines,2019,October,"$ 3,204.32",17,28,3
2007,11,Des Moines,2019,October,"$ 2,924.75",16,25,4
201,11,Des Moines,2019,October,"$ 2,859.78",13,22,5
185,11,Des Moines,2019,October,"$ 2,309.79",12,21,6
2008,11,Des Moines,2019,October,"$ 2,087.82",12,18,7
115,11,Des Moines,2019,October,"$ 2,059.92",12,18,8
2011,11,Des Moines,2019,October,"$ 1,937.81",13,19,9
179,11,Des Moines,2019,October,"$ 1,919.80",12,20,10
206,11,Des Moines,2019,November,"$ 2,324.85",10,15,1
1552,11,Des Moines,2019,November,"$ 2,249.55",6,9,2
1635,11,Des Moines,2019,November,"$ 2,159.88",8,12,3
204,11,Des Moines,2019,November,"$ 2,141.83",12,17,4
7,11,Des Moines,2019,November,"$ 2,124.50",17,25,5
185,11,Des Moines,2019,November,"$ 2,089.81",14,19,6
1570,11,Des Moines,2019,November,"$ 2,085.00",9,15,7
2011,11,Des Moines,2019,November,"$ 2,039.80",14,20,8
168,11,Des Moines,2019,November,"$ 1,999.80",11,20,9
2008,11,Des Moines,2019,November,"$ 1,971.83",13,17,10
206,11,Des Moines,2019,December,"$ 3,874.75",17,25,1
2008,11,Des Moines,2019,December,"$ 3,131.73",18,27,2
204,11,Des Moines,2019,December,"$ 3,023.76",15,24,3
1601,11,Des Moines,2019,December,"$ 2,864.00",11,16,4
1596,11,Des Moines,2019,December,"$ 2,699.85",11,15,5
1644,11,Des Moines,2019,December,"$ 2,533.00",11,17,6
1552,11,Des Moines,2019,December,"$ 2,499.50",6,10,7
18,11,Des Moines,2019,December,"$ 2,464.42",17,29,8
1591,11,Des Moines,2019,December,"$ 2,366.00",8,14,9
219,11,Des Moines,2019,December,"$ 2,287.78",13,22,10
183,11,Des Moines,2020,January,"$ 2,799.72",16,28,1
250,11,Des Moines,2020,January,"$ 2,789.70",19,30,2
1551,11,Des Moines,2020,January,"$ 2,759.40",8,12,3
115,11,Des Moines,2020,January,"$ 2,632.12",16,23,4
181,11,Des Moines,2020,January,"$ 2,591.73",17,27,5
1593,11,Des Moines,2020,January,"$ 2,508.00",8,12,6
1596,11,Des Moines,2020,January,"$ 2,339.87",8,13,7
2007,11,Des Moines,2020,January,"$ 2,339.80",12,20,8
212,11,Des Moines,2020,January,"$ 2,330.79",13,21,9
1645,11,Des Moines,2020,January,"$ 2,327.00",8,13,10
1594,11,Des Moines,2020,Febuary,"$ 3,949.00",6,11,1
1591,11,Des Moines,2020,Febuary,"$ 3,380.00",11,20,2
206,11,Des Moines,2020,Febuary,"$ 2,634.83",13,17,3
149,11,Des Moines,2020,Febuary,"$ 2,624.79",16,21,4
201,11,Des Moines,2020,Febuary,"$ 2,599.80",12,20,5
183,11,Des Moines,2020,Febuary,"$ 2,499.75",14,25,6
204,11,Des Moines,2020,Febuary,"$ 2,393.81",12,19,7
1593,11,Des Moines,2020,Febuary,"$ 2,299.00",7,11,8
170,11,Des Moines,2020,Febuary,"$ 2,249.75",17,25,9
177,11,Des Moines,2020,Febuary,"$ 2,204.79",12,21,10
1594,11,Des Moines,2020,March,"$ 4,667.00",8,13,1
211,11,Des Moines,2020,March,"$ 3,391.68",19,32,2
201,11,Des Moines,2020,March,"$ 3,379.74",16,26,3
106,11,Des Moines,2020,March,"$ 3,089.88",19,27,4
149,11,Des Moines,2020,March,"$ 2,999.76",14,24,5
2010,11,Des Moines,2020,March,"$ 2,999.70",18,30,6
242,11,Des Moines,2020,March,"$ 2,529.77",16,23,7
1596,11,Des Moines,2020,March,"$ 2,519.86",8,14,8
1593,11,Des Moines,2020,March,"$ 2,508.00",8,12,9
137,11,Des Moines,2020,March,"$ 2,339.74",17,26,10
1645,11,Des Moines,2020,April,"$ 3,222.00",12,18,1
1551,11,Des Moines,2020,April,"$ 3,219.30",9,14,2
1594,11,Des Moines,2020,April,"$ 2,872.00",5,8,3
2006,11,Des Moines,2020,April,"$ 2,811.75",13,25,4
204,11,Des Moines,2020,April,"$ 2,645.79",14,21,5
197,11,Des Moines,2020,April,"$ 2,543.76",15,24,6
206,11,Des Moines,2020,April,"$ 2,479.84",13,16,7
201,11,Des Moines,2020,April,"$ 2,469.81",13,19,8
115,11,Des Moines,2020,April,"$ 2,403.24",14,21,9
1644,11,Des Moines,2020,April,"$ 2,384.00",10,16,10
1594,11,Des Moines,2020,May,"$ 4,667.00",9,13,1
2008,11,Des Moines,2020,May,"$ 2,783.76",15,24,2
201,11,Des Moines,2020,May,"$ 2,599.80",12,20,3
240,11,Des Moines,2020,May,"$ 2,515.66",22,34,4
2007,11,Des Moines,2020,May,"$ 2,339.80",15,20,5
1592,11,Des Moines,2020,May,"$ 2,268.00",8,12,6
200,11,Des Moines,2020,May,"$ 2,213.73",16,27,7
1551,11,Des Moines,2020,May,"$ 2,069.55",6,9,8
1600,11,Des Moines,2020,May,"$ 1,937.00",8,13,9
176,11,Des Moines,2020,May,"$ 1,899.81",13,19,10
1551,11,Des Moines,2020,June,"$ 4,369.05",12,19,1
112,11,Des Moines,2020,June,"$ 3,307.20",19,30,2
206,11,Des Moines,2020,June,"$ 2,789.82",10,18,3
2013,11,Des Moines,2020,June,"$ 2,549.70",20,30,4
1552,11,Des Moines,2020,June,"$ 2,499.50",6,10,5
197,11,Des Moines,2020,June,"$ 2,225.79",13,21,6
1594,11,Des Moines,2020,June,"$ 2,154.00",4,6,7
7,11,Des Moines,2020,June,"$ 2,124.50",14,25,8
2007,11,Des Moines,2020,June,"$ 2,105.82",12,18,9
172,11,Des Moines,2020,June,"$ 2,089.78",13,22,10
2007,11,Des Moines,2020,July,"$ 3,743.68",22,32,1
2010,11,Des Moines,2020,July,"$ 2,799.72",19,28,2
119,11,Des Moines,2020,July,"$ 2,551.23",17,27,3
106,11,Des Moines,2020,July,"$ 2,517.68",13,22,4
1552,11,Des Moines,2020,July,"$ 2,499.50",7,10,5
2013,11,Des Moines,2020,July,"$ 2,464.71",20,29,6
212,11,Des Moines,2020,July,"$ 2,330.79",14,21,7
181,11,Des Moines,2020,July,"$ 2,303.76",17,24,8
112,11,Des Moines,2020,July,"$ 2,204.80",15,20,9
1594,11,Des Moines,2020,July,"$ 2,154.00",6,6,10
1594,11,Des Moines,2020,August,"$ 4,308.00",6,12,1
2008,11,Des Moines,2020,August,"$ 2,667.77",16,23,2
17,11,Des Moines,2020,August,"$ 2,634.38",19,31,3
201,11,Des Moines,2020,August,"$ 2,339.82",13,18,4
206,11,Des Moines,2020,August,"$ 2,324.85",11,15,5
177,11,Des Moines,2020,August,"$ 2,309.78",14,22,6
160,11,Des Moines,2020,August,"$ 2,249.75",16,25,7
173,11,Des Moines,2020,August,"$ 2,203.81",12,19,8
2010,11,Des Moines,2020,August,"$ 2,199.78",13,22,9
204,11,Des Moines,2020,August,"$ 2,141.83",11,17,10
1594,11,Des Moines,2020,September,"$ 3,590.00",7,10,1
2010,11,Des Moines,2020,September,"$ 2,499.75",17,25,2
204,11,Des Moines,2020,September,"$ 2,393.81",12,19,3
1571,11,Des Moines,2020,September,"$ 2,385.00",8,15,4
1572,11,Des Moines,2020,September,"$ 2,327.00",9,13,5
206,11,Des Moines,2020,September,"$ 2,324.85",9,15,6
2008,11,Des Moines,2020,September,"$ 2,319.80",14,20,7
1551,11,Des Moines,2020,September,"$ 2,299.50",7,10,8
172,11,Des Moines,2020,September,"$ 2,279.76",13,24,9
1592,11,Des Moines,2020,September,"$ 2,268.00",7,12,10
206,11,Des Moines,2020,October,"$ 4,649.70",17,30,1
1594,11,Des Moines,2020,October,"$ 3,949.00",7,11,2
1593,11,Des Moines,2020,October,"$ 3,762.00",11,18,3
221,11,Des Moines,2020,October,"$ 2,887.62",22,38,4
1596,11,Des Moines,2020,October,"$ 2,879.84",11,16,5
115,11,Des Moines,2020,October,"$ 2,632.12",14,23,6
2006,11,Des Moines,2020,October,"$ 2,474.34",15,22,7
254,11,Des Moines,2020,October,"$ 2,417.74",18,26,8
2009,11,Des Moines,2020,October,"$ 2,399.76",14,24,9
219,11,Des Moines,2020,October,"$ 2,391.77",16,23,10
206,11,Des Moines,2020,November,"$ 3,254.79",14,21,1
1593,11,Des Moines,2020,November,"$ 2,926.00",8,14,2
197,11,Des Moines,2020,November,"$ 2,755.74",16,26,3
1552,11,Des Moines,2020,November,"$ 2,749.45",6,11,4
1645,11,Des Moines,2020,November,"$ 2,685.00",10,15,5
198,11,Des Moines,2020,November,"$ 2,659.80",12,20,6
1551,11,Des Moines,2020,November,"$ 2,529.45",7,11,7
1543,11,Des Moines,2020,November,"$ 2,520.00",13,21,8
156,11,Des Moines,2020,November,"$ 2,399.76",16,24,9
2013,11,Des Moines,2020,November,"$ 2,379.72",18,28,10
1594,11,Des Moines,2020,December,"$ 7,539.00",11,21,1
1593,11,Des Moines,2020,December,"$ 2,717.00",10,13,2
181,11,Des Moines,2020,December,"$ 2,591.73",15,27,3
242,11,Des Moines,2020,December,"$ 2,529.77",18,23,4
2009,11,Des Moines,2020,December,"$ 2,499.75",18,25,5
1552,11,Des Moines,2020,December,"$ 2,499.50",7,10,6
206,11,Des Moines,2020,December,"$ 2,479.84",11,16,7
2,11,Des Moines,2020,December,"$ 2,463.68",20,32,8
271,11,Des Moines,2020,December,"$ 2,249.75",17,25,9
166,11,Des Moines,2020,December,"$ 2,239.72",17,28,10
206,11,Des Moines,2021,January,"$ 3,254.79",14,21,1
204,11,Des Moines,2021,January,"$ 2,771.78",13,22,2
1593,11,Des Moines,2021,January,"$ 2,299.00",7,11,3
198,11,Des Moines,2021,January,"$ 2,260.83",10,17,4
250,11,Des Moines,2021,January,"$ 2,138.77",14,23,5
2009,11,Des Moines,2021,January,"$ 2,099.79",14,21,6
2002,11,Des Moines,2021,January,"$ 1,908.77",16,23,7
211,11,Des Moines,2021,January,"$ 1,907.82",12,18,8
152,11,Des Moines,2021,January,"$ 1,899.81",12,19,9
172,11,Des Moines,2021,January,"$ 1,899.80",13,20,10
212,11,Des Moines,2021,Febuary,"$ 2,441.78",13,22,1
219,11,Des Moines,2021,Febuary,"$ 2,183.79",13,21,2
1635,11,Des Moines,2021,Febuary,"$ 2,159.88",8,12,3
1594,11,Des Moines,2021,Febuary,"$ 2,154.00",4,6,4
176,11,Des Moines,2021,Febuary,"$ 2,099.79",14,21,5
250,11,Des Moines,2021,Febuary,"$ 2,045.78",13,22,6
156,11,Des Moines,2021,Febuary,"$ 1,999.80",14,20,7
1987,11,Des Moines,2021,Febuary,"$ 1,999.75",15,25,8
1601,11,Des Moines,2021,Febuary,"$ 1,969.00",8,11,9
1999,11,Des Moines,2021,Febuary,"$ 1,919.76",16,24,10
149,11,Des Moines,2021,March,"$ 2,749.78",12,22,1
1551,11,Des Moines,2021,March,"$ 2,529.45",9,11,2
212,11,Des Moines,2021,March,"$ 2,441.78",14,22,3
4,11,Des Moines,2021,March,"$ 2,294.46",17,27,4
129,11,Des Moines,2021,March,"$ 2,239.72",19,28,5
1571,11,Des Moines,2021,March,"$ 2,226.00",11,14,6
201,11,Des Moines,2021,March,"$ 2,209.83",12,17,7
1594,11,Des Moines,2021,March,"$ 2,154.00",5,6,8
206,11,Des Moines,2021,March,"$ 2,014.87",9,13,9
2010,11,Des Moines,2021,March,"$ 1,999.80",12,20,10
1626,11,Des Moines,2021,April,"$ 2,328.15",12,17,1
198,11,Des Moines,2021,April,"$ 2,260.83",10,17,2
2011,11,Des Moines,2021,April,"$ 2,243.78",15,22,3
12,11,Des Moines,2021,April,"$ 2,209.48",16,26,4
112,11,Des Moines,2021,April,"$ 2,204.80",13,20,5
1551,11,Des Moines,2021,April,"$ 2,069.55",7,9,6
204,11,Des Moines,2021,April,"$ 2,015.84",11,16,7
211,11,Des Moines,2021,April,"$ 2,013.81",13,19,8
2007,11,Des Moines,2021,April,"$ 1,988.83",10,17,9
4,11,Des Moines,2021,April,"$ 1,869.56",15,22,10
1552,11,Des Moines,2021,May,"$ 3,749.25",9,15,1
198,11,Des Moines,2021,May,"$ 2,925.78",16,22,2
204,11,Des Moines,2021,May,"$ 2,771.78",15,22,3
206,11,Des Moines,2021,May,"$ 2,324.85",11,15,4
175,11,Des Moines,2021,May,"$ 2,124.75",16,25,5
1593,11,Des Moines,2021,May,"$ 2,090.00",7,10,6
1600,11,Des Moines,2021,May,"$ 2,086.00",9,14,7
201,11,Des Moines,2021,May,"$ 2,079.84",10,16,8
149,11,Des Moines,2021,May,"$ 1,999.84",9,16,9
154,11,Des Moines,2021,May,"$ 1,999.75",16,25,10
2006,11,Des Moines,2021,June,"$ 2,249.40",14,20,1
1594,11,Des Moines,2021,June,"$ 2,154.00",4,6,2
1552,11,Des Moines,2021,June,"$ 1,999.60",5,8,3
1543,11,Des Moines,2021,June,"$ 1,920.00",9,16,4
179,11,Des Moines,2021,June,"$ 1,919.80",12,20,5
198,11,Des Moines,2021,June,"$ 1,861.86",9,14,6
164,11,Des Moines,2021,June,"$ 1,839.77",14,23,7
106,11,Des Moines,2021,June,"$ 1,831.04",11,16,8
1635,11,Des Moines,2021,June,"$ 1,799.90",7,10,9
156,11,Des Moines,2021,June,"$ 1,799.82",12,18,10
1594,11,Des Moines,2021,July,"$ 2,872.00",5,8,1
204,11,Des Moines,2021,July,"$ 2,645.79",14,21,2
1593,11,Des Moines,2021,July,"$ 2,508.00",8,12,3
115,11,Des Moines,2021,July,"$ 2,403.24",13,21,4
185,11,Des Moines,2021,July,"$ 2,309.79",15,21,5
2008,11,Des Moines,2021,July,"$ 2,087.82",11,18,6
250,11,Des Moines,2021,July,"$ 2,045.78",15,22,7
206,11,Des Moines,2021,July,"$ 2,014.87",10,13,8
211,11,Des Moines,2021,July,"$ 2,013.81",12,19,9
197,11,Des Moines,2021,July,"$ 2,013.81",12,19,10
265,11,Des Moines,2021,August,"$ 2,999.70",18,30,1
1594,11,Des Moines,2021,August,"$ 2,872.00",6,8,2
177,11,Des Moines,2021,August,"$ 2,624.75",13,25,3
204,11,Des Moines,2021,August,"$ 2,519.80",11,20,4
109,11,Des Moines,2021,August,"$ 2,517.68",14,22,5
1592,11,Des Moines,2021,August,"$ 2,457.00",8,13,6
168,11,Des Moines,2021,August,"$ 2,199.78",15,22,7
106,11,Des Moines,2021,August,"$ 2,059.92",11,18,8
206,11,Des Moines,2021,August,"$ 2,014.87",9,13,9
219,11,Des Moines,2021,August,"$ 1,975.81",11,19,10
1551,11,Des Moines,2021,September,"$ 2,529.45",6,11,1
1593,11,Des Moines,2021,September,"$ 2,508.00",7,12,2
1601,11,Des Moines,2021,September,"$ 2,506.00",9,14,3
166,11,Des Moines,2021,September,"$ 1,999.75",15,25,4
1645,11,Des Moines,2021,September,"$ 1,969.00",7,11,5
173,11,Des Moines,2021,September,"$ 1,855.84",10,16,6
1992,11,Des Moines,2021,September,"$ 1,799.80",13,20,7
212,11,Des Moines,2021,September,"$ 1,775.84",13,16,8
179,11,Des Moines,2021,September,"$ 1,727.82",11,18,9
206,11,Des Moines,2021,September,"$ 1,704.89",7,11,10
1594,11,Des Moines,2021,October,"$ 3,949.00",7,11,1
246,11,Des Moines,2021,October,"$ 2,879.68",19,32,2
168,11,Des Moines,2021,October,"$ 2,599.74",15,26,3
176,11,Des Moines,2021,October,"$ 2,499.75",18,25,4
197,11,Des Moines,2021,October,"$ 2,437.77",16,23,5
2008,11,Des Moines,2021,October,"$ 2,435.79",13,21,6
206,11,Des Moines,2021,October,"$ 2,324.85",10,15,7
1551,11,Des Moines,2021,October,"$ 2,299.50",6,10,8
149,11,Des Moines,2021,October,"$ 2,249.82",13,18,9
1988,11,Des Moines,2021,October,"$ 2,213.73",15,27,10
1594,11,Des Moines,2021,November,"$ 3,949.00",7,11,1
1645,11,Des Moines,2021,November,"$ 2,506.00",9,14,2
125,11,Des Moines,2021,November,"$ 2,374.75",16,25,3
198,11,Des Moines,2021,November,"$ 2,260.83",11,17,4
2007,11,Des Moines,2021,November,"$ 2,105.82",12,18,5
1593,11,Des Moines,2021,November,"$ 2,090.00",6,10,6
201,11,Des Moines,2021,November,"$ 2,079.84",10,16,7
117,11,Des Moines,2021,November,"$ 2,074.75",16,25,8
206,11,Des Moines,2021,November,"$ 2,014.87",10,13,9
1603,11,Des Moines,2021,November,"$ 1,979.82",12,18,10
1594,11,Des Moines,2021,December,"$ 4,308.00",8,12,1
1601,11,Des Moines,2021,December,"$ 3,401.00",11,19,2
1593,11,Des Moines,2021,December,"$ 3,344.00",9,16,3
112,11,Des Moines,2021,December,"$ 2,976.48",16,27,4
177,11,Des Moines,2021,December,"$ 2,834.73",20,27,5
1551,11,Des Moines,2021,December,"$ 2,759.40",7,12,6
135,11,Des Moines,2021,December,"$ 2,580.71",18,29,7
1552,11,Des Moines,2021,December,"$ 2,499.50",6,10,8
2009,11,Des Moines,2021,December,"$ 2,399.76",17,24,9
2012,11,Des Moines,2021,December,"$ 2,339.74",16,26,10
1594,11,Des Moines,2022,January,"$ 4,308.00",7,12,1
149,11,Des Moines,2022,January,"$ 3,124.75",16,25,2
1552,11,Des Moines,2022,January,"$ 2,999.40",9,12,3
173,11,Des Moines,2022,January,"$ 2,899.75",18,25,4
1591,11,Des Moines,2022,January,"$ 2,704.00",10,16,5
204,11,Des Moines,2022,January,"$ 2,645.79",15,21,6
115,11,Des Moines,2022,January,"$ 2,632.12",16,23,7
2010,11,Des Moines,2022,January,"$ 2,399.76",16,24,8
1570,11,Des Moines,2022,January,"$ 2,363.00",10,17,9
212,11,Des Moines,2022,January,"$ 2,330.79",13,21,10
2012,11,Des Moines,2022,Febuary,"$ 3,149.65",23,35,1
206,11,Des Moines,2022,Febuary,"$ 2,789.82",11,18,2
1594,11,Des Moines,2022,Febuary,"$ 2,513.00",5,7,3
185,11,Des Moines,2022,Febuary,"$ 2,309.79",13,21,4
1552,11,Des Moines,2022,Febuary,"$ 2,249.55",5,9,5
265,11,Des Moines,2022,Febuary,"$ 2,099.79",14,21,6
106,11,Des Moines,2022,Febuary,"$ 2,059.92",13,18,7
170,11,Des Moines,2022,Febuary,"$ 1,979.78",13,22,8
2008,11,Des Moines,2022,Febuary,"$ 1,971.83",10,17,9
115,11,Des Moines,2022,Febuary,"$ 1,945.48",10,17,10
149,11,Des Moines,2022,March,"$ 2,874.77",15,23,1
1594,11,Des Moines,2022,March,"$ 2,872.00",5,8,2
156,11,Des Moines,2022,March,"$ 2,399.76",16,24,3
179,11,Des Moines,2022,March,"$ 2,399.75",17,25,4
4,11,Des Moines,2022,March,"$ 2,379.44",17,28,5
2011,11,Des Moines,2022,March,"$ 2,345.77",14,23,6
1551,11,Des Moines,2022,March,"$ 2,299.50",6,10,7
262,11,Des Moines,2022,March,"$ 2,294.73",17,27,8
115,11,Des Moines,2022,March,"$ 2,288.80",13,20,9
204,11,Des Moines,2022,March,"$ 2,267.82",13,18,10
1594,11,Des Moines,2022,April,"$ 2,872.00",5,8,1
166,11,Des Moines,2022,April,"$ 2,479.69",20,31,2
198,11,Des Moines,2022,April,"$ 2,393.82",11,18,3
2006,11,Des Moines,2022,April,"$ 2,361.87",15,21,4
206,11,Des Moines,2022,April,"$ 2,324.85",10,15,5
179,11,Des Moines,2022,April,"$ 2,207.77",13,23,6
2008,11,Des Moines,2022,April,"$ 2,203.81",12,19,7
149,11,Des Moines,2022,April,"$ 2,124.83",11,17,8
2013,11,Des Moines,2022,April,"$ 2,124.75",17,25,9
137,11,Des Moines,2022,April,"$ 2,069.77",15,23,10
1551,11,Des Moines,2022,May,"$ 3,679.20",12,16,1
1572,11,Des Moines,2022,May,"$ 3,222.00",11,18,2
115,11,Des Moines,2022,May,"$ 3,089.88",16,27,3
1596,11,Des Moines,2022,May,"$ 2,519.86",9,14,4
212,11,Des Moines,2022,May,"$ 2,441.78",17,22,5
112,11,Des Moines,2022,May,"$ 2,204.80",12,20,6
12,11,Des Moines,2022,May,"$ 2,124.50",15,25,7
206,11,Des Moines,2022,May,"$ 2,014.87",8,13,8
242,11,Des Moines,2022,May,"$ 1,979.82",12,18,9
2012,11,Des Moines,2022,May,"$ 1,979.78",15,22,10
1551,11,Des Moines,2022,June,"$ 3,449.25",11,15,1
1552,11,Des Moines,2022,June,"$ 3,249.35",8,13,2
206,11,Des Moines,2022,June,"$ 2,944.81",13,19,3
173,11,Des Moines,2022,June,"$ 2,551.78",15,22,4
1594,11,Des Moines,2022,June,"$ 2,513.00",6,7,5
149,11,Des Moines,2022,June,"$ 2,499.80",14,20,6
197,11,Des Moines,2022,June,"$ 2,437.77",14,23,7
1596,11,Des Moines,2022,June,"$ 2,339.87",8,13,8
170,11,Des Moines,2022,June,"$ 2,159.76",15,24,9
198,11,Des Moines,2022,June,"$ 2,127.84",9,16,10
1552,11,Des Moines,2022,July,"$ 3,749.25",9,15,1
106,11,Des Moines,2022,July,"$ 3,433.20",19,30,2
206,11,Des Moines,2022,July,"$ 2,944.81",11,19,3
2011,11,Des Moines,2022,July,"$ 2,651.74",16,26,4
198,11,Des Moines,2022,July,"$ 2,393.82",13,18,5
250,11,Des Moines,2022,July,"$ 2,138.77",14,23,6
2006,11,Des Moines,2022,July,"$ 2,136.93",12,19,7
125,11,Des Moines,2022,July,"$ 2,089.78",12,22,8
160,11,Des Moines,2022,July,"$ 2,069.77",15,23,9
109,11,Des Moines,2022,July,"$ 2,059.92",12,18,10
14,11,Des Moines,2022,August,"$ 3,144.26",25,37,1
201,11,Des Moines,2022,August,"$ 2,859.78",15,22,2
1572,11,Des Moines,2022,August,"$ 2,506.00",9,14,3
1551,11,Des Moines,2022,August,"$ 2,299.50",6,10,4
17,11,Des Moines,2022,August,"$ 2,294.46",19,27,5
172,11,Des Moines,2022,August,"$ 2,279.76",17,24,6
219,11,Des Moines,2022,August,"$ 2,183.79",13,21,7
1,11,Des Moines,2022,August,"$ 2,001.74",15,26,8
265,11,Des Moines,2022,August,"$ 1,999.80",12,20,9
109,11,Des Moines,2022,August,"$ 1,945.48",12,17,10
1594,11,Des Moines,2022,September,"$ 2,872.00",6,8,1
149,11,Des Moines,2022,September,"$ 2,749.78",16,22,2
2008,11,Des Moines,2022,September,"$ 2,667.77",14,23,3
201,11,Des Moines,2022,September,"$ 2,339.82",11,18,4
1552,11,Des Moines,2022,September,"$ 2,249.55",7,9,5
2006,11,Des Moines,2022,September,"$ 2,249.40",13,20,6
204,11,Des Moines,2022,September,"$ 2,141.83",12,17,7
183,11,Des Moines,2022,September,"$ 2,099.79",13,21,8
115,11,Des Moines,2022,September,"$ 2,059.92",11,18,9
198,11,Des Moines,2022,September,"$ 1,994.85",11,15,10
1594,11,Des Moines,2022,October,"$ 3,949.00",7,11,1
1551,11,Des Moines,2022,October,"$ 2,299.50",7,10,2
1601,11,Des Moines,2022,October,"$ 2,148.00",6,12,3
1645,11,Des Moines,2022,October,"$ 2,148.00",8,12,4
164,11,Des Moines,2022,October,"$ 2,079.74",15,26,5
123,11,Des Moines,2022,October,"$ 1,994.79",13,21,6
271,11,Des Moines,2022,October,"$ 1,889.79",15,21,7
2007,11,Des Moines,2022,October,"$ 1,871.84",12,16,8
1987,11,Des Moines,2022,October,"$ 1,839.77",16,23,9
149,11,Des Moines,2022,October,"$ 1,749.86",10,14,10
1594,11,Des Moines,2022,November,"$ 2,513.00",5,7,1
1593,11,Des Moines,2022,November,"$ 2,299.00",7,11,2
181,11,Des Moines,2022,November,"$ 2,015.79",13,21,3
1552,11,Des Moines,2022,November,"$ 1,999.60",5,8,4
115,11,Des Moines,2022,November,"$ 1,945.48",12,17,5
206,11,Des Moines,2022,November,"$ 1,859.88",8,12,6
1596,11,Des Moines,2022,November,"$ 1,799.90",5,10,7
177,11,Des Moines,2022,November,"$ 1,784.83",10,17,8
106,11,Des Moines,2022,November,"$ 1,716.60",11,15,9
176,11,Des Moines,2022,November,"$ 1,699.83",10,17,10
1594,11,Des Moines,2022,December,"$ 3,949.00",7,11,1
149,11,Des Moines,2022,December,"$ 3,124.75",19,25,2
1552,11,Des Moines,2022,December,"$ 2,999.40",7,12,3
1584,11,Des Moines,2022,December,"$ 2,780.00",12,20,4
1635,11,Des Moines,2022,December,"$ 2,699.85",9,15,5
1644,11,Des Moines,2022,December,"$ 2,682.00",13,18,6
2008,11,Des Moines,2022,December,"$ 2,667.77",15,23,7
201,11,Des Moines,2022,December,"$ 2,469.81",14,19,8
170,11,Des Moines,2022,December,"$ 2,429.73",17,27,9
242,11,Des Moines,2022,December,"$ 2,419.78",14,22,10
1594,11,Des Moines,2023,January,"$ 2,154.00",3,6,1
112,11,Des Moines,2023,January,"$ 2,094.56",12,19,2
123,11,Des Moines,2023,January,"$ 2,089.78",15,22,3
1551,11,Des Moines,2023,January,"$ 2,069.55",5,9,4
175,11,Des Moines,2023,January,"$ 2,039.76",14,24,5
198,11,Des Moines,2023,January,"$ 1,994.85",9,15,6
2007,11,Des Moines,2023,January,"$ 1,988.83",10,17,7
254,11,Des Moines,2023,January,"$ 1,952.79",11,21,8
1995,11,Des Moines,2023,January,"$ 1,924.75",14,25,9
179,11,Des Moines,2023,January,"$ 1,919.80",14,20,10
1594,11,Des Moines,2023,Febuary,"$ 3,590.00",6,10,1
1552,11,Des Moines,2023,Febuary,"$ 2,249.55",6,9,2
197,11,Des Moines,2023,Febuary,"$ 2,225.79",13,21,3
137,11,Des Moines,2023,Febuary,"$ 2,069.77",13,23,4
106,11,Des Moines,2023,Febuary,"$ 2,059.92",12,18,5
149,11,Des Moines,2023,Febuary,"$ 1,999.84",9,16,6
177,11,Des Moines,2023,Febuary,"$ 1,994.81",11,19,7
1596,11,Des Moines,2023,Febuary,"$ 1,979.89",6,11,8
201,11,Des Moines,2023,Febuary,"$ 1,949.85",9,15,9
1988,11,Des Moines,2023,Febuary,"$ 1,885.77",13,23,10
1594,11,Des Moines,2023,March,"$ 3,590.00",7,10,1
149,11,Des Moines,2023,March,"$ 2,874.77",14,23,2
212,11,Des Moines,2023,March,"$ 2,663.76",14,24,3
173,11,Des Moines,2023,March,"$ 2,435.79",12,21,4
268,11,Des Moines,2023,March,"$ 2,079.68",19,32,5
1551,11,Des Moines,2023,March,"$ 2,069.55",6,9,6
269,11,Des Moines,2023,March,"$ 2,024.73",16,27,7
1997,11,Des Moines,2023,March,"$ 1,975.74",16,26,8
17,11,Des Moines,2023,March,"$ 1,954.54",12,23,9
109,11,Des Moines,2023,March,"$ 1,945.48",10,17,10
206,11,Des Moines,2023,April,"$ 3,099.80",13,20,1
242,11,Des Moines,2023,April,"$ 2,749.75",13,25,2
201,11,Des Moines,2023,April,"$ 2,469.81",12,19,3
1572,11,Des Moines,2023,April,"$ 2,327.00",9,13,4
1552,11,Des Moines,2023,April,"$ 2,249.55",7,9,5
198,11,Des Moines,2023,April,"$ 2,127.84",11,16,6
185,11,Des Moines,2023,April,"$ 1,869.83",11,17,7
240,11,Des Moines,2023,April,"$ 1,849.75",18,25,8
1584,11,Des Moines,2023,April,"$ 1,807.00",7,13,9
119,11,Des Moines,2023,April,"$ 1,795.31",13,19,10
197,11,Des Moines,2023,May,"$ 2,755.74",16,26,1
173,11,Des Moines,2023,May,"$ 2,667.77",16,23,2
212,11,Des Moines,2023,May,"$ 2,552.77",14,23,3
106,11,Des Moines,2023,May,"$ 2,403.24",12,21,4
109,11,Des Moines,2023,May,"$ 2,403.24",13,21,5
160,11,Des Moines,2023,May,"$ 2,339.74",16,26,6
1552,11,Des Moines,2023,May,"$ 2,249.55",5,9,7
183,11,Des Moines,2023,May,"$ 2,199.78",13,22,8
1591,11,Des Moines,2023,May,"$ 2,197.00",8,13,9
115,11,Des Moines,2023,May,"$ 2,174.36",11,19,10
112,11,Des Moines,2023,June,"$ 2,976.48",16,27,1
1594,11,Des Moines,2023,June,"$ 2,513.00",4,7,2
4,11,Des Moines,2023,June,"$ 2,209.48",16,26,3
197,11,Des Moines,2023,June,"$ 2,119.80",13,20,4
177,11,Des Moines,2023,June,"$ 2,099.80",13,20,5
115,11,Des Moines,2023,June,"$ 2,059.92",11,18,6
1552,11,Des Moines,2023,June,"$ 1,999.60",6,8,7
242,11,Des Moines,2023,June,"$ 1,979.82",12,18,8
2006,11,Des Moines,2023,June,"$ 1,911.99",10,17,9
1592,11,Des Moines,2023,June,"$ 1,890.00",7,10,10
1594,11,Des Moines,2023,July,"$ 3,949.00",7,11,1
201,11,Des Moines,2023,July,"$ 2,339.82",13,18,2
265,11,Des Moines,2023,July,"$ 2,099.79",13,21,3
1551,11,Des Moines,2023,July,"$ 2,069.55",6,9,4
2,11,Des Moines,2023,July,"$ 2,001.74",18,26,5
168,11,Des Moines,2023,July,"$ 1,999.80",13,20,6
123,11,Des Moines,2023,July,"$ 1,899.80",14,20,7
1592,11,Des Moines,2023,July,"$ 1,890.00",6,10,8
206,11,Des Moines,2023,July,"$ 1,859.88",8,12,9
211,11,Des Moines,2023,July,"$ 1,801.83",11,17,10
1593,11,Des Moines,2023,August,"$ 3,553.00",10,17,1
1594,11,Des Moines,2023,August,"$ 2,872.00",6,8,2
1552,11,Des Moines,2023,August,"$ 2,749.45",7,11,3
1635,11,Des Moines,2023,August,"$ 2,519.86",10,14,4
212,11,Des Moines,2023,August,"$ 2,330.79",14,21,5
123,11,Des Moines,2023,August,"$ 2,184.77",15,23,6
206,11,Des Moines,2023,August,"$ 2,169.86",9,14,7
219,11,Des Moines,2023,August,"$ 2,079.80",12,20,8
109,11,Des Moines,2023,August,"$ 2,059.92",11,18,9
115,11,Des Moines,2023,August,"$ 1,945.48",11,17,10
112,11,Des Moines,2023,September,"$ 2,866.24",16,26,1
1551,11,Des Moines,2023,September,"$ 2,529.45",7,11,2
156,11,Des Moines,2023,September,"$ 2,299.77",14,23,3
1995,11,Des Moines,2023,September,"$ 2,232.71",18,29,4
212,11,Des Moines,2023,September,"$ 2,219.80",15,20,5
152,11,Des Moines,2023,September,"$ 2,199.78",14,22,6
2008,11,Des Moines,2023,September,"$ 2,087.82",12,18,7
206,11,Des Moines,2023,September,"$ 2,014.87",8,13,8
197,11,Des Moines,2023,September,"$ 2,013.81",12,19,9
211,11,Des Moines,2023,September,"$ 2,013.81",13,19,10
1594,11,Des Moines,2023,October,"$ 3,231.00",6,9,1
206,11,Des Moines,2023,October,"$ 2,324.85",11,15,2
204,11,Des Moines,2023,October,"$ 2,141.83",13,17,3
156,11,Des Moines,2023,October,"$ 2,099.79",13,21,4
250,11,Des Moines,2023,October,"$ 2,045.78",14,22,5
177,11,Des Moines,2023,October,"$ 1,994.81",11,19,6
112,11,Des Moines,2023,October,"$ 1,874.08",12,17,7
1591,11,Des Moines,2023,October,"$ 1,859.00",6,11,8
201,11,Des Moines,2023,October,"$ 1,819.86",10,14,9
170,11,Des Moines,2023,October,"$ 1,799.80",15,20,10
206,11,Des Moines,2023,November,"$ 3,409.78",14,22,1
2008,11,Des Moines,2023,November,"$ 3,247.72",18,28,2
1601,11,Des Moines,2023,November,"$ 3,222.00",11,18,3
2007,11,Des Moines,2023,November,"$ 2,690.77",14,23,4
10,11,Des Moines,2023,November,"$ 2,232.71",17,29,5
115,11,Des Moines,2023,November,"$ 2,174.36",10,19,6
183,11,Des Moines,2023,November,"$ 2,099.79",16,21,7
201,11,Des Moines,2023,November,"$ 2,079.84",11,16,8
250,11,Des Moines,2023,November,"$ 2,045.78",14,22,9
1644,11,Des Moines,2023,November,"$ 1,937.00",8,13,10
1594,11,Des Moines,2023,December,"$ 4,308.00",7,12,1
219,11,Des Moines,2023,December,"$ 3,223.69",18,31,2
2006,11,Des Moines,2023,December,"$ 3,036.69",17,27,3
1552,11,Des Moines,2023,December,"$ 2,999.40",8,12,4
109,11,Des Moines,2023,December,"$ 2,861.00",16,25,5
206,11,Des Moines,2023,December,"$ 2,789.82",11,18,6
176,11,Des Moines,2023,December,"$ 2,699.73",17,27,7
201,11,Des Moines,2023,December,"$ 2,469.81",14,19,8
175,11,Des Moines,2023,December,"$ 2,464.71",17,29,9
117,11,Des Moines,2023,December,"$ 2,406.71",18,29,10
1594,11,Des Moines,2024,January,"$ 3,949.00",7,11,1
1593,11,Des Moines,2024,January,"$ 3,553.00",11,17,2
204,11,Des Moines,2024,January,"$ 2,771.78",14,22,3
1551,11,Des Moines,2024,January,"$ 2,759.40",8,12,4
1552,11,Des Moines,2024,January,"$ 2,749.45",6,11,5
212,11,Des Moines,2024,January,"$ 2,663.76",14,24,6
2006,11,Des Moines,2024,January,"$ 2,474.34",13,22,7
109,11,Des Moines,2024,January,"$ 2,288.80",13,20,8
198,11,Des Moines,2024,January,"$ 2,260.83",11,17,9
2008,11,Des Moines,2024,January,"$ 2,087.82",10,18,10
206,11,Des Moines,2024,Febuary,"$ 3,564.77",14,23,1
2012,11,Des Moines,2024,Febuary,"$ 2,339.74",16,26,2
1601,11,Des Moines,2024,Febuary,"$ 2,327.00",10,13,3
2006,11,Des Moines,2024,Febuary,"$ 2,249.40",15,20,4
1594,11,Des Moines,2024,Febuary,"$ 2,154.00",6,6,5
219,11,Des Moines,2024,Febuary,"$ 2,079.80",13,20,6
1551,11,Des Moines,2024,Febuary,"$ 2,069.55",5,9,7
212,11,Des Moines,2024,Febuary,"$ 1,997.82",13,18,8
177,11,Des Moines,2024,Febuary,"$ 1,994.81",11,19,9
197,11,Des Moines,2024,Febuary,"$ 1,907.82",11,18,10
204,11,Des Moines,2024,March,"$ 3,779.70",18,30,1
1552,11,Des Moines,2024,March,"$ 2,999.40",7,12,2
1594,11,Des Moines,2024,March,"$ 2,872.00",5,8,3
115,11,Des Moines,2024,March,"$ 2,746.56",16,24,4
162,11,Des Moines,2024,March,"$ 2,699.70",18,30,5
176,11,Des Moines,2024,March,"$ 2,599.74",14,26,6
168,11,Des Moines,2024,March,"$ 2,399.76",17,24,7
2010,11,Des Moines,2024,March,"$ 2,199.78",13,22,8
106,11,Des Moines,2024,March,"$ 2,174.36",12,19,9
112,11,Des Moines,2024,March,"$ 2,094.56",14,19,10
1551,11,Des Moines,2024,April,"$ 3,679.20",10,16,1
2011,11,Des Moines,2024,April,"$ 2,957.71",20,29,2
115,11,Des Moines,2024,April,"$ 2,517.68",14,22,3
152,11,Des Moines,2024,April,"$ 2,399.76",16,24,4
1592,11,Des Moines,2024,April,"$ 2,268.00",7,12,5
1552,11,Des Moines,2024,April,"$ 2,249.55",6,9,6
1644,11,Des Moines,2024,April,"$ 2,235.00",9,15,7
1989,11,Des Moines,2024,April,"$ 2,015.76",15,24,8
121,11,Des Moines,2024,April,"$ 1,994.79",12,21,9
1635,11,Des Moines,2024,April,"$ 1,979.89",8,11,10
1552,11,Des Moines,2024,May,"$ 3,999.20",10,16,1
197,11,Des Moines,2024,May,"$ 3,391.68",19,32,2
206,11,Des Moines,2024,May,"$ 2,634.83",11,17,3
242,11,Des Moines,2024,May,"$ 2,529.77",16,23,4
204,11,Des Moines,2024,May,"$ 2,519.80",13,20,5
1601,11,Des Moines,2024,May,"$ 2,506.00",10,14,6
1635,11,Des Moines,2024,May,"$ 2,159.88",8,12,7
154,11,Des Moines,2024,May,"$ 2,159.73",15,27,8
173,11,Des Moines,2024,May,"$ 2,087.82",13,18,9
1551,11,Des Moines,2024,May,"$ 2,069.55",6,9,10
206,11,Des Moines,2024,June,"$ 3,564.77",15,23,1
1594,11,Des Moines,2024,June,"$ 3,231.00",5,9,2
198,11,Des Moines,2024,June,"$ 2,393.82",12,18,3
112,11,Des Moines,2024,June,"$ 2,204.80",12,20,4
164,11,Des Moines,2024,June,"$ 1,999.75",15,25,5
1552,11,Des Moines,2024,June,"$ 1,999.60",4,8,6
1592,11,Des Moines,2024,June,"$ 1,890.00",7,10,7
204,11,Des Moines,2024,June,"$ 1,889.85",9,15,8
1591,11,Des Moines,2024,June,"$ 1,859.00",7,11,9
1551,11,Des Moines,2024,June,"$ 1,839.60",5,8,10
206,11,Des Moines,2024,July,"$ 3,409.78",14,22,1
1591,11,Des Moines,2024,July,"$ 2,535.00",9,15,2
1596,11,Des Moines,2024,July,"$ 2,519.86",9,14,3
1593,11,Des Moines,2024,July,"$ 2,508.00",8,12,4
201,11,Des Moines,2024,July,"$ 2,469.81",12,19,5
67,11,Des Moines,2024,July,"$ 2,189.70",21,30,6
2002,11,Des Moines,2024,July,"$ 2,157.74",16,26,7
181,11,Des Moines,2024,July,"$ 2,111.78",15,22,8
121,11,Des Moines,2024,July,"$ 2,089.78",14,22,9
1551,11,Des Moines,2024,July,"$ 2,069.55",5,9,10
1551,11,Des Moines,2024,August,"$ 2,759.40",8,12,1
198,11,Des Moines,2024,August,"$ 2,526.81",14,19,2
204,11,Des Moines,2024,August,"$ 2,519.80",13,20,3
1572,11,Des Moines,2024,August,"$ 2,327.00",8,13,4
179,11,Des Moines,2024,August,"$ 2,207.77",14,23,5
197,11,Des Moines,2024,August,"$ 2,119.80",11,20,6
1593,11,Des Moines,2024,August,"$ 2,090.00",8,10,7
201,11,Des Moines,2024,August,"$ 2,079.84",11,16,8
137,11,Des Moines,2024,August,"$ 2,069.77",15,23,9
106,11,Des Moines,2024,August,"$ 2,059.92",12,18,10
201,11,Des Moines,2024,September,"$ 2,729.79",13,21,1
115,11,Des Moines,2024,September,"$ 2,517.68",15,22,2
1594,11,Des Moines,2024,September,"$ 2,513.00",4,7,3
197,11,Des Moines,2024,September,"$ 2,331.78",15,22,4
2008,11,Des Moines,2024,September,"$ 2,319.80",13,20,5
1635,11,Des Moines,2024,September,"$ 2,159.88",6,12,6
217,11,Des Moines,2024,September,"$ 2,159.73",16,27,7
149,11,Des Moines,2024,September,"$ 1,999.84",12,16,8
265,11,Des Moines,2024,September,"$ 1,999.80",13,20,9
177,11,Des Moines,2024,September,"$ 1,994.81",13,19,10
206,11,Des Moines,2024,October,"$ 2,324.85",9,15,1
198,11,Des Moines,2024,October,"$ 2,127.84",10,16,2
177,11,Des Moines,2024,October,"$ 2,099.80",12,20,3
106,11,Des Moines,2024,October,"$ 2,059.92",11,18,4
197,11,Des Moines,2024,October,"$ 1,907.82",10,18,5
1592,11,Des Moines,2024,October,"$ 1,890.00",6,10,6
1591,11,Des Moines,2024,October,"$ 1,859.00",8,11,7
115,11,Des Moines,2024,October,"$ 1,831.04",10,16,8
211,11,Des Moines,2024,October,"$ 1,801.83",10,17,9
1594,11,Des Moines,2024,October,"$ 1,795.00",3,5,10
1551,11,Des Moines,2024,November,"$ 2,529.45",7,11,1
1593,11,Des Moines,2024,November,"$ 2,508.00",9,12,2
1601,11,Des Moines,2024,November,"$ 2,327.00",8,13,3
197,11,Des Moines,2024,November,"$ 2,225.79",13,21,4
115,11,Des Moines,2024,November,"$ 2,059.92",13,18,5
1552,11,Des Moines,2024,November,"$ 1,999.60",5,8,6
2010,11,Des Moines,2024,November,"$ 1,899.81",13,19,7
221,11,Des Moines,2024,November,"$ 1,899.75",16,25,8
131,11,Des Moines,2024,November,"$ 1,839.77",15,23,9
109,11,Des Moines,2024,November,"$ 1,831.04",11,16,10
109,11,Des Moines,2024,December,"$ 3,433.20",19,30,1
1595,11,Des Moines,2024,December,"$ 2,999.80",12,20,2
176,11,Des Moines,2024,December,"$ 2,899.71",20,29,3
106,11,Des Moines,2024,December,"$ 2,861.00",17,25,4
112,11,Des Moines,2024,December,"$ 2,756.00",17,25,5
197,11,Des Moines,2024,December,"$ 2,755.74",17,26,6
1552,11,Des Moines,2024,December,"$ 2,749.45",7,11,7
149,11,Des Moines,2024,December,"$ 2,624.79",13,21,8
1583,11,Des Moines,2024,December,"$ 2,618.00",13,22,9
172,11,Des Moines,2024,December,"$ 2,564.73",16,27,10
149,12,Owensboro,2019,January,"$ 3,374.73",19,27,1
1551,12,Owensboro,2019,January,"$ 3,219.30",11,14,2
176,12,Owensboro,2019,January,"$ 2,799.72",17,28,3
201,12,Owensboro,2019,January,"$ 2,599.80",12,20,4
1594,12,Owensboro,2019,January,"$ 2,513.00",4,7,5
200,12,Owensboro,2019,January,"$ 2,377.71",19,29,6
1634,12,Owensboro,2019,January,"$ 2,249.85",10,15,7
1596,12,Owensboro,2019,January,"$ 2,159.88",7,12,8
4,12,Owensboro,2019,January,"$ 2,039.52",17,24,9
14,12,Owensboro,2019,January,"$ 2,039.52",15,24,10
1594,12,Owensboro,2019,Febuary,"$ 3,231.00",6,9,1
3,12,Owensboro,2019,Febuary,"$ 2,719.36",20,32,2
173,12,Owensboro,2019,Febuary,"$ 2,667.77",17,23,3
1572,12,Owensboro,2019,Febuary,"$ 2,327.00",9,13,4
125,12,Owensboro,2019,Febuary,"$ 2,184.77",13,23,5
2006,12,Owensboro,2019,Febuary,"$ 2,136.93",11,19,6
1593,12,Owensboro,2019,Febuary,"$ 2,090.00",7,10,7
106,12,Owensboro,2019,Febuary,"$ 1,945.48",12,17,8
2009,12,Owensboro,2019,Febuary,"$ 1,899.81",11,19,9
204,12,Owensboro,2019,Febuary,"$ 1,889.85",11,15,10
1594,12,Owensboro,2019,March,"$ 3,590.00",7,10,1
206,12,Owensboro,2019,March,"$ 2,789.82",10,18,2
1645,12,Owensboro,2019,March,"$ 2,685.00",9,15,3
2010,12,Owensboro,2019,March,"$ 2,399.76",15,24,4
212,12,Owensboro,2019,March,"$ 2,219.80",12,20,5
185,12,Owensboro,2019,March,"$ 2,199.80",14,20,6
2007,12,Owensboro,2019,March,"$ 1,988.83",11,17,7
3,12,Owensboro,2019,March,"$ 1,954.54",14,23,8
1999,12,Owensboro,2019,March,"$ 1,919.76",16,24,9
1593,12,Owensboro,2019,March,"$ 1,881.00",5,9,10
185,12,Owensboro,2019,April,"$ 3,079.72",16,28,1
1551,12,Owensboro,2019,April,"$ 2,989.35",9,13,2
198,12,Owensboro,2019,April,"$ 2,526.81",10,19,3
1594,12,Owensboro,2019,April,"$ 2,513.00",4,7,4
1552,12,Owensboro,2019,April,"$ 2,499.50",7,10,5
129,12,Owensboro,2019,April,"$ 2,319.71",17,29,6
1593,12,Owensboro,2019,April,"$ 2,299.00",8,11,7
106,12,Owensboro,2019,April,"$ 2,174.36",13,19,8
2008,12,Owensboro,2019,April,"$ 2,087.82",12,18,9
250,12,Owensboro,2019,April,"$ 2,045.78",14,22,10
1552,12,Owensboro,2019,May,"$ 3,499.30",8,14,1
1592,12,Owensboro,2019,May,"$ 2,646.00",8,14,2
158,12,Owensboro,2019,May,"$ 2,519.72",16,28,3
1593,12,Owensboro,2019,May,"$ 2,508.00",8,12,4
1595,12,Owensboro,2019,May,"$ 2,399.84",10,16,5
206,12,Owensboro,2019,May,"$ 2,324.85",9,15,6
149,12,Owensboro,2019,May,"$ 2,249.82",11,18,7
2007,12,Owensboro,2019,May,"$ 2,105.82",11,18,8
109,12,Owensboro,2019,May,"$ 2,059.92",12,18,9
254,12,Owensboro,2019,May,"$ 2,045.78",14,22,10
1594,12,Owensboro,2019,June,"$ 3,590.00",7,10,1
106,12,Owensboro,2019,June,"$ 2,861.00",15,25,2
206,12,Owensboro,2019,June,"$ 2,789.82",11,18,3
2006,12,Owensboro,2019,June,"$ 2,474.34",15,22,4
109,12,Owensboro,2019,June,"$ 2,403.24",12,21,5
204,12,Owensboro,2019,June,"$ 2,393.81",14,19,6
179,12,Owensboro,2019,June,"$ 2,111.78",14,22,7
181,12,Owensboro,2019,June,"$ 1,919.80",13,20,8
121,12,Owensboro,2019,June,"$ 1,899.80",14,20,9
2011,12,Owensboro,2019,June,"$ 1,835.82",13,18,10
1594,12,Owensboro,2019,July,"$ 3,231.00",5,9,1
1552,12,Owensboro,2019,July,"$ 2,999.40",7,12,2
2011,12,Owensboro,2019,July,"$ 2,651.74",14,26,3
183,12,Owensboro,2019,July,"$ 2,399.76",15,24,4
1596,12,Owensboro,2019,July,"$ 2,339.87",8,13,5
1551,12,Owensboro,2019,July,"$ 2,299.50",8,10,6
1601,12,Owensboro,2019,July,"$ 2,148.00",7,12,7
106,12,Owensboro,2019,July,"$ 2,059.92",11,18,8
185,12,Owensboro,2019,July,"$ 1,979.82",11,18,9
1595,12,Owensboro,2019,July,"$ 1,949.87",8,13,10
1594,12,Owensboro,2019,August,"$ 2,872.00",5,8,1
219,12,Owensboro,2019,August,"$ 2,391.77",13,23,2
185,12,Owensboro,2019,August,"$ 2,309.79",12,21,3
198,12,Owensboro,2019,August,"$ 2,260.83",10,17,4
176,12,Owensboro,2019,August,"$ 2,199.78",14,22,5
206,12,Owensboro,2019,August,"$ 2,169.86",8,14,6
1596,12,Owensboro,2019,August,"$ 2,159.88",8,12,7
2000,12,Owensboro,2019,August,"$ 2,079.74",20,26,8
1551,12,Owensboro,2019,August,"$ 2,069.55",7,9,9
242,12,Owensboro,2019,August,"$ 1,979.82",11,18,10
1594,12,Owensboro,2019,September,"$ 2,872.00",6,8,1
212,12,Owensboro,2019,September,"$ 2,219.80",11,20,2
168,12,Owensboro,2019,September,"$ 2,199.78",13,22,3
106,12,Owensboro,2019,September,"$ 2,174.36",11,19,4
271,12,Owensboro,2019,September,"$ 2,069.77",15,23,5
1988,12,Owensboro,2019,September,"$ 2,049.75",17,25,6
109,12,Owensboro,2019,September,"$ 1,945.48",11,17,7
119,12,Owensboro,2019,September,"$ 1,889.80",12,20,8
149,12,Owensboro,2019,September,"$ 1,874.85",11,15,9
3,12,Owensboro,2019,September,"$ 1,869.56",14,22,10
1594,12,Owensboro,2019,October,"$ 2,872.00",5,8,1
2007,12,Owensboro,2019,October,"$ 2,573.78",16,22,2
197,12,Owensboro,2019,October,"$ 2,225.79",13,21,3
2012,12,Owensboro,2019,October,"$ 2,069.77",13,23,4
198,12,Owensboro,2019,October,"$ 1,994.85",10,15,5
219,12,Owensboro,2019,October,"$ 1,975.81",11,19,6
1570,12,Owensboro,2019,October,"$ 1,946.00",7,14,7
121,12,Owensboro,2019,October,"$ 1,899.80",12,20,8
119,12,Owensboro,2019,October,"$ 1,889.80",12,20,9
149,12,Owensboro,2019,October,"$ 1,874.85",11,15,10
204,12,Owensboro,2019,November,"$ 2,645.79",12,21,1
1591,12,Owensboro,2019,November,"$ 2,197.00",8,13,2
212,12,Owensboro,2019,November,"$ 2,108.81",13,19,3
1593,12,Owensboro,2019,November,"$ 2,090.00",5,10,4
1552,12,Owensboro,2019,November,"$ 1,999.60",4,8,5
183,12,Owensboro,2019,November,"$ 1,899.81",12,19,6
152,12,Owensboro,2019,November,"$ 1,899.81",11,19,7
2008,12,Owensboro,2019,November,"$ 1,855.84",11,16,8
217,12,Owensboro,2019,November,"$ 1,839.77",12,23,9
1551,12,Owensboro,2019,November,"$ 1,839.60",5,8,10
1552,12,Owensboro,2019,December,"$ 3,499.30",9,14,1
1592,12,Owensboro,2019,December,"$ 2,835.00",9,15,2
1601,12,Owensboro,2019,December,"$ 2,685.00",11,15,3
106,12,Owensboro,2019,December,"$ 2,632.12",13,23,4
183,12,Owensboro,2019,December,"$ 2,599.74",16,26,5
2006,12,Owensboro,2019,December,"$ 2,474.34",14,22,6
2008,12,Owensboro,2019,December,"$ 2,435.79",14,21,7
2012,12,Owensboro,2019,December,"$ 2,429.73",16,27,8
1574,12,Owensboro,2019,December,"$ 2,419.78",14,22,9
219,12,Owensboro,2019,December,"$ 2,391.77",17,23,10
1552,12,Owensboro,2020,January,"$ 4,249.15",12,17,1
2014,12,Owensboro,2020,January,"$ 2,889.66",21,34,2
149,12,Owensboro,2020,January,"$ 2,874.77",15,23,3
112,12,Owensboro,2020,January,"$ 2,535.52",14,23,4
219,12,Owensboro,2020,January,"$ 2,495.76",15,24,5
197,12,Owensboro,2020,January,"$ 2,437.77",13,23,6
1595,12,Owensboro,2020,January,"$ 2,399.84",10,16,7
121,12,Owensboro,2020,January,"$ 2,374.75",17,25,8
109,12,Owensboro,2020,January,"$ 2,288.80",13,20,9
204,12,Owensboro,2020,January,"$ 2,267.82",12,18,10
1594,12,Owensboro,2020,Febuary,"$ 3,949.00",7,11,1
1552,12,Owensboro,2020,Febuary,"$ 3,249.35",9,13,2
198,12,Owensboro,2020,Febuary,"$ 2,659.80",13,20,3
121,12,Owensboro,2020,Febuary,"$ 2,659.72",17,28,4
206,12,Owensboro,2020,Febuary,"$ 2,634.83",11,17,5
18,12,Owensboro,2020,Febuary,"$ 2,464.42",21,29,6
149,12,Owensboro,2020,Febuary,"$ 2,374.81",11,19,7
201,12,Owensboro,2020,Febuary,"$ 2,209.83",11,17,8
1626,12,Owensboro,2020,Febuary,"$ 2,191.20",10,16,9
109,12,Owensboro,2020,Febuary,"$ 2,174.36",12,19,10
2007,12,Owensboro,2020,March,"$ 3,626.69",19,31,1
206,12,Owensboro,2020,March,"$ 3,099.80",12,20,2
129,12,Owensboro,2020,March,"$ 2,959.63",21,37,3
1594,12,Owensboro,2020,March,"$ 2,872.00",6,8,4
198,12,Owensboro,2020,March,"$ 2,792.79",14,21,5
201,12,Owensboro,2020,March,"$ 2,469.81",13,19,6
211,12,Owensboro,2020,March,"$ 2,437.77",17,23,7
115,12,Owensboro,2020,March,"$ 2,403.24",16,21,8
2006,12,Owensboro,2020,March,"$ 2,361.87",13,21,9
2010,12,Owensboro,2020,March,"$ 2,299.77",16,23,10
149,12,Owensboro,2020,April,"$ 3,249.74",17,26,1
211,12,Owensboro,2020,April,"$ 3,073.71",18,29,2
1594,12,Owensboro,2020,April,"$ 2,872.00",5,8,3
158,12,Owensboro,2020,April,"$ 2,699.70",17,30,4
1592,12,Owensboro,2020,April,"$ 2,646.00",9,14,5
173,12,Owensboro,2020,April,"$ 2,551.78",14,22,6
1593,12,Owensboro,2020,April,"$ 2,508.00",7,12,7
106,12,Owensboro,2020,April,"$ 2,403.24",15,21,8
115,12,Owensboro,2020,April,"$ 2,403.24",16,21,9
156,12,Owensboro,2020,April,"$ 2,399.76",15,24,10
206,12,Owensboro,2020,May,"$ 2,789.82",11,18,1
176,12,Owensboro,2020,May,"$ 2,699.73",19,27,2
1552,12,Owensboro,2020,May,"$ 2,499.50",7,10,3
181,12,Owensboro,2020,May,"$ 2,495.74",17,26,4
2008,12,Owensboro,2020,May,"$ 2,435.79",12,21,5
198,12,Owensboro,2020,May,"$ 2,393.82",14,18,6
1596,12,Owensboro,2020,May,"$ 2,339.87",8,13,7
115,12,Owensboro,2020,May,"$ 2,174.36",12,19,8
1594,12,Owensboro,2020,May,"$ 2,154.00",4,6,9
221,12,Owensboro,2020,May,"$ 2,127.72",17,28,10
201,12,Owensboro,2020,June,"$ 2,729.79",12,21,1
1596,12,Owensboro,2020,June,"$ 2,699.85",9,15,2
1645,12,Owensboro,2020,June,"$ 2,685.00",8,15,3
1551,12,Owensboro,2020,June,"$ 2,529.45",7,11,4
115,12,Owensboro,2020,June,"$ 2,517.68",14,22,5
185,12,Owensboro,2020,June,"$ 2,419.78",14,22,6
156,12,Owensboro,2020,June,"$ 2,399.76",14,24,7
2008,12,Owensboro,2020,June,"$ 2,319.80",13,20,8
219,12,Owensboro,2020,June,"$ 2,287.78",13,22,9
1592,12,Owensboro,2020,June,"$ 2,268.00",8,12,10
1594,12,Owensboro,2020,July,"$ 3,949.00",7,11,1
198,12,Owensboro,2020,July,"$ 3,058.77",14,23,2
1593,12,Owensboro,2020,July,"$ 2,717.00",8,13,3
109,12,Owensboro,2020,July,"$ 2,517.68",14,22,4
149,12,Owensboro,2020,July,"$ 2,499.80",12,20,5
15,12,Owensboro,2020,July,"$ 2,464.42",21,29,6
1996,12,Owensboro,2020,July,"$ 2,463.68",20,32,7
212,12,Owensboro,2020,July,"$ 2,441.78",15,22,8
204,12,Owensboro,2020,July,"$ 2,393.81",13,19,9
13,12,Owensboro,2020,July,"$ 2,379.44",19,28,10
1592,12,Owensboro,2020,August,"$ 2,835.00",11,15,1
179,12,Owensboro,2020,August,"$ 2,783.71",18,29,2
1644,12,Owensboro,2020,August,"$ 2,682.00",11,18,3
1606,12,Owensboro,2020,August,"$ 2,599.80",13,20,4
204,12,Owensboro,2020,August,"$ 2,519.80",13,20,5
137,12,Owensboro,2020,August,"$ 2,519.72",17,28,6
2000,12,Owensboro,2020,August,"$ 2,479.69",19,31,7
183,12,Owensboro,2020,August,"$ 2,399.76",14,24,8
198,12,Owensboro,2020,August,"$ 2,393.82",10,18,9
76,12,Owensboro,2020,August,"$ 2,379.65",22,35,10
206,12,Owensboro,2020,September,"$ 4,494.71",17,29,1
106,12,Owensboro,2020,September,"$ 3,089.88",19,27,2
1551,12,Owensboro,2020,September,"$ 2,759.40",7,12,3
242,12,Owensboro,2020,September,"$ 2,749.75",17,25,4
212,12,Owensboro,2020,September,"$ 2,552.77",13,23,5
198,12,Owensboro,2020,September,"$ 2,526.81",10,19,6
149,12,Owensboro,2020,September,"$ 2,499.80",13,20,7
201,12,Owensboro,2020,September,"$ 2,469.81",13,19,8
1596,12,Owensboro,2020,September,"$ 2,339.87",8,13,9
1571,12,Owensboro,2020,September,"$ 2,226.00",9,14,10
1594,12,Owensboro,2020,October,"$ 5,385.00",11,15,1
1552,12,Owensboro,2020,October,"$ 3,499.30",9,14,2
115,12,Owensboro,2020,October,"$ 3,433.20",19,30,3
112,12,Owensboro,2020,October,"$ 3,086.72",16,28,4
1634,12,Owensboro,2020,October,"$ 2,849.81",12,19,5
177,12,Owensboro,2020,October,"$ 2,834.73",19,27,6
206,12,Owensboro,2020,October,"$ 2,789.82",11,18,7
1635,12,Owensboro,2020,October,"$ 2,699.85",9,15,8
1592,12,Owensboro,2020,October,"$ 2,646.00",9,14,9
149,12,Owensboro,2020,October,"$ 2,624.79",13,21,10
201,12,Owensboro,2020,November,"$ 4,679.64",24,36,1
1552,12,Owensboro,2020,November,"$ 4,499.10",11,18,2
1596,12,Owensboro,2020,November,"$ 3,419.81",12,19,3
206,12,Owensboro,2020,November,"$ 3,254.79",13,21,4
112,12,Owensboro,2020,November,"$ 2,756.00",16,25,5
106,12,Owensboro,2020,November,"$ 2,746.56",16,24,6
1592,12,Owensboro,2020,November,"$ 2,646.00",9,14,7
115,12,Owensboro,2020,November,"$ 2,632.12",13,23,8
135,12,Owensboro,2020,November,"$ 2,580.71",20,29,9
170,12,Owensboro,2020,November,"$ 2,339.74",16,26,10
1594,12,Owensboro,2020,December,"$ 3,949.00",7,11,1
201,12,Owensboro,2020,December,"$ 2,859.78",14,22,2
1992,12,Owensboro,2020,December,"$ 2,699.70",18,30,3
2006,12,Owensboro,2020,December,"$ 2,586.81",18,23,4
146,12,Owensboro,2020,December,"$ 2,544.48",21,36,5
1551,12,Owensboro,2020,December,"$ 2,529.45",7,11,6
152,12,Owensboro,2020,December,"$ 2,399.76",15,24,7
212,12,Owensboro,2020,December,"$ 2,330.79",15,21,8
1601,12,Owensboro,2020,December,"$ 2,327.00",9,13,9
2008,12,Owensboro,2020,December,"$ 2,319.80",12,20,10
1552,12,Owensboro,2021,January,"$ 3,749.25",11,15,1
206,12,Owensboro,2021,January,"$ 2,789.82",13,18,2
1551,12,Owensboro,2021,January,"$ 2,759.40",8,12,3
1594,12,Owensboro,2021,January,"$ 2,513.00",5,7,4
211,12,Owensboro,2021,January,"$ 2,331.78",14,22,5
219,12,Owensboro,2021,January,"$ 2,287.78",13,22,6
197,12,Owensboro,2021,January,"$ 2,225.79",12,21,7
173,12,Owensboro,2021,January,"$ 2,203.81",13,19,8
1645,12,Owensboro,2021,January,"$ 2,148.00",9,12,9
204,12,Owensboro,2021,January,"$ 2,015.84",10,16,10
1571,12,Owensboro,2021,Febuary,"$ 2,385.00",10,15,1
106,12,Owensboro,2021,Febuary,"$ 2,174.36",13,19,2
15,12,Owensboro,2021,Febuary,"$ 2,124.50",16,25,3
204,12,Owensboro,2021,Febuary,"$ 2,015.84",9,16,4
201,12,Owensboro,2021,Febuary,"$ 1,949.85",10,15,5
109,12,Owensboro,2021,Febuary,"$ 1,945.48",9,17,6
152,12,Owensboro,2021,Febuary,"$ 1,899.81",11,19,7
242,12,Owensboro,2021,Febuary,"$ 1,869.83",11,17,8
206,12,Owensboro,2021,Febuary,"$ 1,859.88",7,12,9
156,12,Owensboro,2021,Febuary,"$ 1,799.82",10,18,10
1594,12,Owensboro,2021,March,"$ 2,872.00",5,8,1
121,12,Owensboro,2021,March,"$ 2,564.73",16,27,2
162,12,Owensboro,2021,March,"$ 2,339.74",16,26,3
2007,12,Owensboro,2021,March,"$ 2,105.82",14,18,4
152,12,Owensboro,2021,March,"$ 1,999.80",14,20,5
198,12,Owensboro,2021,March,"$ 1,994.85",10,15,6
1635,12,Owensboro,2021,March,"$ 1,979.89",6,11,7
1572,12,Owensboro,2021,March,"$ 1,969.00",7,11,8
217,12,Owensboro,2021,March,"$ 1,839.77",16,23,9
197,12,Owensboro,2021,March,"$ 1,801.83",12,17,10
1572,12,Owensboro,2021,April,"$ 2,327.00",9,13,1
221,12,Owensboro,2021,April,"$ 2,127.72",15,28,2
112,12,Owensboro,2021,April,"$ 2,094.56",11,19,3
242,12,Owensboro,2021,April,"$ 2,089.81",11,19,4
1551,12,Owensboro,2021,April,"$ 2,069.55",5,9,5
1552,12,Owensboro,2021,April,"$ 1,999.60",5,8,6
176,12,Owensboro,2021,April,"$ 1,899.81",14,19,7
177,12,Owensboro,2021,April,"$ 1,889.82",12,18,8
2007,12,Owensboro,2021,April,"$ 1,871.84",9,16,9
1596,12,Owensboro,2021,April,"$ 1,799.90",9,10,10
162,12,Owensboro,2021,May,"$ 2,879.68",19,32,1
198,12,Owensboro,2021,May,"$ 2,659.80",13,20,2
1594,12,Owensboro,2021,May,"$ 2,513.00",4,7,3
1645,12,Owensboro,2021,May,"$ 2,506.00",9,14,4
1596,12,Owensboro,2021,May,"$ 2,159.88",10,12,5
271,12,Owensboro,2021,May,"$ 2,159.76",14,24,6
1635,12,Owensboro,2021,May,"$ 1,979.89",8,11,7
254,12,Owensboro,2021,May,"$ 1,952.79",12,21,8
14,12,Owensboro,2021,May,"$ 1,869.56",13,22,9
115,12,Owensboro,2021,May,"$ 1,831.04",10,16,10
115,12,Owensboro,2021,June,"$ 2,517.68",13,22,1
2008,12,Owensboro,2021,June,"$ 2,435.79",13,21,2
206,12,Owensboro,2021,June,"$ 2,324.85",10,15,3
149,12,Owensboro,2021,June,"$ 2,249.82",11,18,4
137,12,Owensboro,2021,June,"$ 2,159.76",16,24,5
2009,12,Owensboro,2021,June,"$ 2,099.79",12,21,6
197,12,Owensboro,2021,June,"$ 2,013.81",12,19,7
1572,12,Owensboro,2021,June,"$ 1,969.00",7,11,8
198,12,Owensboro,2021,June,"$ 1,861.86",10,14,9
173,12,Owensboro,2021,June,"$ 1,855.84",10,16,10
206,12,Owensboro,2021,July,"$ 2,634.83",9,17,1
177,12,Owensboro,2021,July,"$ 2,519.76",15,24,2
149,12,Owensboro,2021,July,"$ 2,249.82",12,18,3
1570,12,Owensboro,2021,July,"$ 2,224.00",11,16,4
1635,12,Owensboro,2021,July,"$ 2,159.88",8,12,5
204,12,Owensboro,2021,July,"$ 2,015.84",10,16,6
152,12,Owensboro,2021,July,"$ 1,999.80",12,20,7
154,12,Owensboro,2021,July,"$ 1,999.75",16,25,8
121,12,Owensboro,2021,July,"$ 1,994.79",13,21,9
254,12,Owensboro,2021,July,"$ 1,952.79",12,21,10
1552,12,Owensboro,2021,August,"$ 3,249.35",9,13,1
1571,12,Owensboro,2021,August,"$ 2,544.00",12,16,2
112,12,Owensboro,2021,August,"$ 2,315.04",12,21,3
198,12,Owensboro,2021,August,"$ 2,260.83",11,17,4
185,12,Owensboro,2021,August,"$ 2,199.80",15,20,5
206,12,Owensboro,2021,August,"$ 2,169.86",11,14,6
1645,12,Owensboro,2021,August,"$ 2,148.00",7,12,7
204,12,Owensboro,2021,August,"$ 2,015.84",10,16,8
176,12,Owensboro,2021,August,"$ 1,999.80",14,20,9
1999,12,Owensboro,2021,August,"$ 1,999.75",15,25,10
1552,12,Owensboro,2021,September,"$ 3,249.35",7,13,1
1594,12,Owensboro,2021,September,"$ 3,231.00",8,9,2
1593,12,Owensboro,2021,September,"$ 2,926.00",8,14,3
106,12,Owensboro,2021,September,"$ 2,746.56",16,24,4
212,12,Owensboro,2021,September,"$ 2,441.78",14,22,5
204,12,Owensboro,2021,September,"$ 2,393.81",13,19,6
211,12,Owensboro,2021,September,"$ 2,331.78",13,22,7
183,12,Owensboro,2021,September,"$ 2,299.77",14,23,8
1592,12,Owensboro,2021,September,"$ 2,268.00",9,12,9
109,12,Owensboro,2021,September,"$ 2,059.92",11,18,10
1594,12,Owensboro,2021,October,"$ 3,590.00",7,10,1
2006,12,Owensboro,2021,October,"$ 2,474.34",13,22,2
1595,12,Owensboro,2021,October,"$ 2,399.84",11,16,3
4,12,Owensboro,2021,October,"$ 2,294.46",15,27,4
172,12,Owensboro,2021,October,"$ 2,279.76",16,24,5
1634,12,Owensboro,2021,October,"$ 2,249.85",8,15,6
112,12,Owensboro,2021,October,"$ 2,204.80",13,20,7
271,12,Owensboro,2021,October,"$ 2,159.76",15,24,8
152,12,Owensboro,2021,October,"$ 2,099.79",12,21,9
206,12,Owensboro,2021,October,"$ 2,014.87",11,13,10
1594,12,Owensboro,2021,November,"$ 4,308.00",6,12,1
206,12,Owensboro,2021,November,"$ 3,409.78",14,22,2
106,12,Owensboro,2021,November,"$ 2,288.80",15,20,3
109,12,Owensboro,2021,November,"$ 2,174.36",13,19,4
1596,12,Owensboro,2021,November,"$ 2,159.88",7,12,5
204,12,Owensboro,2021,November,"$ 2,141.83",9,17,6
254,12,Owensboro,2021,November,"$ 2,138.77",15,23,7
2007,12,Owensboro,2021,November,"$ 2,105.82",12,18,8
1992,12,Owensboro,2021,November,"$ 2,069.77",16,23,9
185,12,Owensboro,2021,November,"$ 1,979.82",11,18,10
1596,12,Owensboro,2021,December,"$ 5,039.72",16,28,1
1594,12,Owensboro,2021,December,"$ 4,667.00",8,13,2
1592,12,Owensboro,2021,December,"$ 3,591.00",12,19,3
206,12,Owensboro,2021,December,"$ 3,254.79",15,21,4
1552,12,Owensboro,2021,December,"$ 2,999.40",9,12,5
242,12,Owensboro,2021,December,"$ 2,859.74",17,26,6
2010,12,Owensboro,2021,December,"$ 2,799.72",19,28,7
179,12,Owensboro,2021,December,"$ 2,687.72",18,28,8
212,12,Owensboro,2021,December,"$ 2,663.76",15,24,9
109,12,Owensboro,2021,December,"$ 2,632.12",14,23,10
242,12,Owensboro,2022,January,"$ 3,189.71",19,29,1
204,12,Owensboro,2022,January,"$ 3,149.75",17,25,2
219,12,Owensboro,2022,January,"$ 3,015.71",18,29,3
201,12,Owensboro,2022,January,"$ 2,729.79",15,21,4
251,12,Owensboro,2022,January,"$ 2,324.75",16,25,5
173,12,Owensboro,2022,January,"$ 2,319.80",13,20,6
265,12,Owensboro,2022,January,"$ 2,199.78",13,22,7
213,12,Owensboro,2022,January,"$ 2,169.69",20,31,8
1996,12,Owensboro,2022,January,"$ 2,155.72",16,28,9
1551,12,Owensboro,2022,January,"$ 2,069.55",6,9,10
109,12,Owensboro,2022,Febuary,"$ 2,861.00",15,25,1
198,12,Owensboro,2022,Febuary,"$ 2,393.82",9,18,2
246,12,Owensboro,2022,Febuary,"$ 2,249.75",17,25,3
1594,12,Owensboro,2022,Febuary,"$ 2,154.00",4,6,4
219,12,Owensboro,2022,Febuary,"$ 2,079.80",14,20,5
1583,12,Owensboro,2022,Febuary,"$ 2,023.00",11,17,6
206,12,Owensboro,2022,Febuary,"$ 2,014.87",10,13,7
1601,12,Owensboro,2022,Febuary,"$ 1,969.00",7,11,8
2007,12,Owensboro,2022,Febuary,"$ 1,871.84",12,16,9
247,12,Owensboro,2022,Febuary,"$ 1,799.80",13,20,10
168,12,Owensboro,2022,March,"$ 2,499.75",16,25,1
201,12,Owensboro,2022,March,"$ 2,339.82",14,18,2
211,12,Owensboro,2022,March,"$ 2,225.79",12,21,3
170,12,Owensboro,2022,March,"$ 2,159.76",13,24,4
2003,12,Owensboro,2022,March,"$ 2,157.74",16,26,5
1594,12,Owensboro,2022,March,"$ 2,154.00",4,6,6
1593,12,Owensboro,2022,March,"$ 2,090.00",6,10,7
1596,12,Owensboro,2022,March,"$ 1,979.89",8,11,8
172,12,Owensboro,2022,March,"$ 1,899.80",12,20,9
262,12,Owensboro,2022,March,"$ 1,869.78",12,22,10
1552,12,Owensboro,2022,April,"$ 3,999.20",10,16,1
212,12,Owensboro,2022,April,"$ 2,774.75",16,25,2
201,12,Owensboro,2022,April,"$ 2,599.80",13,20,3
1591,12,Owensboro,2022,April,"$ 2,535.00",9,15,4
206,12,Owensboro,2022,April,"$ 2,479.84",9,16,5
115,12,Owensboro,2022,April,"$ 2,403.24",13,21,6
181,12,Owensboro,2022,April,"$ 2,399.75",15,25,7
197,12,Owensboro,2022,April,"$ 2,225.79",14,21,8
17,12,Owensboro,2022,April,"$ 2,209.48",15,26,9
242,12,Owensboro,2022,April,"$ 2,199.80",16,20,10
1551,12,Owensboro,2022,May,"$ 5,058.90",14,22,1
1594,12,Owensboro,2022,May,"$ 4,308.00",8,12,2
204,12,Owensboro,2022,May,"$ 2,771.78",15,22,3
1552,12,Owensboro,2022,May,"$ 2,499.50",6,10,4
254,12,Owensboro,2022,May,"$ 2,324.75",14,25,5
156,12,Owensboro,2022,May,"$ 2,299.77",15,23,6
123,12,Owensboro,2022,May,"$ 2,279.76",15,24,7
201,12,Owensboro,2022,May,"$ 2,209.83",9,17,8
206,12,Owensboro,2022,May,"$ 2,169.86",8,14,9
2007,12,Owensboro,2022,May,"$ 2,105.82",11,18,10
1644,12,Owensboro,2022,June,"$ 3,129.00",11,21,1
160,12,Owensboro,2022,June,"$ 2,609.71",18,29,2
1635,12,Owensboro,2022,June,"$ 2,519.86",9,14,3
1552,12,Owensboro,2022,June,"$ 2,499.50",7,10,4
156,12,Owensboro,2022,June,"$ 2,399.76",13,24,5
115,12,Owensboro,2022,June,"$ 2,174.36",12,19,6
1594,12,Owensboro,2022,June,"$ 2,154.00",4,6,7
198,12,Owensboro,2022,June,"$ 2,127.84",10,16,8
185,12,Owensboro,2022,June,"$ 2,089.81",11,19,9
173,12,Owensboro,2022,June,"$ 2,087.82",11,18,10
149,12,Owensboro,2022,July,"$ 2,874.77",19,23,1
1570,12,Owensboro,2022,July,"$ 2,641.00",13,19,2
2014,12,Owensboro,2022,July,"$ 2,634.69",18,31,3
1591,12,Owensboro,2022,July,"$ 2,366.00",8,14,4
185,12,Owensboro,2022,July,"$ 2,309.79",12,21,5
204,12,Owensboro,2022,July,"$ 2,267.82",12,18,6
2008,12,Owensboro,2022,July,"$ 2,203.81",10,19,7
1594,12,Owensboro,2022,July,"$ 2,154.00",4,6,8
152,12,Owensboro,2022,July,"$ 2,099.79",13,21,9
1592,12,Owensboro,2022,July,"$ 2,079.00",7,11,10
1552,12,Owensboro,2022,August,"$ 2,499.50",6,10,1
212,12,Owensboro,2022,August,"$ 2,441.78",14,22,2
115,12,Owensboro,2022,August,"$ 2,403.24",16,21,3
9,12,Owensboro,2022,August,"$ 2,309.40",20,30,4
247,12,Owensboro,2022,August,"$ 2,159.76",14,24,5
170,12,Owensboro,2022,August,"$ 2,159.76",16,24,6
1594,12,Owensboro,2022,August,"$ 2,154.00",4,6,7
2007,12,Owensboro,2022,August,"$ 2,105.82",11,18,8
2008,12,Owensboro,2022,August,"$ 2,087.82",12,18,9
10,12,Owensboro,2022,August,"$ 2,001.74",18,26,10
158,12,Owensboro,2022,September,"$ 2,609.71",21,29,1
1552,12,Owensboro,2022,September,"$ 2,499.50",7,10,2
1655,12,Owensboro,2022,September,"$ 2,379.83",10,17,3
201,12,Owensboro,2022,September,"$ 2,209.83",9,17,4
112,12,Owensboro,2022,September,"$ 2,204.80",14,20,5
185,12,Owensboro,2022,September,"$ 2,199.80",13,20,6
119,12,Owensboro,2022,September,"$ 2,173.27",14,23,7
2001,12,Owensboro,2022,September,"$ 2,079.74",17,26,8
2011,12,Owensboro,2022,September,"$ 2,039.80",12,20,9
183,12,Owensboro,2022,September,"$ 1,999.80",13,20,10
1594,12,Owensboro,2022,October,"$ 3,231.00",5,9,1
149,12,Owensboro,2022,October,"$ 2,624.79",16,21,2
246,12,Owensboro,2022,October,"$ 2,519.72",17,28,3
2008,12,Owensboro,2022,October,"$ 2,319.80",12,20,4
92,12,Owensboro,2022,October,"$ 2,277.66",19,34,5
1592,12,Owensboro,2022,October,"$ 2,268.00",7,12,6
125,12,Owensboro,2022,October,"$ 2,184.77",14,23,7
177,12,Owensboro,2022,October,"$ 2,099.80",11,20,8
1551,12,Owensboro,2022,October,"$ 2,069.55",6,9,9
168,12,Owensboro,2022,October,"$ 1,999.80",11,20,10
206,12,Owensboro,2022,November,"$ 3,099.80",14,20,1
1551,12,Owensboro,2022,November,"$ 2,759.40",9,12,2
1572,12,Owensboro,2022,November,"$ 2,685.00",10,15,3
1594,12,Owensboro,2022,November,"$ 2,513.00",4,7,4
1593,12,Owensboro,2022,November,"$ 2,299.00",7,11,5
204,12,Owensboro,2022,November,"$ 2,267.82",12,18,6
152,12,Owensboro,2022,November,"$ 2,199.78",14,22,7
197,12,Owensboro,2022,November,"$ 2,119.80",13,20,8
2007,12,Owensboro,2022,November,"$ 2,105.82",13,18,9
1596,12,Owensboro,2022,November,"$ 1,979.89",6,11,10
201,12,Owensboro,2022,December,"$ 3,509.73",17,27,1
1552,12,Owensboro,2022,December,"$ 3,249.35",7,13,2
198,12,Owensboro,2022,December,"$ 2,659.80",14,20,3
206,12,Owensboro,2022,December,"$ 2,634.83",12,17,4
1594,12,Owensboro,2022,December,"$ 2,513.00",4,7,5
149,12,Owensboro,2022,December,"$ 2,374.81",12,19,6
109,12,Owensboro,2022,December,"$ 2,174.36",14,19,7
1645,12,Owensboro,2022,December,"$ 2,148.00",8,12,8
1595,12,Owensboro,2022,December,"$ 2,099.86",8,14,9
219,12,Owensboro,2022,December,"$ 2,079.80",15,20,10
1552,12,Owensboro,2023,January,"$ 3,749.25",9,15,1
1635,12,Owensboro,2023,January,"$ 3,059.83",10,17,2
2007,12,Owensboro,2023,January,"$ 2,690.77",15,23,3
198,12,Owensboro,2023,January,"$ 2,127.84",12,16,4
254,12,Owensboro,2023,January,"$ 2,045.78",16,22,5
2010,12,Owensboro,2023,January,"$ 1,999.80",13,20,6
168,12,Owensboro,2023,January,"$ 1,999.80",15,20,7
1593,12,Owensboro,2023,January,"$ 1,881.00",8,9,8
149,12,Owensboro,2023,January,"$ 1,874.85",9,15,9
4,12,Owensboro,2023,January,"$ 1,869.56",13,22,10
206,12,Owensboro,2023,Febuary,"$ 2,944.81",13,19,1
1594,12,Owensboro,2023,Febuary,"$ 2,513.00",5,7,2
119,12,Owensboro,2023,Febuary,"$ 2,362.25",14,25,3
1572,12,Owensboro,2023,Febuary,"$ 2,148.00",9,12,4
1593,12,Owensboro,2023,Febuary,"$ 2,090.00",6,10,5
1571,12,Owensboro,2023,Febuary,"$ 2,067.00",8,13,6
115,12,Owensboro,2023,Febuary,"$ 2,059.92",11,18,7
241,12,Owensboro,2023,Febuary,"$ 1,997.73",16,27,8
158,12,Owensboro,2023,Febuary,"$ 1,979.78",12,22,9
1645,12,Owensboro,2023,Febuary,"$ 1,969.00",8,11,10
1594,12,Owensboro,2023,March,"$ 3,231.00",5,9,1
198,12,Owensboro,2023,March,"$ 2,792.79",14,21,2
149,12,Owensboro,2023,March,"$ 2,624.79",14,21,3
2007,12,Owensboro,2023,March,"$ 2,573.78",13,22,4
1593,12,Owensboro,2023,March,"$ 2,508.00",8,12,5
1592,12,Owensboro,2023,March,"$ 2,457.00",8,13,6
123,12,Owensboro,2023,March,"$ 2,279.76",18,24,7
201,12,Owensboro,2023,March,"$ 2,209.83",11,17,8
204,12,Owensboro,2023,March,"$ 2,141.83",11,17,9
1591,12,Owensboro,2023,March,"$ 2,028.00",8,12,10
1593,12,Owensboro,2023,April,"$ 3,971.00",13,19,1
204,12,Owensboro,2023,April,"$ 2,771.78",14,22,2
206,12,Owensboro,2023,April,"$ 2,479.84",9,16,3
2007,12,Owensboro,2023,April,"$ 2,339.80",12,20,4
109,12,Owensboro,2023,April,"$ 2,174.36",13,19,5
172,12,Owensboro,2023,April,"$ 1,899.80",11,20,6
170,12,Owensboro,2023,April,"$ 1,889.79",13,21,7
227,12,Owensboro,2023,April,"$ 1,885.77",14,23,8
183,12,Owensboro,2023,April,"$ 1,799.82",11,18,9
1594,12,Owensboro,2023,April,"$ 1,795.00",4,5,10
1594,12,Owensboro,2023,May,"$ 3,590.00",6,10,1
206,12,Owensboro,2023,May,"$ 2,944.81",12,19,2
2006,12,Owensboro,2023,May,"$ 2,924.22",17,26,3
1593,12,Owensboro,2023,May,"$ 2,717.00",9,13,4
1645,12,Owensboro,2023,May,"$ 2,327.00",8,13,5
250,12,Owensboro,2023,May,"$ 2,324.75",17,25,6
1552,12,Owensboro,2023,May,"$ 2,249.55",6,9,7
197,12,Owensboro,2023,May,"$ 2,225.79",16,21,8
211,12,Owensboro,2023,May,"$ 2,225.79",14,21,9
112,12,Owensboro,2023,May,"$ 2,204.80",14,20,10
1594,12,Owensboro,2023,June,"$ 3,231.00",7,9,1
206,12,Owensboro,2023,June,"$ 2,479.84",10,16,2
2003,12,Owensboro,2023,June,"$ 2,157.74",14,26,3
149,12,Owensboro,2023,June,"$ 2,124.83",12,17,4
212,12,Owensboro,2023,June,"$ 2,108.81",14,19,5
121,12,Owensboro,2023,June,"$ 2,089.78",13,22,6
168,12,Owensboro,2023,June,"$ 1,899.81",11,19,7
1634,12,Owensboro,2023,June,"$ 1,799.88",7,12,8
156,12,Owensboro,2023,June,"$ 1,799.82",10,18,9
2014,12,Owensboro,2023,June,"$ 1,784.79",14,21,10
149,12,Owensboro,2023,July,"$ 2,499.80",13,20,1
183,12,Owensboro,2023,July,"$ 2,399.76",14,24,2
219,12,Owensboro,2023,July,"$ 2,391.77",14,23,3
2014,12,Owensboro,2023,July,"$ 2,294.73",16,27,4
172,12,Owensboro,2023,July,"$ 2,279.76",16,24,5
204,12,Owensboro,2023,July,"$ 2,267.82",13,18,6
185,12,Owensboro,2023,July,"$ 2,199.80",13,20,7
206,12,Owensboro,2023,July,"$ 2,169.86",11,14,8
247,12,Owensboro,2023,July,"$ 2,159.76",16,24,9
1594,12,Owensboro,2023,July,"$ 2,154.00",5,6,10
1594,12,Owensboro,2023,August,"$ 3,590.00",7,10,1
1552,12,Owensboro,2023,August,"$ 2,999.40",7,12,2
1551,12,Owensboro,2023,August,"$ 2,989.35",8,13,3
168,12,Owensboro,2023,August,"$ 2,399.76",14,24,4
185,12,Owensboro,2023,August,"$ 2,309.79",14,21,5
2011,12,Owensboro,2023,August,"$ 2,141.79",14,21,6
1593,12,Owensboro,2023,August,"$ 2,090.00",7,10,7
1591,12,Owensboro,2023,August,"$ 2,028.00",8,12,8
2006,12,Owensboro,2023,August,"$ 2,024.46",12,18,9
179,12,Owensboro,2023,August,"$ 2,015.79",15,21,10
1594,12,Owensboro,2023,September,"$ 4,308.00",8,12,1
204,12,Owensboro,2023,September,"$ 2,645.79",13,21,2
219,12,Owensboro,2023,September,"$ 2,287.78",14,22,3
2001,12,Owensboro,2023,September,"$ 2,239.72",18,28,4
201,12,Owensboro,2023,September,"$ 2,209.83",13,17,5
1645,12,Owensboro,2023,September,"$ 2,148.00",7,12,6
211,12,Owensboro,2023,September,"$ 2,119.80",13,20,7
265,12,Owensboro,2023,September,"$ 2,099.79",15,21,8
1,12,Owensboro,2023,September,"$ 2,078.73",19,27,9
9,12,Owensboro,2023,September,"$ 2,078.46",18,27,10
1594,12,Owensboro,2023,October,"$ 5,744.00",9,16,1
1645,12,Owensboro,2023,October,"$ 2,685.00",9,15,2
185,12,Owensboro,2023,October,"$ 2,419.78",15,22,3
1584,12,Owensboro,2023,October,"$ 2,363.00",10,17,4
1635,12,Owensboro,2023,October,"$ 2,339.87",7,13,5
206,12,Owensboro,2023,October,"$ 2,324.85",10,15,6
17,12,Owensboro,2023,October,"$ 2,124.50",15,25,7
1552,12,Owensboro,2023,October,"$ 1,999.60",6,8,8
177,12,Owensboro,2023,October,"$ 1,994.81",12,19,9
2007,12,Owensboro,2023,October,"$ 1,988.83",10,17,10
185,12,Owensboro,2023,November,"$ 2,969.73",17,27,1
1594,12,Owensboro,2023,November,"$ 2,872.00",5,8,2
109,12,Owensboro,2023,November,"$ 2,746.56",15,24,3
1592,12,Owensboro,2023,November,"$ 2,646.00",8,14,4
181,12,Owensboro,2023,November,"$ 2,303.76",17,24,5
204,12,Owensboro,2023,November,"$ 2,267.82",11,18,6
1551,12,Owensboro,2023,November,"$ 2,069.55",6,9,7
115,12,Owensboro,2023,November,"$ 2,059.92",12,18,8
2008,12,Owensboro,2023,November,"$ 1,971.83",13,17,9
1571,12,Owensboro,2023,November,"$ 1,908.00",9,12,10
149,12,Owensboro,2023,December,"$ 3,499.72",19,28,1
204,12,Owensboro,2023,December,"$ 3,275.74",18,26,2
112,12,Owensboro,2023,December,"$ 3,086.72",17,28,3
1571,12,Owensboro,2023,December,"$ 3,021.00",11,19,4
1552,12,Owensboro,2023,December,"$ 2,999.40",10,12,5
1626,12,Owensboro,2023,December,"$ 2,739.00",12,20,6
1645,12,Owensboro,2023,December,"$ 2,685.00",10,15,7
185,12,Owensboro,2023,December,"$ 2,529.77",14,23,8
1596,12,Owensboro,2023,December,"$ 2,519.86",8,14,9
1594,12,Owensboro,2023,December,"$ 2,513.00",4,7,10
206,12,Owensboro,2024,January,"$ 3,409.78",15,22,1
149,12,Owensboro,2024,January,"$ 2,749.78",14,22,2
109,12,Owensboro,2024,January,"$ 2,403.24",12,21,3
173,12,Owensboro,2024,January,"$ 2,319.80",13,20,4
2006,12,Owensboro,2024,January,"$ 2,249.40",13,20,5
197,12,Owensboro,2024,January,"$ 2,225.79",13,21,6
1645,12,Owensboro,2024,January,"$ 2,148.00",7,12,7
11,12,Owensboro,2024,January,"$ 2,127.44",17,28,8
2007,12,Owensboro,2024,January,"$ 2,105.82",12,18,9
265,12,Owensboro,2024,January,"$ 2,099.79",13,21,10
206,12,Owensboro,2024,Febuary,"$ 2,789.82",12,18,1
211,12,Owensboro,2024,Febuary,"$ 2,649.75",16,25,2
198,12,Owensboro,2024,Febuary,"$ 2,393.82",10,18,3
1594,12,Owensboro,2024,Febuary,"$ 2,154.00",4,6,4
185,12,Owensboro,2024,Febuary,"$ 2,089.81",13,19,5
1552,12,Owensboro,2024,Febuary,"$ 1,999.60",5,8,6
212,12,Owensboro,2024,Febuary,"$ 1,997.82",11,18,7
1596,12,Owensboro,2024,Febuary,"$ 1,979.89",7,11,8
242,12,Owensboro,2024,Febuary,"$ 1,979.82",12,18,9
1584,12,Owensboro,2024,Febuary,"$ 1,807.00",8,13,10
109,12,Owensboro,2024,March,"$ 3,318.76",17,29,1
1551,12,Owensboro,2024,March,"$ 2,989.35",9,13,2
106,12,Owensboro,2024,March,"$ 2,975.44",16,26,3
1595,12,Owensboro,2024,March,"$ 2,399.84",11,16,4
112,12,Owensboro,2024,March,"$ 2,204.80",15,20,5
2008,12,Owensboro,2024,March,"$ 2,203.81",14,19,6
206,12,Owensboro,2024,March,"$ 2,169.86",10,14,7
246,12,Owensboro,2024,March,"$ 2,159.76",16,24,8
1594,12,Owensboro,2024,March,"$ 2,154.00",5,6,9
2011,12,Owensboro,2024,March,"$ 2,141.79",15,21,10
1594,12,Owensboro,2024,April,"$ 5,026.00",8,14,1
170,12,Owensboro,2024,April,"$ 2,609.71",19,29,2
1591,12,Owensboro,2024,April,"$ 2,535.00",11,15,3
2009,12,Owensboro,2024,April,"$ 2,399.76",17,24,4
13,12,Owensboro,2024,April,"$ 2,379.44",18,28,5
149,12,Owensboro,2024,April,"$ 2,249.82",13,18,6
173,12,Owensboro,2024,April,"$ 2,203.81",11,19,7
125,12,Owensboro,2024,April,"$ 2,184.77",13,23,8
109,12,Owensboro,2024,April,"$ 2,059.92",12,18,9
2011,12,Owensboro,2024,April,"$ 2,039.80",12,20,10
1594,12,Owensboro,2024,May,"$ 5,026.00",8,14,1
219,12,Owensboro,2024,May,"$ 2,703.74",15,26,2
265,12,Owensboro,2024,May,"$ 2,499.75",14,25,3
2011,12,Owensboro,2024,May,"$ 2,243.78",13,22,4
173,12,Owensboro,2024,May,"$ 2,203.81",12,19,5
1601,12,Owensboro,2024,May,"$ 2,148.00",7,12,6
1592,12,Owensboro,2024,May,"$ 2,079.00",6,11,7
160,12,Owensboro,2024,May,"$ 2,069.77",14,23,8
149,12,Owensboro,2024,May,"$ 1,999.84",10,16,9
2006,12,Owensboro,2024,May,"$ 1,799.52",12,16,10
1552,12,Owensboro,2024,June,"$ 2,999.40",8,12,1
115,12,Owensboro,2024,June,"$ 2,632.12",14,23,2
158,12,Owensboro,2024,June,"$ 2,429.73",18,27,3
1591,12,Owensboro,2024,June,"$ 2,366.00",8,14,4
1594,12,Owensboro,2024,June,"$ 2,154.00",4,6,5
135,12,Owensboro,2024,June,"$ 2,046.77",15,23,6
206,12,Owensboro,2024,June,"$ 2,014.87",10,13,7
177,12,Owensboro,2024,June,"$ 1,994.81",11,19,8
170,12,Owensboro,2024,June,"$ 1,979.78",14,22,9
1655,12,Owensboro,2024,June,"$ 1,959.86",8,14,10
173,12,Owensboro,2024,July,"$ 3,131.73",19,27,1
109,12,Owensboro,2024,July,"$ 2,517.68",13,22,2
176,12,Owensboro,2024,July,"$ 2,499.75",17,25,3
1552,12,Owensboro,2024,July,"$ 2,499.50",6,10,4
212,12,Owensboro,2024,July,"$ 2,441.78",13,22,5
265,12,Owensboro,2024,July,"$ 2,399.76",17,24,6
204,12,Owensboro,2024,July,"$ 2,393.81",12,19,7
242,12,Owensboro,2024,July,"$ 2,309.79",13,21,8
201,12,Owensboro,2024,July,"$ 2,209.83",12,17,9
172,12,Owensboro,2024,July,"$ 2,184.77",13,23,10
1594,12,Owensboro,2024,August,"$ 5,744.00",10,16,1
197,12,Owensboro,2024,August,"$ 2,649.75",14,25,2
1592,12,Owensboro,2024,August,"$ 2,457.00",7,13,3
206,12,Owensboro,2024,August,"$ 2,324.85",9,15,4
177,12,Owensboro,2024,August,"$ 2,309.78",13,22,5
156,12,Owensboro,2024,August,"$ 2,199.78",14,22,6
2010,12,Owensboro,2024,August,"$ 2,199.78",15,22,7
1634,12,Owensboro,2024,August,"$ 2,099.86",8,14,8
112,12,Owensboro,2024,August,"$ 2,094.56",14,19,9
1551,12,Owensboro,2024,August,"$ 2,069.55",7,9,10
1552,12,Owensboro,2024,September,"$ 3,999.20",10,16,1
185,12,Owensboro,2024,September,"$ 2,859.74",18,26,2
1635,12,Owensboro,2024,September,"$ 2,519.86",9,14,3
2009,12,Owensboro,2024,September,"$ 2,299.77",16,23,4
1595,12,Owensboro,2024,September,"$ 2,249.85",9,15,5
1995,12,Owensboro,2024,September,"$ 2,232.71",23,29,6
3,12,Owensboro,2024,September,"$ 2,209.48",15,26,7
1592,12,Owensboro,2024,September,"$ 2,079.00",8,11,8
119,12,Owensboro,2024,September,"$ 2,078.78",14,22,9
13,12,Owensboro,2024,September,"$ 2,039.52",16,24,10
1551,12,Owensboro,2024,October,"$ 4,369.05",12,19,1
1594,12,Owensboro,2024,October,"$ 3,590.00",6,10,2
1571,12,Owensboro,2024,October,"$ 3,180.00",14,20,3
206,12,Owensboro,2024,October,"$ 2,789.82",13,18,4
109,12,Owensboro,2024,October,"$ 2,403.24",13,21,5
115,12,Owensboro,2024,October,"$ 2,403.24",14,21,6
204,12,Owensboro,2024,October,"$ 2,267.82",11,18,7
156,12,Owensboro,2024,October,"$ 2,199.78",15,22,8
152,12,Owensboro,2024,October,"$ 2,099.79",12,21,9
135,12,Owensboro,2024,October,"$ 2,046.77",14,23,10
1594,12,Owensboro,2024,November,"$ 3,590.00",7,10,1
1591,12,Owensboro,2024,November,"$ 2,704.00",9,16,2
1635,12,Owensboro,2024,November,"$ 2,699.85",10,15,3
2007,12,Owensboro,2024,November,"$ 2,456.79",12,21,4
16,12,Owensboro,2024,November,"$ 2,209.48",19,26,5
265,12,Owensboro,2024,November,"$ 2,199.78",14,22,6
166,12,Owensboro,2024,November,"$ 2,159.73",16,27,7
204,12,Owensboro,2024,November,"$ 2,015.84",9,16,8
206,12,Owensboro,2024,November,"$ 2,014.87",9,13,9
1,12,Owensboro,2024,November,"$ 2,001.74",17,26,10
115,12,Owensboro,2024,December,"$ 2,861.00",15,25,1
173,12,Owensboro,2024,December,"$ 2,783.76",17,24,2
1552,12,Owensboro,2024,December,"$ 2,749.45",8,11,3
2010,12,Owensboro,2024,December,"$ 2,599.74",19,26,4
212,12,Owensboro,2024,December,"$ 2,441.78",15,22,5
185,12,Owensboro,2024,December,"$ 2,419.78",12,22,6
177,12,Owensboro,2024,December,"$ 2,414.77",15,23,7
109,12,Owensboro,2024,December,"$ 2,403.24",14,21,8
204,12,Owensboro,2024,December,"$ 2,393.81",12,19,9
201,12,Owensboro,2024,December,"$ 2,339.82",14,18,10
1552,13,Kenosha,2019,January,"$ 3,499.30",10,14,1
198,13,Kenosha,2019,January,"$ 2,526.81",11,19,2
106,13,Kenosha,2019,January,"$ 2,517.68",14,22,3
1551,13,Kenosha,2019,January,"$ 2,299.50",7,10,4
1592,13,Kenosha,2019,January,"$ 2,268.00",8,12,5
168,13,Kenosha,2019,January,"$ 2,199.78",14,22,6
129,13,Kenosha,2019,January,"$ 2,159.73",15,27,7
152,13,Kenosha,2019,January,"$ 2,099.79",13,21,8
206,13,Kenosha,2019,January,"$ 2,014.87",9,13,9
185,13,Kenosha,2019,January,"$ 1,979.82",13,18,10
168,13,Kenosha,2019,Febuary,"$ 2,199.78",14,22,1
1594,13,Kenosha,2019,Febuary,"$ 2,154.00",5,6,2
201,13,Kenosha,2019,Febuary,"$ 2,079.84",10,16,3
198,13,Kenosha,2019,Febuary,"$ 1,994.85",9,15,4
7,13,Kenosha,2019,Febuary,"$ 1,954.54",14,23,5
1571,13,Kenosha,2019,Febuary,"$ 1,908.00",8,12,6
2008,13,Kenosha,2019,Febuary,"$ 1,855.84",9,16,7
1551,13,Kenosha,2019,Febuary,"$ 1,839.60",6,8,8
204,13,Kenosha,2019,Febuary,"$ 1,763.86",10,14,9
149,13,Kenosha,2019,Febuary,"$ 1,749.86",8,14,10
1551,13,Kenosha,2019,March,"$ 3,219.30",9,14,1
149,13,Kenosha,2019,March,"$ 2,749.78",14,22,2
211,13,Kenosha,2019,March,"$ 2,543.76",14,24,3
2010,13,Kenosha,2019,March,"$ 2,499.75",15,25,4
212,13,Kenosha,2019,March,"$ 2,330.79",14,21,5
2008,13,Kenosha,2019,March,"$ 2,319.80",14,20,6
1593,13,Kenosha,2019,March,"$ 2,299.00",6,11,7
119,13,Kenosha,2019,March,"$ 2,267.76",17,24,8
2007,13,Kenosha,2019,March,"$ 2,222.81",14,19,9
1594,13,Kenosha,2019,March,"$ 2,154.00",5,6,10
1594,13,Kenosha,2019,April,"$ 5,026.00",9,14,1
204,13,Kenosha,2019,April,"$ 2,771.78",13,22,2
176,13,Kenosha,2019,April,"$ 2,399.76",15,24,3
123,13,Kenosha,2019,April,"$ 2,279.76",15,24,4
211,13,Kenosha,2019,April,"$ 2,225.79",13,21,5
173,13,Kenosha,2019,April,"$ 2,203.81",12,19,6
152,13,Kenosha,2019,April,"$ 2,199.78",14,22,7
146,13,Kenosha,2019,April,"$ 2,049.72",19,29,8
219,13,Kenosha,2019,April,"$ 1,975.81",12,19,9
1644,13,Kenosha,2019,April,"$ 1,937.00",8,13,10
206,13,Kenosha,2019,May,"$ 3,409.78",14,22,1
1594,13,Kenosha,2019,May,"$ 3,231.00",5,9,2
173,13,Kenosha,2019,May,"$ 2,783.76",14,24,3
242,13,Kenosha,2019,May,"$ 2,639.76",16,24,4
149,13,Kenosha,2019,May,"$ 2,249.82",12,18,5
201,13,Kenosha,2019,May,"$ 2,209.83",11,17,6
3,13,Kenosha,2019,May,"$ 2,039.52",15,24,7
212,13,Kenosha,2019,May,"$ 1,997.82",12,18,8
200,13,Kenosha,2019,May,"$ 1,967.76",16,24,9
241,13,Kenosha,2019,May,"$ 1,923.74",17,26,10
212,13,Kenosha,2019,June,"$ 3,107.72",19,28,1
1655,13,Kenosha,2019,June,"$ 2,519.82",11,18,2
211,13,Kenosha,2019,June,"$ 2,437.77",15,23,3
210,13,Kenosha,2019,June,"$ 2,309.67",20,33,4
185,13,Kenosha,2019,June,"$ 2,199.80",13,20,5
1572,13,Kenosha,2019,June,"$ 2,148.00",8,12,6
204,13,Kenosha,2019,June,"$ 2,141.83",10,17,7
200,13,Kenosha,2019,June,"$ 2,131.74",15,26,8
198,13,Kenosha,2019,June,"$ 2,127.84",11,16,9
1593,13,Kenosha,2019,June,"$ 2,090.00",7,10,10
1594,13,Kenosha,2019,July,"$ 2,872.00",4,8,1
201,13,Kenosha,2019,July,"$ 2,859.78",15,22,2
123,13,Kenosha,2019,July,"$ 2,564.73",16,27,3
177,13,Kenosha,2019,July,"$ 2,519.76",15,24,4
135,13,Kenosha,2019,July,"$ 2,135.76",16,24,5
1593,13,Kenosha,2019,July,"$ 2,090.00",6,10,6
265,13,Kenosha,2019,July,"$ 1,999.80",12,20,7
172,13,Kenosha,2019,July,"$ 1,994.79",13,21,8
117,13,Kenosha,2019,July,"$ 1,908.77",14,23,9
121,13,Kenosha,2019,July,"$ 1,899.80",14,20,10
1594,13,Kenosha,2019,August,"$ 3,590.00",7,10,1
1584,13,Kenosha,2019,August,"$ 2,641.00",11,19,2
197,13,Kenosha,2019,August,"$ 2,543.76",17,24,3
106,13,Kenosha,2019,August,"$ 2,517.68",13,22,4
2008,13,Kenosha,2019,August,"$ 2,435.79",15,21,5
206,13,Kenosha,2019,August,"$ 2,169.86",9,14,6
2007,13,Kenosha,2019,August,"$ 2,105.82",13,18,7
18,13,Kenosha,2019,August,"$ 2,039.52",18,24,8
109,13,Kenosha,2019,August,"$ 1,945.48",12,17,9
1593,13,Kenosha,2019,August,"$ 1,881.00",6,9,10
201,13,Kenosha,2019,September,"$ 2,859.78",14,22,1
176,13,Kenosha,2019,September,"$ 2,399.76",15,24,2
109,13,Kenosha,2019,September,"$ 2,288.80",13,20,3
1601,13,Kenosha,2019,September,"$ 2,148.00",8,12,4
211,13,Kenosha,2019,September,"$ 2,119.80",13,20,5
1995,13,Kenosha,2019,September,"$ 2,001.74",19,26,6
197,13,Kenosha,2019,September,"$ 1,907.82",10,18,7
198,13,Kenosha,2019,September,"$ 1,861.86",8,14,8
2010,13,Kenosha,2019,September,"$ 1,799.82",12,18,9
1594,13,Kenosha,2019,September,"$ 1,795.00",3,5,10
1594,13,Kenosha,2019,October,"$ 4,308.00",8,12,1
201,13,Kenosha,2019,October,"$ 2,989.77",16,23,2
115,13,Kenosha,2019,October,"$ 2,403.24",12,21,3
1635,13,Kenosha,2019,October,"$ 2,339.87",9,13,4
172,13,Kenosha,2019,October,"$ 2,279.76",13,24,5
185,13,Kenosha,2019,October,"$ 2,199.80",14,20,6
109,13,Kenosha,2019,October,"$ 2,174.36",13,19,7
206,13,Kenosha,2019,October,"$ 2,169.86",9,14,8
2011,13,Kenosha,2019,October,"$ 2,141.79",12,21,9
3,13,Kenosha,2019,October,"$ 2,124.50",17,25,10
2007,13,Kenosha,2019,November,"$ 3,392.71",18,29,1
4,13,Kenosha,2019,November,"$ 2,889.32",22,34,2
206,13,Kenosha,2019,November,"$ 2,634.83",9,17,3
1591,13,Kenosha,2019,November,"$ 2,535.00",9,15,4
201,13,Kenosha,2019,November,"$ 2,339.82",11,18,5
115,13,Kenosha,2019,November,"$ 2,174.36",11,19,6
1601,13,Kenosha,2019,November,"$ 2,148.00",8,12,7
14,13,Kenosha,2019,November,"$ 2,039.52",15,24,8
2006,13,Kenosha,2019,November,"$ 2,024.46",12,18,9
181,13,Kenosha,2019,November,"$ 2,015.79",12,21,10
1594,13,Kenosha,2019,December,"$ 6,462.00",13,18,1
197,13,Kenosha,2019,December,"$ 3,073.71",18,29,2
1592,13,Kenosha,2019,December,"$ 3,024.00",10,16,3
198,13,Kenosha,2019,December,"$ 2,925.78",15,22,4
2008,13,Kenosha,2019,December,"$ 2,899.75",17,25,5
211,13,Kenosha,2019,December,"$ 2,861.73",18,27,6
1992,13,Kenosha,2019,December,"$ 2,789.69",20,31,7
204,13,Kenosha,2019,December,"$ 2,771.78",13,22,8
106,13,Kenosha,2019,December,"$ 2,746.56",15,24,9
246,13,Kenosha,2019,December,"$ 2,699.70",17,30,10
109,13,Kenosha,2020,January,"$ 2,746.56",14,24,1
1645,13,Kenosha,2020,January,"$ 2,685.00",10,15,2
198,13,Kenosha,2020,January,"$ 2,659.80",14,20,3
204,13,Kenosha,2020,January,"$ 2,645.79",13,21,4
1635,13,Kenosha,2020,January,"$ 2,519.86",9,14,5
1593,13,Kenosha,2020,January,"$ 2,508.00",9,12,6
179,13,Kenosha,2020,January,"$ 2,495.74",17,26,7
201,13,Kenosha,2020,January,"$ 2,469.81",13,19,8
15,13,Kenosha,2020,January,"$ 2,464.42",22,29,9
1592,13,Kenosha,2020,January,"$ 2,457.00",9,13,10
1572,13,Kenosha,2020,Febuary,"$ 3,043.00",12,17,1
198,13,Kenosha,2020,Febuary,"$ 2,659.80",13,20,2
112,13,Kenosha,2020,Febuary,"$ 2,425.28",16,22,3
179,13,Kenosha,2020,Febuary,"$ 2,399.75",15,25,4
1635,13,Kenosha,2020,Febuary,"$ 2,339.87",8,13,5
160,13,Kenosha,2020,Febuary,"$ 2,249.75",16,25,6
242,13,Kenosha,2020,Febuary,"$ 2,089.81",12,19,7
173,13,Kenosha,2020,Febuary,"$ 2,087.82",12,18,8
135,13,Kenosha,2020,Febuary,"$ 2,046.77",14,23,9
176,13,Kenosha,2020,Febuary,"$ 1,999.80",13,20,10
206,13,Kenosha,2020,March,"$ 4,029.74",17,26,1
1592,13,Kenosha,2020,March,"$ 3,213.00",11,17,2
1551,13,Kenosha,2020,March,"$ 2,989.35",7,13,3
250,13,Kenosha,2020,March,"$ 2,882.69",19,31,4
2006,13,Kenosha,2020,March,"$ 2,811.75",17,25,5
198,13,Kenosha,2020,March,"$ 2,792.79",17,21,6
173,13,Kenosha,2020,March,"$ 2,667.77",14,23,7
1635,13,Kenosha,2020,March,"$ 2,519.86",8,14,8
85,13,Kenosha,2020,March,"$ 2,519.65",22,35,9
1594,13,Kenosha,2020,March,"$ 2,513.00",6,7,10
206,13,Kenosha,2020,April,"$ 3,564.77",15,23,1
2008,13,Kenosha,2020,April,"$ 2,783.76",16,24,2
1593,13,Kenosha,2020,April,"$ 2,717.00",7,13,3
201,13,Kenosha,2020,April,"$ 2,599.80",11,20,4
212,13,Kenosha,2020,April,"$ 2,552.77",12,23,5
1572,13,Kenosha,2020,April,"$ 2,148.00",7,12,6
1989,13,Kenosha,2020,April,"$ 2,099.75",15,25,7
1600,13,Kenosha,2020,April,"$ 2,086.00",10,14,8
115,13,Kenosha,2020,April,"$ 2,059.92",12,18,9
9,13,Kenosha,2020,April,"$ 2,001.48",16,26,10
1594,13,Kenosha,2020,May,"$ 3,590.00",6,10,1
1552,13,Kenosha,2020,May,"$ 2,999.40",7,12,2
1551,13,Kenosha,2020,May,"$ 2,989.35",10,13,3
1593,13,Kenosha,2020,May,"$ 2,926.00",9,14,4
172,13,Kenosha,2020,May,"$ 2,564.73",18,27,5
204,13,Kenosha,2020,May,"$ 2,519.80",15,20,6
1592,13,Kenosha,2020,May,"$ 2,457.00",8,13,7
212,13,Kenosha,2020,May,"$ 2,441.78",13,22,8
125,13,Kenosha,2020,May,"$ 2,374.75",16,25,9
1570,13,Kenosha,2020,May,"$ 2,363.00",10,17,10
1552,13,Kenosha,2020,June,"$ 3,999.20",9,16,1
206,13,Kenosha,2020,June,"$ 2,789.82",11,18,2
1551,13,Kenosha,2020,June,"$ 2,759.40",6,12,3
1593,13,Kenosha,2020,June,"$ 2,717.00",7,13,4
1571,13,Kenosha,2020,June,"$ 2,703.00",11,17,5
2009,13,Kenosha,2020,June,"$ 2,499.75",18,25,6
152,13,Kenosha,2020,June,"$ 2,399.76",15,24,7
204,13,Kenosha,2020,June,"$ 2,393.81",13,19,8
1635,13,Kenosha,2020,June,"$ 2,159.88",7,12,9
251,13,Kenosha,2020,June,"$ 2,138.77",15,23,10
109,13,Kenosha,2020,July,"$ 3,547.64",21,31,1
204,13,Kenosha,2020,July,"$ 3,527.72",19,28,2
1551,13,Kenosha,2020,July,"$ 3,449.25",9,15,3
206,13,Kenosha,2020,July,"$ 2,789.82",13,18,4
201,13,Kenosha,2020,July,"$ 2,599.80",11,20,5
2007,13,Kenosha,2020,July,"$ 2,339.80",15,20,6
211,13,Kenosha,2020,July,"$ 2,331.78",15,22,7
1645,13,Kenosha,2020,July,"$ 2,327.00",8,13,8
15,13,Kenosha,2020,July,"$ 2,294.46",19,27,9
106,13,Kenosha,2020,July,"$ 2,288.80",13,20,10
201,13,Kenosha,2020,August,"$ 3,639.72",18,28,1
149,13,Kenosha,2020,August,"$ 3,499.72",17,28,2
185,13,Kenosha,2020,August,"$ 3,189.71",17,29,3
1593,13,Kenosha,2020,August,"$ 3,135.00",10,15,4
219,13,Kenosha,2020,August,"$ 3,015.71",18,29,5
1551,13,Kenosha,2020,August,"$ 2,759.40",9,12,6
177,13,Kenosha,2020,August,"$ 2,519.76",16,24,7
271,13,Kenosha,2020,August,"$ 2,519.72",17,28,8
1995,13,Kenosha,2020,August,"$ 2,386.69",22,31,9
168,13,Kenosha,2020,August,"$ 2,299.77",15,23,10
206,13,Kenosha,2020,September,"$ 3,254.79",14,21,1
198,13,Kenosha,2020,September,"$ 3,191.76",18,24,2
112,13,Kenosha,2020,September,"$ 3,086.72",17,28,3
204,13,Kenosha,2020,September,"$ 2,897.77",15,23,4
149,13,Kenosha,2020,September,"$ 2,874.77",14,23,5
1594,13,Kenosha,2020,September,"$ 2,872.00",4,8,6
242,13,Kenosha,2020,September,"$ 2,639.76",16,24,7
212,13,Kenosha,2020,September,"$ 2,552.77",16,23,8
1591,13,Kenosha,2020,September,"$ 2,535.00",9,15,9
1571,13,Kenosha,2020,September,"$ 2,385.00",10,15,10
1596,13,Kenosha,2020,October,"$ 3,239.82",10,18,1
1593,13,Kenosha,2020,October,"$ 3,135.00",10,15,2
1600,13,Kenosha,2020,October,"$ 2,831.00",13,19,3
265,13,Kenosha,2020,October,"$ 2,799.72",19,28,4
198,13,Kenosha,2020,October,"$ 2,659.80",12,20,5
112,13,Kenosha,2020,October,"$ 2,645.76",16,24,6
2008,13,Kenosha,2020,October,"$ 2,551.78",15,22,7
131,13,Kenosha,2020,October,"$ 2,479.69",19,31,8
149,13,Kenosha,2020,October,"$ 2,374.81",12,19,9
1572,13,Kenosha,2020,October,"$ 2,327.00",9,13,10
1552,13,Kenosha,2020,November,"$ 2,749.45",7,11,1
198,13,Kenosha,2020,November,"$ 2,526.81",14,19,2
2010,13,Kenosha,2020,November,"$ 2,499.75",16,25,3
204,13,Kenosha,2020,November,"$ 2,393.81",11,19,4
247,13,Kenosha,2020,November,"$ 2,339.74",15,26,5
2007,13,Kenosha,2020,November,"$ 2,222.81",15,19,6
119,13,Kenosha,2020,November,"$ 2,173.27",13,23,7
1645,13,Kenosha,2020,November,"$ 2,148.00",7,12,8
156,13,Kenosha,2020,November,"$ 2,099.79",16,21,9
242,13,Kenosha,2020,November,"$ 2,089.81",12,19,10
1594,13,Kenosha,2020,December,"$ 5,744.00",11,16,1
149,13,Kenosha,2020,December,"$ 3,499.72",16,28,2
173,13,Kenosha,2020,December,"$ 3,131.73",17,27,3
206,13,Kenosha,2020,December,"$ 3,099.80",13,20,4
168,13,Kenosha,2020,December,"$ 2,899.71",19,29,5
198,13,Kenosha,2020,December,"$ 2,792.79",13,21,6
1552,13,Kenosha,2020,December,"$ 2,749.45",7,11,7
109,13,Kenosha,2020,December,"$ 2,746.56",16,24,8
9,13,Kenosha,2020,December,"$ 2,540.34",21,33,9
219,13,Kenosha,2020,December,"$ 2,495.76",16,24,10
1594,13,Kenosha,2021,January,"$ 3,231.00",7,9,1
204,13,Kenosha,2021,January,"$ 3,023.76",15,24,2
185,13,Kenosha,2021,January,"$ 2,859.74",16,26,3
181,13,Kenosha,2021,January,"$ 2,591.73",20,27,4
212,13,Kenosha,2021,January,"$ 2,552.77",16,23,5
2008,13,Kenosha,2021,January,"$ 2,551.78",16,22,6
198,13,Kenosha,2021,January,"$ 2,393.82",12,18,7
175,13,Kenosha,2021,January,"$ 2,379.72",17,28,8
112,13,Kenosha,2021,January,"$ 2,315.04",13,21,9
2006,13,Kenosha,2021,January,"$ 2,249.40",12,20,10
1594,13,Kenosha,2021,Febuary,"$ 3,590.00",6,10,1
242,13,Kenosha,2021,Febuary,"$ 3,299.70",16,30,2
206,13,Kenosha,2021,Febuary,"$ 2,634.83",11,17,3
2009,13,Kenosha,2021,Febuary,"$ 2,299.77",13,23,4
1552,13,Kenosha,2021,Febuary,"$ 2,249.55",7,9,5
168,13,Kenosha,2021,Febuary,"$ 2,199.78",14,22,6
1645,13,Kenosha,2021,Febuary,"$ 2,148.00",8,12,7
2007,13,Kenosha,2021,Febuary,"$ 2,105.82",11,18,8
265,13,Kenosha,2021,Febuary,"$ 2,099.79",14,21,9
115,13,Kenosha,2021,Febuary,"$ 2,059.92",12,18,10
1592,13,Kenosha,2021,March,"$ 3,591.00",12,19,1
242,13,Kenosha,2021,March,"$ 2,639.76",15,24,2
109,13,Kenosha,2021,March,"$ 2,517.68",14,22,3
1594,13,Kenosha,2021,March,"$ 2,513.00",5,7,4
219,13,Kenosha,2021,March,"$ 2,391.77",13,23,5
2000,13,Kenosha,2021,March,"$ 2,319.71",18,29,6
2007,13,Kenosha,2021,March,"$ 2,222.81",12,19,7
1593,13,Kenosha,2021,March,"$ 2,090.00",6,10,8
201,13,Kenosha,2021,March,"$ 2,079.84",10,16,9
7,13,Kenosha,2021,March,"$ 2,039.52",16,24,10
198,13,Kenosha,2021,April,"$ 3,590.73",16,27,1
1591,13,Kenosha,2021,April,"$ 2,704.00",9,16,2
162,13,Kenosha,2021,April,"$ 2,609.71",19,29,3
1601,13,Kenosha,2021,April,"$ 2,327.00",7,13,4
1594,13,Kenosha,2021,April,"$ 2,154.00",4,6,5
211,13,Kenosha,2021,April,"$ 2,013.81",15,19,6
168,13,Kenosha,2021,April,"$ 1,999.80",15,20,7
146,13,Kenosha,2021,April,"$ 1,908.36",17,27,8
2010,13,Kenosha,2021,April,"$ 1,899.81",13,19,9
125,13,Kenosha,2021,April,"$ 1,899.80",13,20,10
206,13,Kenosha,2021,May,"$ 2,789.82",12,18,1
1552,13,Kenosha,2021,May,"$ 2,499.50",7,10,2
115,13,Kenosha,2021,May,"$ 2,174.36",13,19,3
1594,13,Kenosha,2021,May,"$ 2,154.00",4,6,4
185,13,Kenosha,2021,May,"$ 2,089.81",11,19,5
265,13,Kenosha,2021,May,"$ 1,999.80",14,20,6
1601,13,Kenosha,2021,May,"$ 1,969.00",8,11,7
217,13,Kenosha,2021,May,"$ 1,919.76",16,24,8
162,13,Kenosha,2021,May,"$ 1,889.79",13,21,9
201,13,Kenosha,2021,May,"$ 1,819.86",9,14,10
2006,13,Kenosha,2021,June,"$ 2,586.81",15,23,1
1635,13,Kenosha,2021,June,"$ 2,339.87",9,13,2
115,13,Kenosha,2021,June,"$ 2,288.80",12,20,3
148,13,Kenosha,2021,June,"$ 2,249.70",20,30,4
265,13,Kenosha,2021,June,"$ 2,099.79",12,21,5
1989,13,Kenosha,2021,June,"$ 2,099.75",16,25,6
109,13,Kenosha,2021,June,"$ 2,059.92",11,18,7
2007,13,Kenosha,2021,June,"$ 1,871.84",10,16,8
201,13,Kenosha,2021,June,"$ 1,819.86",9,14,9
183,13,Kenosha,2021,June,"$ 1,799.82",10,18,10
1551,13,Kenosha,2021,July,"$ 3,449.25",9,15,1
206,13,Kenosha,2021,July,"$ 2,324.85",10,15,2
185,13,Kenosha,2021,July,"$ 2,199.80",12,20,3
1594,13,Kenosha,2021,July,"$ 2,154.00",4,6,4
125,13,Kenosha,2021,July,"$ 2,089.78",15,22,5
16,13,Kenosha,2021,July,"$ 2,039.52",14,24,6
176,13,Kenosha,2021,July,"$ 1,999.80",13,20,7
1552,13,Kenosha,2021,July,"$ 1,999.60",5,8,8
212,13,Kenosha,2021,July,"$ 1,997.82",10,18,9
112,13,Kenosha,2021,July,"$ 1,984.32",13,18,10
177,13,Kenosha,2021,August,"$ 3,149.70",20,30,1
1594,13,Kenosha,2021,August,"$ 2,872.00",6,8,2
198,13,Kenosha,2021,August,"$ 2,393.82",13,18,3
265,13,Kenosha,2021,August,"$ 2,299.77",16,23,4
109,13,Kenosha,2021,August,"$ 2,288.80",11,20,5
1596,13,Kenosha,2021,August,"$ 2,159.88",8,12,6
106,13,Kenosha,2021,August,"$ 2,059.92",12,18,7
183,13,Kenosha,2021,August,"$ 1,999.80",14,20,8
160,13,Kenosha,2021,August,"$ 1,979.78",14,22,9
1992,13,Kenosha,2021,August,"$ 1,979.78",14,22,10
242,13,Kenosha,2021,September,"$ 2,419.78",13,22,1
2002,13,Kenosha,2021,September,"$ 2,406.71",19,29,2
106,13,Kenosha,2021,September,"$ 2,174.36",12,19,3
1996,13,Kenosha,2021,September,"$ 2,078.73",19,27,4
1551,13,Kenosha,2021,September,"$ 2,069.55",6,9,5
2006,13,Kenosha,2021,September,"$ 2,024.46",12,18,6
123,13,Kenosha,2021,September,"$ 1,994.79",13,21,7
112,13,Kenosha,2021,September,"$ 1,984.32",10,18,8
1601,13,Kenosha,2021,September,"$ 1,969.00",9,11,9
1595,13,Kenosha,2021,September,"$ 1,949.87",8,13,10
109,13,Kenosha,2021,October,"$ 2,632.12",14,23,1
149,13,Kenosha,2021,October,"$ 2,499.80",14,20,2
219,13,Kenosha,2021,October,"$ 2,495.76",17,24,3
181,13,Kenosha,2021,October,"$ 2,015.79",14,21,4
246,13,Kenosha,2021,October,"$ 1,979.78",12,22,5
106,13,Kenosha,2021,October,"$ 1,945.48",11,17,6
248,13,Kenosha,2021,October,"$ 1,903.66",22,34,7
241,13,Kenosha,2021,October,"$ 1,849.75",14,25,8
176,13,Kenosha,2021,October,"$ 1,799.82",10,18,9
2006,13,Kenosha,2021,October,"$ 1,799.52",10,16,10
2010,13,Kenosha,2021,November,"$ 2,799.72",18,28,1
1992,13,Kenosha,2021,November,"$ 2,429.73",17,27,2
212,13,Kenosha,2021,November,"$ 2,108.81",14,19,3
211,13,Kenosha,2021,November,"$ 1,907.82",13,18,4
175,13,Kenosha,2021,November,"$ 1,869.78",15,22,5
173,13,Kenosha,2021,November,"$ 1,855.84",9,16,6
1596,13,Kenosha,2021,November,"$ 1,799.90",6,10,7
1601,13,Kenosha,2021,November,"$ 1,790.00",7,10,8
1552,13,Kenosha,2021,November,"$ 1,749.65",5,7,9
198,13,Kenosha,2021,November,"$ 1,728.87",8,13,10
1594,13,Kenosha,2021,December,"$ 4,667.00",7,13,1
2008,13,Kenosha,2021,December,"$ 3,247.72",17,28,2
2007,13,Kenosha,2021,December,"$ 2,690.77",15,23,3
112,13,Kenosha,2021,December,"$ 2,645.76",15,24,4
2010,13,Kenosha,2021,December,"$ 2,599.74",18,26,5
206,13,Kenosha,2021,December,"$ 2,479.84",11,16,6
212,13,Kenosha,2021,December,"$ 2,441.78",16,22,7
242,13,Kenosha,2021,December,"$ 2,419.78",14,22,8
184,13,Kenosha,2021,December,"$ 2,379.66",20,34,9
1591,13,Kenosha,2021,December,"$ 2,366.00",9,14,10
1552,13,Kenosha,2022,January,"$ 3,749.25",9,15,1
2008,13,Kenosha,2022,January,"$ 3,247.72",16,28,2
198,13,Kenosha,2022,January,"$ 3,191.76",16,24,3
156,13,Kenosha,2022,January,"$ 2,599.74",16,26,4
201,13,Kenosha,2022,January,"$ 2,339.82",12,18,5
121,13,Kenosha,2022,January,"$ 2,184.77",15,23,6
1593,13,Kenosha,2022,January,"$ 2,090.00",6,10,7
106,13,Kenosha,2022,January,"$ 2,059.92",11,18,8
2011,13,Kenosha,2022,January,"$ 2,039.80",13,20,9
149,13,Kenosha,2022,January,"$ 1,999.84",11,16,10
2008,13,Kenosha,2022,Febuary,"$ 2,551.78",14,22,1
206,13,Kenosha,2022,Febuary,"$ 2,479.84",11,16,2
204,13,Kenosha,2022,Febuary,"$ 2,267.82",14,18,3
211,13,Kenosha,2022,Febuary,"$ 2,013.81",12,19,4
176,13,Kenosha,2022,Febuary,"$ 1,999.80",13,20,5
1645,13,Kenosha,2022,Febuary,"$ 1,969.00",6,11,6
135,13,Kenosha,2022,Febuary,"$ 1,957.78",13,22,7
201,13,Kenosha,2022,Febuary,"$ 1,949.85",10,15,8
117,13,Kenosha,2022,Febuary,"$ 1,908.77",13,23,9
83,13,Kenosha,2022,Febuary,"$ 1,889.73",18,27,10
2008,13,Kenosha,2022,March,"$ 2,435.79",12,21,1
206,13,Kenosha,2022,March,"$ 2,324.85",11,15,2
204,13,Kenosha,2022,March,"$ 2,267.82",12,18,3
198,13,Kenosha,2022,March,"$ 2,260.83",11,17,4
1634,13,Kenosha,2022,March,"$ 2,249.85",8,15,5
2006,13,Kenosha,2022,March,"$ 2,249.40",13,20,6
168,13,Kenosha,2022,March,"$ 2,099.79",13,21,7
1584,13,Kenosha,2022,March,"$ 2,085.00",10,15,8
201,13,Kenosha,2022,March,"$ 2,079.84",11,16,9
242,13,Kenosha,2022,March,"$ 1,979.82",11,18,10
201,13,Kenosha,2022,April,"$ 2,989.77",15,23,1
206,13,Kenosha,2022,April,"$ 2,479.84",11,16,2
137,13,Kenosha,2022,April,"$ 2,069.77",15,23,3
269,13,Kenosha,2022,April,"$ 2,024.73",15,27,4
152,13,Kenosha,2022,April,"$ 1,999.80",13,20,5
115,13,Kenosha,2022,April,"$ 1,945.48",10,17,6
1591,13,Kenosha,2022,April,"$ 1,859.00",7,11,7
2011,13,Kenosha,2022,April,"$ 1,835.82",12,18,8
92,13,Kenosha,2022,April,"$ 1,808.73",17,27,9
2006,13,Kenosha,2022,April,"$ 1,799.52",11,16,10
1594,13,Kenosha,2022,May,"$ 3,231.00",6,9,1
1570,13,Kenosha,2022,May,"$ 2,641.00",14,19,2
2007,13,Kenosha,2022,May,"$ 2,339.80",13,20,3
246,13,Kenosha,2022,May,"$ 2,249.75",15,25,4
115,13,Kenosha,2022,May,"$ 2,174.36",13,19,5
211,13,Kenosha,2022,May,"$ 2,013.81",13,19,6
129,13,Kenosha,2022,May,"$ 1,999.75",15,25,7
2008,13,Kenosha,2022,May,"$ 1,971.83",10,17,8
16,13,Kenosha,2022,May,"$ 1,954.54",13,23,9
1634,13,Kenosha,2022,May,"$ 1,949.87",10,13,10
1594,13,Kenosha,2022,June,"$ 2,513.00",5,7,1
197,13,Kenosha,2022,June,"$ 2,437.77",14,23,2
185,13,Kenosha,2022,June,"$ 2,419.78",13,22,3
109,13,Kenosha,2022,June,"$ 2,288.80",14,20,4
106,13,Kenosha,2022,June,"$ 2,174.36",12,19,5
16,13,Kenosha,2022,June,"$ 2,124.50",16,25,6
212,13,Kenosha,2022,June,"$ 2,108.81",12,19,7
1634,13,Kenosha,2022,June,"$ 2,099.86",9,14,8
2008,13,Kenosha,2022,June,"$ 2,087.82",11,18,9
1571,13,Kenosha,2022,June,"$ 2,067.00",7,13,10
109,13,Kenosha,2022,July,"$ 2,975.44",17,26,1
1594,13,Kenosha,2022,July,"$ 2,872.00",5,8,2
265,13,Kenosha,2022,July,"$ 2,599.74",17,26,3
119,13,Kenosha,2022,July,"$ 2,456.74",16,26,4
177,13,Kenosha,2022,July,"$ 2,414.77",17,23,5
149,13,Kenosha,2022,July,"$ 2,249.82",13,18,6
2011,13,Kenosha,2022,July,"$ 2,243.78",15,22,7
211,13,Kenosha,2022,July,"$ 2,225.79",16,21,8
219,13,Kenosha,2022,July,"$ 2,183.79",13,21,9
1992,13,Kenosha,2022,July,"$ 2,159.76",17,24,10
1594,13,Kenosha,2022,August,"$ 5,026.00",8,14,1
1572,13,Kenosha,2022,August,"$ 2,864.00",11,16,2
1591,13,Kenosha,2022,August,"$ 2,704.00",10,16,3
1635,13,Kenosha,2022,August,"$ 2,519.86",8,14,4
2009,13,Kenosha,2022,August,"$ 2,299.77",16,23,5
242,13,Kenosha,2022,August,"$ 2,199.80",14,20,6
197,13,Kenosha,2022,August,"$ 2,119.80",13,20,7
80,13,Kenosha,2022,August,"$ 2,029.71",18,29,8
206,13,Kenosha,2022,August,"$ 2,014.87",9,13,9
211,13,Kenosha,2022,August,"$ 2,013.81",12,19,10
251,13,Kenosha,2022,September,"$ 2,975.68",20,32,1
109,13,Kenosha,2022,September,"$ 2,746.56",13,24,2
1594,13,Kenosha,2022,September,"$ 2,513.00",4,7,3
197,13,Kenosha,2022,September,"$ 2,119.80",13,20,4
181,13,Kenosha,2022,September,"$ 2,111.78",14,22,5
242,13,Kenosha,2022,September,"$ 2,089.81",11,19,6
80,13,Kenosha,2022,September,"$ 2,029.71",17,29,7
206,13,Kenosha,2022,September,"$ 2,014.87",9,13,8
183,13,Kenosha,2022,September,"$ 1,999.80",11,20,9
164,13,Kenosha,2022,September,"$ 1,999.75",17,25,10
162,13,Kenosha,2022,October,"$ 2,879.68",20,32,1
106,13,Kenosha,2022,October,"$ 2,632.12",15,23,2
183,13,Kenosha,2022,October,"$ 2,599.74",18,26,3
1594,13,Kenosha,2022,October,"$ 2,513.00",4,7,4
2006,13,Kenosha,2022,October,"$ 2,474.34",13,22,5
201,13,Kenosha,2022,October,"$ 2,209.83",11,17,6
242,13,Kenosha,2022,October,"$ 2,199.80",13,20,7
168,13,Kenosha,2022,October,"$ 2,199.78",15,22,8
204,13,Kenosha,2022,October,"$ 2,141.83",12,17,9
149,13,Kenosha,2022,October,"$ 2,124.83",11,17,10
1594,13,Kenosha,2022,November,"$ 3,231.00",5,9,1
265,13,Kenosha,2022,November,"$ 2,899.71",19,29,2
197,13,Kenosha,2022,November,"$ 2,649.75",15,25,3
149,13,Kenosha,2022,November,"$ 2,499.80",14,20,4
219,13,Kenosha,2022,November,"$ 2,495.76",17,24,5
2013,13,Kenosha,2022,November,"$ 2,294.73",18,27,6
212,13,Kenosha,2022,November,"$ 2,108.81",10,19,7
156,13,Kenosha,2022,November,"$ 2,099.79",15,21,8
271,13,Kenosha,2022,November,"$ 2,069.77",15,23,9
204,13,Kenosha,2022,November,"$ 1,889.85",10,15,10
1601,13,Kenosha,2022,December,"$ 3,401.00",11,19,1
2008,13,Kenosha,2022,December,"$ 3,131.73",17,27,2
1594,13,Kenosha,2022,December,"$ 2,872.00",6,8,3
1593,13,Kenosha,2022,December,"$ 2,717.00",10,13,4
149,13,Kenosha,2022,December,"$ 2,624.79",13,21,5
162,13,Kenosha,2022,December,"$ 2,609.71",18,29,6
183,13,Kenosha,2022,December,"$ 2,599.74",17,26,7
197,13,Kenosha,2022,December,"$ 2,543.76",16,24,8
1992,13,Kenosha,2022,December,"$ 2,519.72",18,28,9
115,13,Kenosha,2022,December,"$ 2,403.24",13,21,10
1594,13,Kenosha,2023,January,"$ 2,872.00",5,8,1
185,13,Kenosha,2023,January,"$ 2,749.75",14,25,2
206,13,Kenosha,2023,January,"$ 2,634.83",13,17,3
1601,13,Kenosha,2023,January,"$ 2,327.00",8,13,4
250,13,Kenosha,2023,January,"$ 2,138.77",14,23,5
198,13,Kenosha,2023,January,"$ 2,127.84",11,16,6
1593,13,Kenosha,2023,January,"$ 2,090.00",7,10,7
1600,13,Kenosha,2023,January,"$ 2,086.00",8,14,8
170,13,Kenosha,2023,January,"$ 2,069.77",15,23,9
162,13,Kenosha,2023,January,"$ 2,069.77",15,23,10
2006,13,Kenosha,2023,Febuary,"$ 2,586.81",13,23,1
204,13,Kenosha,2023,Febuary,"$ 2,267.82",11,18,2
242,13,Kenosha,2023,Febuary,"$ 2,199.80",13,20,3
1594,13,Kenosha,2023,Febuary,"$ 2,154.00",3,6,4
212,13,Kenosha,2023,Febuary,"$ 2,108.81",13,19,5
1986,13,Kenosha,2023,Febuary,"$ 1,937.00",16,25,6
219,13,Kenosha,2023,Febuary,"$ 1,871.82",10,18,7
1635,13,Kenosha,2023,Febuary,"$ 1,799.90",8,10,8
176,13,Kenosha,2023,Febuary,"$ 1,799.82",11,18,9
12,13,Kenosha,2023,Febuary,"$ 1,784.58",13,21,10
149,13,Kenosha,2023,March,"$ 3,124.75",16,25,1
204,13,Kenosha,2023,March,"$ 3,023.76",17,24,2
2006,13,Kenosha,2023,March,"$ 2,811.75",15,25,3
2003,13,Kenosha,2023,March,"$ 2,572.69",20,31,4
212,13,Kenosha,2023,March,"$ 2,552.77",15,23,5
1635,13,Kenosha,2023,March,"$ 2,339.87",10,13,6
2008,13,Kenosha,2023,March,"$ 2,319.80",12,20,7
206,13,Kenosha,2023,March,"$ 2,169.86",10,14,8
1596,13,Kenosha,2023,March,"$ 2,159.88",9,12,9
183,13,Kenosha,2023,March,"$ 1,999.80",12,20,10
1987,13,Kenosha,2023,April,"$ 2,639.67",22,33,1
1593,13,Kenosha,2023,April,"$ 2,508.00",7,12,2
2006,13,Kenosha,2023,April,"$ 2,361.87",14,21,3
247,13,Kenosha,2023,April,"$ 2,339.74",16,26,4
183,13,Kenosha,2023,April,"$ 2,099.79",13,21,5
201,13,Kenosha,2023,April,"$ 2,079.84",9,16,6
197,13,Kenosha,2023,April,"$ 2,013.81",11,19,7
2008,13,Kenosha,2023,April,"$ 1,971.83",12,17,8
1625,13,Kenosha,2023,April,"$ 1,919.00",13,20,9
1592,13,Kenosha,2023,April,"$ 1,890.00",6,10,10
1594,13,Kenosha,2023,May,"$ 3,590.00",7,10,1
1571,13,Kenosha,2023,May,"$ 2,703.00",10,17,2
117,13,Kenosha,2023,May,"$ 2,572.69",18,31,3
185,13,Kenosha,2023,May,"$ 2,529.77",13,23,4
265,13,Kenosha,2023,May,"$ 2,299.77",16,23,5
1593,13,Kenosha,2023,May,"$ 2,299.00",7,11,6
198,13,Kenosha,2023,May,"$ 2,260.83",10,17,7
106,13,Kenosha,2023,May,"$ 2,174.36",13,19,8
1592,13,Kenosha,2023,May,"$ 2,079.00",7,11,9
112,13,Kenosha,2023,May,"$ 1,984.32",11,18,10
1594,13,Kenosha,2023,June,"$ 2,872.00",6,8,1
204,13,Kenosha,2023,June,"$ 2,645.79",13,21,2
185,13,Kenosha,2023,June,"$ 2,639.76",15,24,3
173,13,Kenosha,2023,June,"$ 2,551.78",12,22,4
115,13,Kenosha,2023,June,"$ 2,174.36",13,19,5
2008,13,Kenosha,2023,June,"$ 2,087.82",10,18,6
201,13,Kenosha,2023,June,"$ 2,079.84",10,16,7
1551,13,Kenosha,2023,June,"$ 2,069.55",5,9,8
206,13,Kenosha,2023,June,"$ 2,014.87",8,13,9
212,13,Kenosha,2023,June,"$ 1,997.82",14,18,10
1594,13,Kenosha,2023,July,"$ 4,308.00",8,12,1
170,13,Kenosha,2023,July,"$ 2,339.74",14,26,2
198,13,Kenosha,2023,July,"$ 2,260.83",11,17,3
1626,13,Kenosha,2023,July,"$ 2,191.20",9,16,4
106,13,Kenosha,2023,July,"$ 2,174.36",16,19,5
2008,13,Kenosha,2023,July,"$ 2,087.82",11,18,6
204,13,Kenosha,2023,July,"$ 2,015.84",9,16,7
1552,13,Kenosha,2023,July,"$ 1,999.60",5,8,8
62,13,Kenosha,2023,July,"$ 1,847.72",17,28,9
181,13,Kenosha,2023,July,"$ 1,823.81",12,19,10
1594,13,Kenosha,2023,August,"$ 3,949.00",8,11,1
198,13,Kenosha,2023,August,"$ 3,590.73",16,27,2
119,13,Kenosha,2023,August,"$ 2,551.23",16,27,3
201,13,Kenosha,2023,August,"$ 2,339.82",12,18,4
1595,13,Kenosha,2023,August,"$ 2,249.85",9,15,5
149,13,Kenosha,2023,August,"$ 2,124.83",11,17,6
123,13,Kenosha,2023,August,"$ 2,089.78",16,22,7
1571,13,Kenosha,2023,August,"$ 2,067.00",7,13,8
213,13,Kenosha,2023,August,"$ 2,029.71",18,29,9
2006,13,Kenosha,2023,August,"$ 2,024.46",12,18,10
1594,13,Kenosha,2023,September,"$ 5,744.00",10,16,1
1593,13,Kenosha,2023,September,"$ 2,717.00",8,13,2
123,13,Kenosha,2023,September,"$ 2,279.76",15,24,3
6,13,Kenosha,2023,September,"$ 2,183.44",19,28,4
1987,13,Kenosha,2023,September,"$ 2,159.73",20,27,5
115,13,Kenosha,2023,September,"$ 2,059.92",13,18,6
17,13,Kenosha,2023,September,"$ 2,039.52",17,24,7
1591,13,Kenosha,2023,September,"$ 2,028.00",9,12,8
1552,13,Kenosha,2023,September,"$ 1,999.60",5,8,9
2011,13,Kenosha,2023,September,"$ 1,937.81",11,19,10
198,13,Kenosha,2023,October,"$ 2,925.78",15,22,1
1635,13,Kenosha,2023,October,"$ 2,879.84",10,16,2
179,13,Kenosha,2023,October,"$ 2,399.75",18,25,3
1584,13,Kenosha,2023,October,"$ 2,363.00",11,17,4
152,13,Kenosha,2023,October,"$ 2,299.77",15,23,5
1551,13,Kenosha,2023,October,"$ 2,299.50",7,10,6
170,13,Kenosha,2023,October,"$ 2,249.75",16,25,7
1988,13,Kenosha,2023,October,"$ 2,213.73",16,27,8
106,13,Kenosha,2023,October,"$ 2,174.36",15,19,9
204,13,Kenosha,2023,October,"$ 2,141.83",11,17,10
1594,13,Kenosha,2023,November,"$ 3,231.00",5,9,1
1551,13,Kenosha,2023,November,"$ 2,989.35",9,13,2
1592,13,Kenosha,2023,November,"$ 2,457.00",7,13,3
11,13,Kenosha,2023,November,"$ 2,279.40",20,30,4
265,13,Kenosha,2023,November,"$ 2,099.79",12,21,5
1593,13,Kenosha,2023,November,"$ 2,090.00",7,10,6
170,13,Kenosha,2023,November,"$ 2,069.77",15,23,7
198,13,Kenosha,2023,November,"$ 1,994.85",10,15,8
1635,13,Kenosha,2023,November,"$ 1,979.89",7,11,9
197,13,Kenosha,2023,November,"$ 1,907.82",12,18,10
1594,13,Kenosha,2023,December,"$ 5,026.00",10,14,1
1552,13,Kenosha,2023,December,"$ 3,749.25",10,15,2
206,13,Kenosha,2023,December,"$ 3,254.79",16,21,3
1571,13,Kenosha,2023,December,"$ 2,703.00",11,17,4
2007,13,Kenosha,2023,December,"$ 2,690.77",13,23,5
176,13,Kenosha,2023,December,"$ 2,599.74",16,26,6
1628,13,Kenosha,2023,December,"$ 2,599.00",12,20,7
119,13,Kenosha,2023,December,"$ 2,551.23",20,27,8
2002,13,Kenosha,2023,December,"$ 2,406.71",17,29,9
204,13,Kenosha,2023,December,"$ 2,393.81",11,19,10
1594,13,Kenosha,2024,January,"$ 3,949.00",7,11,1
206,13,Kenosha,2024,January,"$ 3,099.80",15,20,2
204,13,Kenosha,2024,January,"$ 3,023.76",13,24,3
67,13,Kenosha,2024,January,"$ 2,116.71",18,29,4
156,13,Kenosha,2024,January,"$ 1,999.80",13,20,5
212,13,Kenosha,2024,January,"$ 1,886.83",10,17,6
1591,13,Kenosha,2024,January,"$ 1,859.00",7,11,7
1992,13,Kenosha,2024,January,"$ 1,709.81",11,19,8
11,13,Kenosha,2024,January,"$ 1,671.56",14,22,9
219,13,Kenosha,2024,January,"$ 1,663.84",11,16,10
1594,13,Kenosha,2024,Febuary,"$ 3,590.00",6,10,1
1596,13,Kenosha,2024,Febuary,"$ 2,879.84",11,16,2
112,13,Kenosha,2024,Febuary,"$ 2,535.52",15,23,3
206,13,Kenosha,2024,Febuary,"$ 2,324.85",9,15,4
10,13,Kenosha,2024,Febuary,"$ 2,078.73",16,27,5
1992,13,Kenosha,2024,Febuary,"$ 2,069.77",14,23,6
15,13,Kenosha,2024,Febuary,"$ 2,039.52",15,24,7
1635,13,Kenosha,2024,Febuary,"$ 1,979.89",9,11,8
125,13,Kenosha,2024,Febuary,"$ 1,899.80",12,20,9
254,13,Kenosha,2024,Febuary,"$ 1,859.80",11,20,10
2007,13,Kenosha,2024,March,"$ 2,690.77",16,23,1
206,13,Kenosha,2024,March,"$ 2,634.83",12,17,2
1596,13,Kenosha,2024,March,"$ 2,339.87",7,13,3
204,13,Kenosha,2024,March,"$ 2,267.82",11,18,4
242,13,Kenosha,2024,March,"$ 2,199.80",11,20,5
1592,13,Kenosha,2024,March,"$ 2,079.00",7,11,6
1992,13,Kenosha,2024,March,"$ 2,069.77",15,23,7
106,13,Kenosha,2024,March,"$ 2,059.92",10,18,8
158,13,Kenosha,2024,March,"$ 1,979.78",15,22,9
219,13,Kenosha,2024,March,"$ 1,975.81",12,19,10
173,13,Kenosha,2024,April,"$ 2,551.78",16,22,1
1596,13,Kenosha,2024,April,"$ 2,519.86",9,14,2
1594,13,Kenosha,2024,April,"$ 2,513.00",4,7,3
152,13,Kenosha,2024,April,"$ 2,499.75",17,25,4
156,13,Kenosha,2024,April,"$ 2,299.77",15,23,5
212,13,Kenosha,2024,April,"$ 2,219.80",13,20,6
109,13,Kenosha,2024,April,"$ 2,174.36",10,19,7
242,13,Kenosha,2024,April,"$ 2,089.81",14,19,8
1992,13,Kenosha,2024,April,"$ 2,069.77",15,23,9
1551,13,Kenosha,2024,April,"$ 2,069.55",7,9,10
115,13,Kenosha,2024,May,"$ 3,204.32",17,28,1
1593,13,Kenosha,2024,May,"$ 2,926.00",9,14,2
242,13,Kenosha,2024,May,"$ 2,419.78",17,22,3
149,13,Kenosha,2024,May,"$ 2,249.82",12,18,4
1591,13,Kenosha,2024,May,"$ 2,197.00",7,13,5
250,13,Kenosha,2024,May,"$ 2,138.77",16,23,6
262,13,Kenosha,2024,May,"$ 2,124.75",16,25,7
2008,13,Kenosha,2024,May,"$ 2,087.82",12,18,8
219,13,Kenosha,2024,May,"$ 2,079.80",13,20,9
1992,13,Kenosha,2024,May,"$ 2,069.77",15,23,10
1552,13,Kenosha,2024,June,"$ 2,999.40",9,12,1
1594,13,Kenosha,2024,June,"$ 2,872.00",5,8,2
1591,13,Kenosha,2024,June,"$ 2,704.00",10,16,3
198,13,Kenosha,2024,June,"$ 2,659.80",12,20,4
1551,13,Kenosha,2024,June,"$ 2,529.45",7,11,5
115,13,Kenosha,2024,June,"$ 2,174.36",12,19,6
1635,13,Kenosha,2024,June,"$ 2,159.88",7,12,7
1571,13,Kenosha,2024,June,"$ 2,067.00",8,13,8
160,13,Kenosha,2024,June,"$ 1,979.78",13,22,9
2008,13,Kenosha,2024,June,"$ 1,971.83",11,17,10
198,13,Kenosha,2024,July,"$ 3,324.75",17,25,1
149,13,Kenosha,2024,July,"$ 3,124.75",15,25,2
1551,13,Kenosha,2024,July,"$ 2,759.40",7,12,3
115,13,Kenosha,2024,July,"$ 2,746.56",15,24,4
156,13,Kenosha,2024,July,"$ 2,299.77",14,23,5
1593,13,Kenosha,2024,July,"$ 2,299.00",7,11,6
1635,13,Kenosha,2024,July,"$ 2,159.88",7,12,7
1596,13,Kenosha,2024,July,"$ 2,159.88",8,12,8
17,13,Kenosha,2024,July,"$ 2,124.50",15,25,9
152,13,Kenosha,2024,July,"$ 1,999.80",14,20,10
206,13,Kenosha,2024,August,"$ 3,099.80",14,20,1
1593,13,Kenosha,2024,August,"$ 2,926.00",10,14,2
177,13,Kenosha,2024,August,"$ 2,834.73",17,27,3
201,13,Kenosha,2024,August,"$ 2,599.80",12,20,4
2006,13,Kenosha,2024,August,"$ 2,474.34",14,22,5
127,13,Kenosha,2024,August,"$ 2,239.72",18,28,6
2012,13,Kenosha,2024,August,"$ 2,069.77",15,23,7
179,13,Kenosha,2024,August,"$ 2,015.79",15,21,8
211,13,Kenosha,2024,August,"$ 2,013.81",12,19,9
1552,13,Kenosha,2024,August,"$ 1,999.60",5,8,10
206,13,Kenosha,2024,September,"$ 3,409.78",15,22,1
219,13,Kenosha,2024,September,"$ 2,495.76",16,24,2
1655,13,Kenosha,2024,September,"$ 2,379.83",10,17,3
166,13,Kenosha,2024,September,"$ 2,319.71",16,29,4
227,13,Kenosha,2024,September,"$ 2,295.72",18,28,5
1989,13,Kenosha,2024,September,"$ 2,267.73",18,27,6
168,13,Kenosha,2024,September,"$ 2,099.79",14,21,7
115,13,Kenosha,2024,September,"$ 2,059.92",12,18,8
121,13,Kenosha,2024,September,"$ 1,994.79",14,21,9
1635,13,Kenosha,2024,September,"$ 1,979.89",7,11,10
1594,13,Kenosha,2024,October,"$ 3,231.00",7,9,1
206,13,Kenosha,2024,October,"$ 3,099.80",14,20,2
154,13,Kenosha,2024,October,"$ 2,719.66",22,34,3
112,13,Kenosha,2024,October,"$ 2,645.76",16,24,4
201,13,Kenosha,2024,October,"$ 2,599.80",15,20,5
265,13,Kenosha,2024,October,"$ 2,599.74",17,26,6
198,13,Kenosha,2024,October,"$ 2,526.81",10,19,7
2008,13,Kenosha,2024,October,"$ 2,435.79",15,21,8
1992,13,Kenosha,2024,October,"$ 2,429.73",16,27,9
2009,13,Kenosha,2024,October,"$ 2,299.77",13,23,10
206,13,Kenosha,2024,November,"$ 3,254.79",14,21,1
204,13,Kenosha,2024,November,"$ 2,645.79",13,21,2
1551,13,Kenosha,2024,November,"$ 2,529.45",7,11,3
1594,13,Kenosha,2024,November,"$ 2,513.00",4,7,4
2007,13,Kenosha,2024,November,"$ 2,456.79",13,21,5
265,13,Kenosha,2024,November,"$ 2,299.77",16,23,6
125,13,Kenosha,2024,November,"$ 2,184.77",14,23,7
2002,13,Kenosha,2024,November,"$ 2,157.74",16,26,8
149,13,Kenosha,2024,November,"$ 2,124.83",11,17,9
1,13,Kenosha,2024,November,"$ 2,001.74",16,26,10
206,13,Kenosha,2024,December,"$ 4,029.74",17,26,1
1594,13,Kenosha,2024,December,"$ 3,949.00",7,11,2
1645,13,Kenosha,2024,December,"$ 3,580.00",13,20,3
1551,13,Kenosha,2024,December,"$ 3,219.30",9,14,4
211,13,Kenosha,2024,December,"$ 2,861.73",19,27,5
2007,13,Kenosha,2024,December,"$ 2,807.76",14,24,6
115,13,Kenosha,2024,December,"$ 2,632.12",15,23,7
265,13,Kenosha,2024,December,"$ 2,599.74",18,26,8
2008,13,Kenosha,2024,December,"$ 2,551.78",13,22,9
135,13,Kenosha,2024,December,"$ 2,491.72",17,28,10
1594,14,St. Louis,2019,January,"$ 5,385.00",8,15,1
206,14,St. Louis,2019,January,"$ 4,494.71",20,29,2
149,14,St. Louis,2019,January,"$ 3,874.69",18,31,3
123,14,St. Louis,2019,January,"$ 3,609.62",25,38,4
198,14,St. Louis,2019,January,"$ 3,590.73",19,27,5
1551,14,St. Louis,2019,January,"$ 3,449.25",9,15,6
2010,14,St. Louis,2019,January,"$ 3,399.66",23,34,7
262,14,St. Louis,2019,January,"$ 3,399.60",22,40,8
1991,14,St. Louis,2019,January,"$ 3,374.55",27,45,9
2008,14,St. Louis,2019,January,"$ 3,363.71",19,29,10
1593,14,St. Louis,2019,Febuary,"$ 5,643.00",16,27,1
1552,14,St. Louis,2019,Febuary,"$ 4,999.00",13,20,2
2007,14,St. Louis,2019,Febuary,"$ 4,094.65",23,35,3
106,14,St. Louis,2019,Febuary,"$ 3,890.96",23,34,4
2008,14,St. Louis,2019,Febuary,"$ 3,827.67",22,33,5
115,14,St. Louis,2019,Febuary,"$ 3,776.52",21,33,6
206,14,St. Louis,2019,Febuary,"$ 3,719.76",15,24,7
1551,14,St. Louis,2019,Febuary,"$ 3,679.20",10,16,8
109,14,St. Louis,2019,Febuary,"$ 3,433.20",20,30,9
4,14,St. Louis,2019,Febuary,"$ 3,399.20",25,40,10
1552,14,St. Louis,2019,March,"$ 4,999.00",12,20,1
212,14,St. Louis,2019,March,"$ 4,772.57",24,43,2
206,14,St. Louis,2019,March,"$ 4,649.70",20,30,3
2008,14,St. Louis,2019,March,"$ 4,639.60",23,40,4
2007,14,St. Louis,2019,March,"$ 4,562.61",26,39,5
1644,14,St. Louis,2019,March,"$ 3,725.00",16,25,6
198,14,St. Louis,2019,March,"$ 3,590.73",20,27,7
115,14,St. Louis,2019,March,"$ 3,547.64",18,31,8
170,14,St. Louis,2019,March,"$ 3,419.62",22,38,9
211,14,St. Louis,2019,March,"$ 3,391.68",21,32,10
1552,14,St. Louis,2019,April,"$ 3,999.20",9,16,1
2006,14,St. Louis,2019,April,"$ 3,936.45",23,35,2
109,14,St. Louis,2019,April,"$ 3,890.96",22,34,3
149,14,St. Louis,2019,April,"$ 3,874.69",20,31,4
152,14,St. Louis,2019,April,"$ 3,799.62",23,38,5
115,14,St. Louis,2019,April,"$ 3,776.52",19,33,6
1634,14,St. Louis,2019,April,"$ 3,749.75",16,25,7
212,14,St. Louis,2019,April,"$ 3,551.68",21,32,8
198,14,St. Louis,2019,April,"$ 3,324.75",18,25,9
2007,14,St. Louis,2019,April,"$ 3,275.72",18,28,10
206,14,St. Louis,2019,May,"$ 4,959.68",21,32,1
198,14,St. Louis,2019,May,"$ 4,654.65",21,35,2
242,14,St. Louis,2019,May,"$ 4,509.59",28,41,3
1594,14,St. Louis,2019,May,"$ 4,308.00",9,12,4
152,14,St. Louis,2019,May,"$ 4,299.57",28,43,5
212,14,St. Louis,2019,May,"$ 4,217.62",25,38,6
204,14,St. Louis,2019,May,"$ 4,157.67",20,33,7
1593,14,St. Louis,2019,May,"$ 3,971.00",11,19,8
1584,14,St. Louis,2019,May,"$ 3,892.00",19,28,9
1552,14,St. Louis,2019,May,"$ 3,749.25",10,15,10
1594,14,St. Louis,2019,June,"$ 6,103.00",10,17,1
106,14,St. Louis,2019,June,"$ 4,348.72",24,38,2
1551,14,St. Louis,2019,June,"$ 3,909.15",10,17,3
212,14,St. Louis,2019,June,"$ 3,773.66",21,34,4
201,14,St. Louis,2019,June,"$ 3,639.72",19,28,5
112,14,St. Louis,2019,June,"$ 3,527.68",22,32,6
149,14,St. Louis,2019,June,"$ 3,499.72",20,28,7
2010,14,St. Louis,2019,June,"$ 3,399.66",21,34,8
246,14,St. Louis,2019,June,"$ 3,329.63",22,37,9
115,14,St. Louis,2019,June,"$ 3,318.76",19,29,10
1552,14,St. Louis,2019,July,"$ 4,999.00",12,20,1
2008,14,St. Louis,2019,July,"$ 4,523.61",21,39,2
1594,14,St. Louis,2019,July,"$ 4,308.00",8,12,3
1635,14,St. Louis,2019,July,"$ 3,959.78",14,22,4
109,14,St. Louis,2019,July,"$ 3,890.96",20,34,5
206,14,St. Louis,2019,July,"$ 3,874.75",17,25,6
2011,14,St. Louis,2019,July,"$ 3,773.63",27,37,7
185,14,St. Louis,2019,July,"$ 3,739.66",23,34,8
158,14,St. Louis,2019,July,"$ 3,689.59",26,41,9
115,14,St. Louis,2019,July,"$ 3,662.08",21,32,10
1594,14,St. Louis,2019,August,"$ 7,539.00",13,21,1
2008,14,St. Louis,2019,August,"$ 4,523.61",25,39,2
106,14,St. Louis,2019,August,"$ 4,234.28",24,37,3
2006,14,St. Louis,2019,August,"$ 4,161.39",26,37,4
204,14,St. Louis,2019,August,"$ 4,031.68",20,32,5
1552,14,St. Louis,2019,August,"$ 3,999.20",10,16,6
2007,14,St. Louis,2019,August,"$ 3,977.66",21,34,7
185,14,St. Louis,2019,August,"$ 3,959.64",23,36,8
1593,14,St. Louis,2019,August,"$ 3,762.00",11,18,9
1595,14,St. Louis,2019,August,"$ 3,749.75",15,25,10
1594,14,St. Louis,2019,September,"$ 5,026.00",10,14,1
168,14,St. Louis,2019,September,"$ 3,999.60",27,40,2
1601,14,St. Louis,2019,September,"$ 3,938.00",14,22,3
201,14,St. Louis,2019,September,"$ 3,639.72",19,28,4
2010,14,St. Louis,2019,September,"$ 3,499.65",20,35,5
204,14,St. Louis,2019,September,"$ 3,401.73",15,27,6
212,14,St. Louis,2019,September,"$ 3,329.70",18,30,7
2009,14,St. Louis,2019,September,"$ 3,299.67",21,33,8
177,14,St. Louis,2019,September,"$ 3,254.69",20,31,9
1552,14,St. Louis,2019,September,"$ 3,249.35",9,13,10
1594,14,St. Louis,2019,October,"$ 6,462.00",14,18,1
149,14,St. Louis,2019,October,"$ 4,999.60",27,40,2
206,14,St. Louis,2019,October,"$ 4,494.71",19,29,3
204,14,St. Louis,2019,October,"$ 4,283.66",23,34,4
1551,14,St. Louis,2019,October,"$ 4,139.10",12,18,5
106,14,St. Louis,2019,October,"$ 4,119.84",22,36,6
173,14,St. Louis,2019,October,"$ 4,059.65",25,35,7
170,14,St. Louis,2019,October,"$ 4,049.55",31,45,8
1552,14,St. Louis,2019,October,"$ 3,999.20",11,16,9
2008,14,St. Louis,2019,October,"$ 3,827.67",21,33,10
1594,14,St. Louis,2019,November,"$ 5,744.00",10,16,1
149,14,St. Louis,2019,November,"$ 4,499.64",22,36,2
1592,14,St. Louis,2019,November,"$ 4,158.00",15,22,3
206,14,St. Louis,2019,November,"$ 4,029.74",18,26,4
2007,14,St. Louis,2019,November,"$ 3,977.66",24,34,5
1551,14,St. Louis,2019,November,"$ 3,909.15",13,17,6
242,14,St. Louis,2019,November,"$ 3,849.65",22,35,7
198,14,St. Louis,2019,November,"$ 3,723.72",19,28,8
168,14,St. Louis,2019,November,"$ 3,699.63",23,37,9
1645,14,St. Louis,2019,November,"$ 3,580.00",12,20,10
1594,14,St. Louis,2019,December,"$ 10,411.00",19,29,1
168,14,St. Louis,2019,December,"$ 6,699.33",47,67,2
1551,14,St. Louis,2019,December,"$ 5,978.70",20,26,3
198,14,St. Louis,2019,December,"$ 5,851.56",29,44,4
2006,14,St. Louis,2019,December,"$ 5,735.97",33,51,5
106,14,St. Louis,2019,December,"$ 5,607.56",29,49,6
206,14,St. Louis,2019,December,"$ 5,579.64",23,36,7
109,14,St. Louis,2019,December,"$ 5,493.12",31,48,8
177,14,St. Louis,2019,December,"$ 5,354.49",33,51,9
2008,14,St. Louis,2019,December,"$ 5,335.54",32,46,10
206,14,St. Louis,2020,January,"$ 5,579.64",22,36,1
1552,14,St. Louis,2020,January,"$ 5,498.90",12,22,2
1594,14,St. Louis,2020,January,"$ 5,026.00",9,14,3
112,14,St. Louis,2020,January,"$ 4,630.08",29,42,4
9,14,St. Louis,2020,January,"$ 4,618.80",38,60,5
1551,14,St. Louis,2020,January,"$ 4,599.00",13,20,6
1593,14,St. Louis,2020,January,"$ 4,598.00",15,22,7
109,14,St. Louis,2020,January,"$ 4,463.16",26,39,8
177,14,St. Louis,2020,January,"$ 4,304.59",25,41,9
1996,14,St. Louis,2020,January,"$ 4,234.45",36,55,10
1594,14,St. Louis,2020,Febuary,"$ 8,257.00",15,23,1
173,14,St. Louis,2020,Febuary,"$ 5,567.52",27,48,2
176,14,St. Louis,2020,Febuary,"$ 4,499.55",31,45,3
185,14,St. Louis,2020,Febuary,"$ 4,399.60",28,40,4
1551,14,St. Louis,2020,Febuary,"$ 4,369.05",14,19,5
115,14,St. Louis,2020,Febuary,"$ 4,348.72",28,38,6
7,14,St. Louis,2020,Febuary,"$ 4,333.98",34,51,7
2010,14,St. Louis,2020,Febuary,"$ 4,299.57",29,43,8
251,14,St. Louis,2020,Febuary,"$ 4,277.54",33,46,9
1552,14,St. Louis,2020,Febuary,"$ 4,249.15",11,17,10
1552,14,St. Louis,2020,March,"$ 5,748.85",15,23,1
115,14,St. Louis,2020,March,"$ 5,378.68",29,47,2
179,14,St. Louis,2020,March,"$ 5,375.44",39,56,3
2006,14,St. Louis,2020,March,"$ 5,061.15",29,45,4
109,14,St. Louis,2020,March,"$ 4,920.92",28,43,5
185,14,St. Louis,2020,March,"$ 4,619.58",30,42,6
168,14,St. Louis,2020,March,"$ 4,499.55",31,45,7
156,14,St. Louis,2020,March,"$ 4,299.57",26,43,8
173,14,St. Louis,2020,March,"$ 4,291.63",24,37,9
254,14,St. Louis,2020,March,"$ 4,277.54",29,46,10
1594,14,St. Louis,2020,April,"$ 7,180.00",14,20,1
1552,14,St. Louis,2020,April,"$ 6,498.70",16,26,2
2006,14,St. Louis,2020,April,"$ 5,623.50",35,50,3
206,14,St. Louis,2020,April,"$ 4,959.68",22,32,4
1596,14,St. Louis,2020,April,"$ 4,679.74",18,26,5
1551,14,St. Louis,2020,April,"$ 4,599.00",15,20,6
2008,14,St. Louis,2020,April,"$ 4,523.61",29,39,7
173,14,St. Louis,2020,April,"$ 4,523.61",26,39,8
201,14,St. Louis,2020,April,"$ 4,419.66",23,34,9
123,14,St. Louis,2020,April,"$ 4,369.54",31,46,10
206,14,St. Louis,2020,May,"$ 6,354.59",28,41,1
1593,14,St. Louis,2020,May,"$ 6,270.00",19,30,2
1594,14,St. Louis,2020,May,"$ 5,744.00",12,16,3
2008,14,St. Louis,2020,May,"$ 5,683.51",32,49,4
204,14,St. Louis,2020,May,"$ 5,543.56",29,44,5
1596,14,St. Louis,2020,May,"$ 5,399.70",18,30,6
1634,14,St. Louis,2020,May,"$ 5,249.65",25,35,7
201,14,St. Louis,2020,May,"$ 5,199.60",23,40,8
211,14,St. Louis,2020,May,"$ 5,087.52",30,48,9
1551,14,St. Louis,2020,May,"$ 4,828.95",15,21,10
206,14,St. Louis,2020,June,"$ 5,269.66",22,34,1
1551,14,St. Louis,2020,June,"$ 5,058.90",13,22,2
115,14,St. Louis,2020,June,"$ 4,348.72",23,38,3
117,14,St. Louis,2020,June,"$ 4,315.48",35,52,4
1594,14,St. Louis,2020,June,"$ 4,308.00",8,12,5
185,14,St. Louis,2020,June,"$ 4,289.61",24,39,6
198,14,St. Louis,2020,June,"$ 4,255.68",22,32,7
177,14,St. Louis,2020,June,"$ 4,199.60",24,40,8
242,14,St. Louis,2020,June,"$ 4,069.63",23,37,9
251,14,St. Louis,2020,June,"$ 3,998.57",30,43,10
1594,14,St. Louis,2020,July,"$ 8,975.00",14,25,1
1552,14,St. Louis,2020,July,"$ 5,998.80",14,24,2
204,14,St. Louis,2020,July,"$ 5,039.60",24,40,3
2008,14,St. Louis,2020,July,"$ 4,871.58",28,42,4
121,14,St. Louis,2020,July,"$ 4,749.50",33,50,5
211,14,St. Louis,2020,July,"$ 4,557.57",27,43,6
201,14,St. Louis,2020,July,"$ 4,549.65",22,35,7
112,14,St. Louis,2020,July,"$ 4,519.84",26,41,8
1635,14,St. Louis,2020,July,"$ 4,319.76",15,24,9
1571,14,St. Louis,2020,July,"$ 4,293.00",19,27,10
1594,14,St. Louis,2020,August,"$ 10,770.00",19,30,1
206,14,St. Louis,2020,August,"$ 5,734.63",24,37,2
149,14,St. Louis,2020,August,"$ 5,624.55",28,45,3
177,14,St. Louis,2020,August,"$ 4,724.55",29,45,4
2007,14,St. Louis,2020,August,"$ 4,679.60",28,40,5
246,14,St. Louis,2020,August,"$ 4,679.48",33,52,6
251,14,St. Louis,2020,August,"$ 4,463.52",30,48,7
2014,14,St. Louis,2020,August,"$ 4,419.48",33,52,8
125,14,St. Louis,2020,August,"$ 4,369.54",29,46,9
1635,14,St. Louis,2020,August,"$ 4,319.76",14,24,10
1594,14,St. Louis,2020,September,"$ 7,898.00",16,22,1
206,14,St. Louis,2020,September,"$ 5,579.64",25,36,2
149,14,St. Louis,2020,September,"$ 5,374.57",28,43,3
198,14,St. Louis,2020,September,"$ 5,186.61",24,39,4
109,14,St. Louis,2020,September,"$ 4,577.60",25,40,5
219,14,St. Louis,2020,September,"$ 4,263.59",28,41,6
123,14,St. Louis,2020,September,"$ 4,179.56",26,44,7
204,14,St. Louis,2020,September,"$ 4,157.67",25,33,8
119,14,St. Louis,2020,September,"$ 4,157.56",27,44,9
1988,14,St. Louis,2020,September,"$ 4,099.50",32,50,10
185,14,St. Louis,2020,October,"$ 5,499.50",35,50,1
206,14,St. Louis,2020,October,"$ 5,424.65",23,35,2
123,14,St. Louis,2020,October,"$ 5,034.47",34,53,3
201,14,St. Louis,2020,October,"$ 4,679.64",24,36,4
271,14,St. Louis,2020,October,"$ 4,679.48",33,52,5
112,14,St. Louis,2020,October,"$ 4,519.84",29,41,6
1551,14,St. Louis,2020,October,"$ 4,369.05",15,19,7
166,14,St. Louis,2020,October,"$ 4,319.46",35,54,8
181,14,St. Louis,2020,October,"$ 4,223.56",27,44,9
2007,14,St. Louis,2020,October,"$ 4,211.64",27,36,10
1594,14,St. Louis,2020,November,"$ 5,744.00",9,16,1
1635,14,St. Louis,2020,November,"$ 5,579.69",19,31,2
206,14,St. Louis,2020,November,"$ 5,579.64",24,36,3
112,14,St. Louis,2020,November,"$ 5,071.04",32,46,4
201,14,St. Louis,2020,November,"$ 5,069.61",25,39,5
1645,14,St. Louis,2020,November,"$ 4,833.00",16,27,6
198,14,St. Louis,2020,November,"$ 4,521.66",20,34,7
242,14,St. Louis,2020,November,"$ 4,509.59",27,41,8
2007,14,St. Louis,2020,November,"$ 4,445.62",25,38,9
149,14,St. Louis,2020,November,"$ 4,374.65",23,35,10
1594,14,St. Louis,2020,December,"$ 8,975.00",17,25,1
198,14,St. Louis,2020,December,"$ 6,516.51",31,49,2
1592,14,St. Louis,2020,December,"$ 6,237.00",22,33,3
206,14,St. Louis,2020,December,"$ 6,199.60",27,40,4
109,14,St. Louis,2020,December,"$ 5,722.00",31,50,5
2008,14,St. Louis,2020,December,"$ 5,103.56",32,44,6
185,14,St. Louis,2020,December,"$ 5,059.54",28,46,7
204,14,St. Louis,2020,December,"$ 5,039.60",27,40,8
18,14,St. Louis,2020,December,"$ 5,013.82",37,59,9
168,14,St. Louis,2020,December,"$ 4,999.50",29,50,10
1594,14,St. Louis,2021,January,"$ 8,616.00",13,24,1
198,14,St. Louis,2021,January,"$ 4,787.64",23,36,2
250,14,St. Louis,2021,January,"$ 4,463.52",32,48,3
201,14,St. Louis,2021,January,"$ 4,419.66",21,34,4
106,14,St. Louis,2021,January,"$ 4,005.40",23,35,5
212,14,St. Louis,2021,January,"$ 3,995.64",23,36,6
1572,14,St. Louis,2021,January,"$ 3,938.00",14,22,7
1601,14,St. Louis,2021,January,"$ 3,938.00",14,22,8
211,14,St. Louis,2021,January,"$ 3,921.63",22,37,9
2010,14,St. Louis,2021,January,"$ 3,899.61",25,39,10
1593,14,St. Louis,2021,Febuary,"$ 4,807.00",14,23,1
1645,14,St. Louis,2021,Febuary,"$ 4,654.00",16,26,2
1552,14,St. Louis,2021,Febuary,"$ 3,999.20",8,16,3
1594,14,St. Louis,2021,Febuary,"$ 3,949.00",6,11,4
204,14,St. Louis,2021,Febuary,"$ 3,905.69",21,31,5
106,14,St. Louis,2021,Febuary,"$ 3,776.52",22,33,6
149,14,St. Louis,2021,Febuary,"$ 3,749.70",19,30,7
219,14,St. Louis,2021,Febuary,"$ 3,743.64",23,36,8
212,14,St. Louis,2021,Febuary,"$ 3,662.67",23,33,9
206,14,St. Louis,2021,Febuary,"$ 3,564.77",16,23,10
219,14,St. Louis,2021,March,"$ 4,887.53",31,47,1
177,14,St. Louis,2021,March,"$ 4,514.57",27,43,2
242,14,St. Louis,2021,March,"$ 4,509.59",27,41,3
112,14,St. Louis,2021,March,"$ 4,409.60",25,40,4
1594,14,St. Louis,2021,March,"$ 4,308.00",8,12,5
115,14,St. Louis,2021,March,"$ 4,119.84",22,36,6
18,14,St. Louis,2021,March,"$ 3,994.06",28,47,7
2012,14,St. Louis,2021,March,"$ 3,959.56",28,44,8
1606,14,St. Louis,2021,March,"$ 3,899.70",21,30,9
250,14,St. Louis,2021,March,"$ 3,812.59",26,41,10
1594,14,St. Louis,2021,April,"$ 6,462.00",13,18,1
206,14,St. Louis,2021,April,"$ 5,114.67",21,33,2
1645,14,St. Louis,2021,April,"$ 4,475.00",15,25,3
1595,14,St. Louis,2021,April,"$ 4,349.71",19,29,4
201,14,St. Louis,2021,April,"$ 4,289.67",21,33,5
1552,14,St. Louis,2021,April,"$ 4,249.15",13,17,6
173,14,St. Louis,2021,April,"$ 4,175.64",23,36,7
204,14,St. Louis,2021,April,"$ 4,031.68",20,32,8
179,14,St. Louis,2021,April,"$ 4,031.58",25,42,9
121,14,St. Louis,2021,April,"$ 3,989.58",27,42,10
176,14,St. Louis,2021,May,"$ 4,999.50",30,50,1
198,14,St. Louis,2021,May,"$ 4,787.64",23,36,2
1635,14,St. Louis,2021,May,"$ 4,499.75",14,25,3
185,14,St. Louis,2021,May,"$ 4,289.61",21,39,4
2006,14,St. Louis,2021,May,"$ 4,048.92",22,36,5
1552,14,St. Louis,2021,May,"$ 3,999.20",11,16,6
1592,14,St. Louis,2021,May,"$ 3,969.00",11,21,7
1594,14,St. Louis,2021,May,"$ 3,949.00",7,11,8
206,14,St. Louis,2021,May,"$ 3,874.75",16,25,9
152,14,St. Louis,2021,May,"$ 3,799.62",24,38,10
206,14,St. Louis,2021,June,"$ 5,889.62",26,38,1
1552,14,St. Louis,2021,June,"$ 5,248.95",12,21,2
1601,14,St. Louis,2021,June,"$ 4,475.00",16,25,3
1594,14,St. Louis,2021,June,"$ 4,308.00",7,12,4
106,14,St. Louis,2021,June,"$ 4,234.28",22,37,5
1593,14,St. Louis,2021,June,"$ 3,971.00",10,19,6
1551,14,St. Louis,2021,June,"$ 3,909.15",9,17,7
2007,14,St. Louis,2021,June,"$ 3,743.68",20,32,8
204,14,St. Louis,2021,June,"$ 3,653.71",17,29,9
13,14,St. Louis,2021,June,"$ 3,569.16",26,42,10
1594,14,St. Louis,2021,July,"$ 8,257.00",16,23,1
206,14,St. Louis,2021,July,"$ 4,804.69",20,31,2
106,14,St. Louis,2021,July,"$ 4,348.72",26,38,3
173,14,St. Louis,2021,July,"$ 3,827.67",22,33,4
156,14,St. Louis,2021,July,"$ 3,699.63",25,37,5
1571,14,St. Louis,2021,July,"$ 3,657.00",14,23,6
219,14,St. Louis,2021,July,"$ 3,639.65",21,35,7
2007,14,St. Louis,2021,July,"$ 3,626.69",22,31,8
1596,14,St. Louis,2021,July,"$ 3,599.80",12,20,9
1645,14,St. Louis,2021,July,"$ 3,580.00",12,20,10
1594,14,St. Louis,2021,August,"$ 7,898.00",14,22,1
1596,14,St. Louis,2021,August,"$ 4,679.74",18,26,2
201,14,St. Louis,2021,August,"$ 4,419.66",23,34,3
1645,14,St. Louis,2021,August,"$ 4,296.00",15,24,4
2011,14,St. Louis,2021,August,"$ 4,079.60",26,40,5
242,14,St. Louis,2021,August,"$ 4,069.63",23,37,6
198,14,St. Louis,2021,August,"$ 3,989.70",17,30,7
206,14,St. Louis,2021,August,"$ 3,719.76",17,24,8
1551,14,St. Louis,2021,August,"$ 3,679.20",10,16,9
160,14,St. Louis,2021,August,"$ 3,599.60",29,40,10
1552,14,St. Louis,2021,September,"$ 5,748.85",15,23,1
1594,14,St. Louis,2021,September,"$ 5,744.00",12,16,2
206,14,St. Louis,2021,September,"$ 4,804.69",22,31,3
2011,14,St. Louis,2021,September,"$ 4,079.60",25,40,4
149,14,St. Louis,2021,September,"$ 3,999.68",22,32,5
219,14,St. Louis,2021,September,"$ 3,951.62",24,38,6
183,14,St. Louis,2021,September,"$ 3,799.62",24,38,7
2007,14,St. Louis,2021,September,"$ 3,743.68",22,32,8
125,14,St. Louis,2021,September,"$ 3,704.61",24,39,9
181,14,St. Louis,2021,September,"$ 3,455.64",26,36,10
1594,14,St. Louis,2021,October,"$ 5,744.00",9,16,1
149,14,St. Louis,2021,October,"$ 5,624.55",28,45,2
2008,14,St. Louis,2021,October,"$ 4,639.60",24,40,3
109,14,St. Louis,2021,October,"$ 4,577.60",27,40,4
172,14,St. Louis,2021,October,"$ 4,179.56",28,44,5
2014,14,St. Louis,2021,October,"$ 4,164.51",30,49,6
1596,14,St. Louis,2021,October,"$ 4,139.77",16,23,7
242,14,St. Louis,2021,October,"$ 4,069.63",24,37,8
204,14,St. Louis,2021,October,"$ 4,031.68",21,32,9
2006,14,St. Louis,2021,October,"$ 3,823.98",20,34,10
1594,14,St. Louis,2021,November,"$ 5,026.00",9,14,1
206,14,St. Louis,2021,November,"$ 4,494.71",23,29,2
1551,14,St. Louis,2021,November,"$ 4,369.05",12,19,3
177,14,St. Louis,2021,November,"$ 4,199.60",27,40,4
251,14,St. Louis,2021,November,"$ 4,184.55",30,45,5
135,14,St. Louis,2021,November,"$ 4,093.54",25,46,6
149,14,St. Louis,2021,November,"$ 3,874.69",21,31,7
1635,14,St. Louis,2021,November,"$ 3,779.79",14,21,8
112,14,St. Louis,2021,November,"$ 3,748.16",22,34,9
16,14,St. Louis,2021,November,"$ 3,739.12",28,44,10
201,14,St. Louis,2021,December,"$ 6,369.51",33,49,1
242,14,St. Louis,2021,December,"$ 6,159.44",35,56,2
1594,14,St. Louis,2021,December,"$ 5,385.00",10,15,3
206,14,St. Louis,2021,December,"$ 5,269.66",21,34,4
115,14,St. Louis,2021,December,"$ 5,264.24",26,46,5
2011,14,St. Louis,2021,December,"$ 5,201.49",34,51,6
1572,14,St. Louis,2021,December,"$ 5,191.00",19,29,7
212,14,St. Louis,2021,December,"$ 4,883.56",29,44,8
1596,14,St. Louis,2021,December,"$ 4,859.73",17,27,9
1601,14,St. Louis,2021,December,"$ 4,833.00",16,27,10
1594,14,St. Louis,2022,January,"$ 5,744.00",9,16,1
198,14,St. Louis,2022,January,"$ 4,521.66",21,34,2
242,14,St. Louis,2022,January,"$ 4,399.60",26,40,3
177,14,St. Louis,2022,January,"$ 4,094.61",22,39,4
109,14,St. Louis,2022,January,"$ 4,005.40",23,35,5
115,14,St. Louis,2022,January,"$ 4,005.40",25,35,6
149,14,St. Louis,2022,January,"$ 3,999.68",21,32,7
1552,14,St. Louis,2022,January,"$ 3,999.20",9,16,8
1551,14,St. Louis,2022,January,"$ 3,909.15",11,17,9
204,14,St. Louis,2022,January,"$ 3,905.69",21,31,10
1594,14,St. Louis,2022,Febuary,"$ 6,103.00",11,17,1
1552,14,St. Louis,2022,Febuary,"$ 5,248.95",13,21,2
1551,14,St. Louis,2022,Febuary,"$ 5,058.90",14,22,3
206,14,St. Louis,2022,Febuary,"$ 4,804.69",21,31,4
115,14,St. Louis,2022,Febuary,"$ 4,463.16",23,39,5
156,14,St. Louis,2022,Febuary,"$ 4,399.56",28,44,6
197,14,St. Louis,2022,Febuary,"$ 3,921.63",24,37,7
2009,14,St. Louis,2022,Febuary,"$ 3,899.61",24,39,8
1645,14,St. Louis,2022,Febuary,"$ 3,759.00",12,21,9
2006,14,St. Louis,2022,Febuary,"$ 3,711.51",22,33,10
206,14,St. Louis,2022,March,"$ 7,904.49",34,51,1
201,14,St. Louis,2022,March,"$ 5,589.57",25,43,2
2010,14,St. Louis,2022,March,"$ 4,999.50",35,50,3
106,14,St. Louis,2022,March,"$ 4,920.92",26,43,4
2006,14,St. Louis,2022,March,"$ 4,498.80",24,40,5
2013,14,St. Louis,2022,March,"$ 4,164.51",30,49,6
197,14,St. Louis,2022,March,"$ 4,133.61",26,39,7
1644,14,St. Louis,2022,March,"$ 4,023.00",18,27,8
109,14,St. Louis,2022,March,"$ 4,005.40",20,35,9
149,14,St. Louis,2022,March,"$ 3,999.68",20,32,10
1594,14,St. Louis,2022,April,"$ 7,180.00",12,20,1
201,14,St. Louis,2022,April,"$ 4,419.66",21,34,2
206,14,St. Louis,2022,April,"$ 4,029.74",17,26,3
183,14,St. Louis,2022,April,"$ 3,899.61",23,39,4
265,14,St. Louis,2022,April,"$ 3,799.62",26,38,5
121,14,St. Louis,2022,April,"$ 3,799.60",26,40,6
119,14,St. Louis,2022,April,"$ 3,779.60",25,40,7
172,14,St. Louis,2022,April,"$ 3,704.61",26,39,8
156,14,St. Louis,2022,April,"$ 3,699.63",25,37,9
1644,14,St. Louis,2022,April,"$ 3,576.00",15,24,10
1594,14,St. Louis,2022,May,"$ 6,103.00",10,17,1
1592,14,St. Louis,2022,May,"$ 4,725.00",14,25,2
179,14,St. Louis,2022,May,"$ 4,703.51",28,49,3
149,14,St. Louis,2022,May,"$ 4,624.63",24,37,4
112,14,St. Louis,2022,May,"$ 4,409.60",26,40,5
2009,14,St. Louis,2022,May,"$ 4,399.56",27,44,6
204,14,St. Louis,2022,May,"$ 4,283.66",22,34,7
109,14,St. Louis,2022,May,"$ 4,119.84",22,36,8
115,14,St. Louis,2022,May,"$ 3,890.96",24,34,9
198,14,St. Louis,2022,May,"$ 3,856.71",18,29,10
1552,14,St. Louis,2022,June,"$ 5,248.95",13,21,1
1594,14,St. Louis,2022,June,"$ 4,667.00",9,13,2
201,14,St. Louis,2022,June,"$ 4,549.65",22,35,3
170,14,St. Louis,2022,June,"$ 4,139.54",29,46,4
149,14,St. Louis,2022,June,"$ 4,124.67",23,33,5
204,14,St. Louis,2022,June,"$ 4,031.68",21,32,6
1592,14,St. Louis,2022,June,"$ 3,969.00",14,21,7
206,14,St. Louis,2022,June,"$ 3,874.75",16,25,8
219,14,St. Louis,2022,June,"$ 3,847.63",23,37,9
109,14,St. Louis,2022,June,"$ 3,547.64",21,31,10
1594,14,St. Louis,2022,July,"$ 6,821.00",13,19,1
212,14,St. Louis,2022,July,"$ 4,217.62",24,38,2
125,14,St. Louis,2022,July,"$ 3,799.60",29,40,3
204,14,St. Louis,2022,July,"$ 3,779.70",18,30,4
2007,14,St. Louis,2022,July,"$ 3,743.68",20,32,5
156,14,St. Louis,2022,July,"$ 3,699.63",25,37,6
1989,14,St. Louis,2022,July,"$ 3,695.56",29,44,7
242,14,St. Louis,2022,July,"$ 3,629.67",20,33,8
1645,14,St. Louis,2022,July,"$ 3,580.00",13,20,9
1644,14,St. Louis,2022,July,"$ 3,576.00",17,24,10
1594,14,St. Louis,2022,August,"$ 5,026.00",13,14,1
265,14,St. Louis,2022,August,"$ 4,599.54",33,46,2
206,14,St. Louis,2022,August,"$ 4,339.72",19,28,3
1552,14,St. Louis,2022,August,"$ 4,249.15",13,17,4
1626,14,St. Louis,2022,August,"$ 4,245.45",20,31,5
201,14,St. Louis,2022,August,"$ 4,029.69",19,31,6
149,14,St. Louis,2022,August,"$ 3,999.68",25,32,7
176,14,St. Louis,2022,August,"$ 3,799.62",21,38,8
1635,14,St. Louis,2022,August,"$ 3,779.79",13,21,9
106,14,St. Louis,2022,August,"$ 3,776.52",20,33,10
149,14,St. Louis,2022,September,"$ 6,249.50",32,50,1
1594,14,St. Louis,2022,September,"$ 5,385.00",8,15,2
206,14,St. Louis,2022,September,"$ 5,269.66",25,34,3
1552,14,St. Louis,2022,September,"$ 4,749.05",12,19,4
115,14,St. Louis,2022,September,"$ 4,577.60",26,40,5
1593,14,St. Louis,2022,September,"$ 4,389.00",12,21,6
1634,14,St. Louis,2022,September,"$ 4,349.71",18,29,7
2007,14,St. Louis,2022,September,"$ 4,094.65",23,35,8
251,14,St. Louis,2022,September,"$ 3,998.57",27,43,9
112,14,St. Louis,2022,September,"$ 3,858.40",23,35,10
1551,14,St. Louis,2022,October,"$ 5,518.80",16,24,1
173,14,St. Louis,2022,October,"$ 4,639.60",27,40,2
1572,14,St. Louis,2022,October,"$ 3,938.00",15,22,3
106,14,St. Louis,2022,October,"$ 3,890.96",24,34,4
198,14,St. Louis,2022,October,"$ 3,723.72",19,28,5
2008,14,St. Louis,2022,October,"$ 3,711.68",23,32,6
170,14,St. Louis,2022,October,"$ 3,689.59",26,41,7
2014,14,St. Louis,2022,October,"$ 3,654.57",29,43,8
185,14,St. Louis,2022,October,"$ 3,629.67",21,33,9
152,14,St. Louis,2022,October,"$ 3,599.64",24,36,10
198,14,St. Louis,2022,November,"$ 5,452.59",24,41,1
115,14,St. Louis,2022,November,"$ 5,149.80",31,45,2
1594,14,St. Louis,2022,November,"$ 4,667.00",10,13,3
1572,14,St. Louis,2022,November,"$ 4,475.00",16,25,4
206,14,St. Louis,2022,November,"$ 4,184.73",16,27,5
212,14,St. Louis,2022,November,"$ 4,106.63",28,37,6
204,14,St. Louis,2022,November,"$ 3,905.69",20,31,7
242,14,St. Louis,2022,November,"$ 3,849.65",24,35,8
185,14,St. Louis,2022,November,"$ 3,629.67",21,33,9
149,14,St. Louis,2022,November,"$ 3,624.71",19,29,10
206,14,St. Louis,2022,December,"$ 6,354.59",25,41,1
1594,14,St. Louis,2022,December,"$ 6,103.00",13,17,2
201,14,St. Louis,2022,December,"$ 5,719.56",27,44,3
1645,14,St. Louis,2022,December,"$ 5,370.00",17,30,4
2006,14,St. Louis,2022,December,"$ 5,286.09",29,47,5
1634,14,St. Louis,2022,December,"$ 5,249.65",19,35,6
2007,14,St. Louis,2022,December,"$ 5,147.56",25,44,7
1552,14,St. Louis,2022,December,"$ 4,999.00",11,20,8
2008,14,St. Louis,2022,December,"$ 4,987.57",26,43,9
198,14,St. Louis,2022,December,"$ 4,920.63",25,37,10
1551,14,St. Louis,2023,January,"$ 7,128.45",17,31,1
206,14,St. Louis,2023,January,"$ 6,044.61",23,39,2
1594,14,St. Louis,2023,January,"$ 5,744.00",10,16,3
204,14,St. Louis,2023,January,"$ 5,543.56",28,44,4
198,14,St. Louis,2023,January,"$ 4,255.68",19,32,5
149,14,St. Louis,2023,January,"$ 4,124.67",21,33,6
106,14,St. Louis,2023,January,"$ 4,119.84",23,36,7
2008,14,St. Louis,2023,January,"$ 3,943.66",23,34,8
265,14,St. Louis,2023,January,"$ 3,899.61",25,39,9
115,14,St. Louis,2023,January,"$ 3,776.52",22,33,10
149,14,St. Louis,2023,Febuary,"$ 4,249.66",24,34,1
177,14,St. Louis,2023,Febuary,"$ 4,094.61",24,39,2
160,14,St. Louis,2023,Febuary,"$ 4,049.55",28,45,3
198,14,St. Louis,2023,Febuary,"$ 3,856.71",19,29,4
201,14,St. Louis,2023,Febuary,"$ 3,639.72",19,28,5
173,14,St. Louis,2023,Febuary,"$ 3,595.69",22,31,6
15,14,St. Louis,2023,Febuary,"$ 3,569.16",25,42,7
2014,14,St. Louis,2023,Febuary,"$ 3,484.59",25,41,8
2006,14,St. Louis,2023,Febuary,"$ 3,374.10",19,30,9
152,14,St. Louis,2023,Febuary,"$ 3,299.67",19,33,10
1594,14,St. Louis,2023,March,"$ 7,180.00",12,20,1
198,14,St. Louis,2023,March,"$ 4,521.66",22,34,2
177,14,St. Louis,2023,March,"$ 4,304.59",29,41,3
109,14,St. Louis,2023,March,"$ 4,234.28",23,37,4
206,14,St. Louis,2023,March,"$ 4,184.73",18,27,5
1551,14,St. Louis,2023,March,"$ 4,139.10",10,18,6
149,14,St. Louis,2023,March,"$ 3,999.68",20,32,7
2009,14,St. Louis,2023,March,"$ 3,999.60",26,40,8
1596,14,St. Louis,2023,March,"$ 3,959.78",14,22,9
60,14,St. Louis,2023,March,"$ 3,941.46",34,54,10
206,14,St. Louis,2023,April,"$ 4,804.69",22,31,1
173,14,St. Louis,2023,April,"$ 4,407.62",25,38,2
204,14,St. Louis,2023,April,"$ 4,157.67",24,33,3
112,14,St. Louis,2023,April,"$ 4,078.88",25,37,4
168,14,St. Louis,2023,April,"$ 3,999.60",26,40,5
1594,14,St. Louis,2023,April,"$ 3,949.00",6,11,6
1601,14,St. Louis,2023,April,"$ 3,759.00",13,21,7
149,14,St. Louis,2023,April,"$ 3,749.70",19,30,8
1551,14,St. Louis,2023,April,"$ 3,679.20",8,16,9
177,14,St. Louis,2023,April,"$ 3,569.66",21,34,10
1594,14,St. Louis,2023,May,"$ 6,103.00",10,17,1
1552,14,St. Louis,2023,May,"$ 5,498.90",13,22,2
206,14,St. Louis,2023,May,"$ 4,649.70",20,30,3
242,14,St. Louis,2023,May,"$ 4,509.59",26,41,4
219,14,St. Louis,2023,May,"$ 4,471.57",28,43,5
201,14,St. Louis,2023,May,"$ 4,289.67",21,33,6
212,14,St. Louis,2023,May,"$ 4,217.62",26,38,7
176,14,St. Louis,2023,May,"$ 3,999.60",27,40,8
2007,14,St. Louis,2023,May,"$ 3,977.66",22,34,9
1571,14,St. Louis,2023,May,"$ 3,975.00",15,25,10
1552,14,St. Louis,2023,June,"$ 6,748.65",18,27,1
1594,14,St. Louis,2023,June,"$ 5,026.00",9,14,2
2003,14,St. Louis,2023,June,"$ 4,813.42",38,58,3
201,14,St. Louis,2023,June,"$ 4,679.64",23,36,4
2008,14,St. Louis,2023,June,"$ 4,639.60",24,40,5
2006,14,St. Louis,2023,June,"$ 4,273.86",24,38,6
2009,14,St. Louis,2023,June,"$ 3,999.60",30,40,7
1551,14,St. Louis,2023,June,"$ 3,909.15",11,17,8
2011,14,St. Louis,2023,June,"$ 3,773.63",23,37,9
198,14,St. Louis,2023,June,"$ 3,723.72",19,28,10
1594,14,St. Louis,2023,July,"$ 5,744.00",10,16,1
1551,14,St. Louis,2023,July,"$ 5,288.85",16,23,2
206,14,St. Louis,2023,July,"$ 5,269.66",21,34,3
123,14,St. Louis,2023,July,"$ 4,464.53",29,47,4
2011,14,St. Louis,2023,July,"$ 4,385.57",27,43,5
2008,14,St. Louis,2023,July,"$ 3,827.67",24,33,6
254,14,St. Louis,2023,July,"$ 3,719.60",25,40,7
201,14,St. Louis,2023,July,"$ 3,639.72",19,28,8
149,14,St. Louis,2023,July,"$ 3,624.71",18,29,9
115,14,St. Louis,2023,July,"$ 3,547.64",24,31,10
1594,14,St. Louis,2023,August,"$ 5,744.00",11,16,1
125,14,St. Louis,2023,August,"$ 3,894.59",27,41,2
206,14,St. Louis,2023,August,"$ 3,874.75",16,25,3
1592,14,St. Louis,2023,August,"$ 3,780.00",13,20,4
135,14,St. Louis,2023,August,"$ 3,648.59",26,41,5
112,14,St. Louis,2023,August,"$ 3,527.68",21,32,6
137,14,St. Louis,2023,August,"$ 3,509.61",25,39,7
15,14,St. Louis,2023,August,"$ 3,229.24",24,38,8
201,14,St. Louis,2023,August,"$ 3,119.76",15,24,9
2014,14,St. Louis,2023,August,"$ 3,059.64",23,36,10
1551,14,St. Louis,2023,September,"$ 4,369.05",13,19,1
149,14,St. Louis,2023,September,"$ 4,249.66",20,34,2
123,14,St. Louis,2023,September,"$ 4,084.57",25,43,3
156,14,St. Louis,2023,September,"$ 3,799.62",24,38,4
1572,14,St. Louis,2023,September,"$ 3,759.00",13,21,5
1552,14,St. Louis,2023,September,"$ 3,749.25",11,15,6
2011,14,St. Louis,2023,September,"$ 3,569.65",21,35,7
206,14,St. Louis,2023,September,"$ 3,564.77",16,23,8
1593,14,St. Louis,2023,September,"$ 3,553.00",13,17,9
2007,14,St. Louis,2023,September,"$ 3,509.70",22,30,10
1594,14,St. Louis,2023,October,"$ 6,103.00",12,17,1
206,14,St. Louis,2023,October,"$ 5,889.62",27,38,2
173,14,St. Louis,2023,October,"$ 4,987.57",30,43,3
201,14,St. Louis,2023,October,"$ 4,549.65",23,35,4
119,14,St. Louis,2023,October,"$ 4,441.03",29,47,5
2007,14,St. Louis,2023,October,"$ 3,860.67",23,33,6
2013,14,St. Louis,2023,October,"$ 3,824.55",29,45,7
2010,14,St. Louis,2023,October,"$ 3,799.62",23,38,8
158,14,St. Louis,2023,October,"$ 3,779.58",26,42,9
1572,14,St. Louis,2023,October,"$ 3,759.00",14,21,10
198,14,St. Louis,2023,November,"$ 5,053.62",25,38,1
1552,14,St. Louis,2023,November,"$ 4,499.10",12,18,2
177,14,St. Louis,2023,November,"$ 4,304.59",26,41,3
1591,14,St. Louis,2023,November,"$ 4,225.00",16,25,4
206,14,St. Louis,2023,November,"$ 4,184.73",18,27,5
149,14,St. Louis,2023,November,"$ 4,124.67",21,33,6
1594,14,St. Louis,2023,November,"$ 3,949.00",8,11,7
262,14,St. Louis,2023,November,"$ 3,909.54",30,46,8
1645,14,St. Louis,2023,November,"$ 3,759.00",15,21,9
109,14,St. Louis,2023,November,"$ 3,433.20",20,30,10
1594,14,St. Louis,2023,December,"$ 8,975.00",16,25,1
1551,14,St. Louis,2023,December,"$ 5,978.70",18,26,2
2006,14,St. Louis,2023,December,"$ 5,960.91",32,53,3
206,14,St. Louis,2023,December,"$ 5,269.66",22,34,4
198,14,St. Louis,2023,December,"$ 5,053.62",24,38,5
123,14,St. Louis,2023,December,"$ 5,034.47",34,53,6
1593,14,St. Louis,2023,December,"$ 5,016.00",15,24,7
2009,14,St. Louis,2023,December,"$ 4,699.53",29,47,8
204,14,St. Louis,2023,December,"$ 4,661.63",24,37,9
242,14,St. Louis,2023,December,"$ 4,619.58",29,42,10
115,14,St. Louis,2024,January,"$ 4,234.28",24,37,1
1572,14,St. Louis,2024,January,"$ 4,117.00",13,23,2
204,14,St. Louis,2024,January,"$ 3,779.70",21,30,3
1552,14,St. Louis,2024,January,"$ 3,749.25",10,15,4
6,14,St. Louis,2024,January,"$ 3,743.04",30,48,5
2002,14,St. Louis,2024,January,"$ 3,734.55",28,45,6
198,14,St. Louis,2024,January,"$ 3,723.72",22,28,7
197,14,St. Louis,2024,January,"$ 3,709.65",25,35,8
246,14,St. Louis,2024,January,"$ 3,689.59",27,41,9
1551,14,St. Louis,2024,January,"$ 3,679.20",10,16,10
1552,14,St. Louis,2024,Febuary,"$ 4,749.05",12,19,1
1592,14,St. Louis,2024,Febuary,"$ 4,158.00",13,22,2
1594,14,St. Louis,2024,Febuary,"$ 3,949.00",6,11,3
109,14,St. Louis,2024,Febuary,"$ 3,776.52",21,33,4
201,14,St. Louis,2024,Febuary,"$ 3,769.71",19,29,5
176,14,St. Louis,2024,Febuary,"$ 3,699.63",23,37,6
1551,14,St. Louis,2024,Febuary,"$ 3,679.20",11,16,7
206,14,St. Louis,2024,Febuary,"$ 3,564.77",16,23,8
115,14,St. Louis,2024,Febuary,"$ 3,547.64",20,31,9
2007,14,St. Louis,2024,Febuary,"$ 3,509.70",21,30,10
1594,14,St. Louis,2024,March,"$ 7,898.00",13,22,1
1552,14,St. Louis,2024,March,"$ 4,999.00",14,20,2
198,14,St. Louis,2024,March,"$ 4,521.66",20,34,3
211,14,St. Louis,2024,March,"$ 4,133.61",26,39,4
185,14,St. Louis,2024,March,"$ 3,739.66",23,34,5
254,14,St. Louis,2024,March,"$ 3,719.60",23,40,6
212,14,St. Louis,2024,March,"$ 3,662.67",18,33,7
1601,14,St. Louis,2024,March,"$ 3,580.00",12,20,8
204,14,St. Louis,2024,March,"$ 3,527.72",18,28,9
246,14,St. Louis,2024,March,"$ 3,509.61",24,39,10
1594,14,St. Louis,2024,April,"$ 5,744.00",11,16,1
201,14,St. Louis,2024,April,"$ 5,199.60",24,40,2
173,14,St. Louis,2024,April,"$ 5,103.56",27,44,3
1572,14,St. Louis,2024,April,"$ 4,296.00",14,24,4
1552,14,St. Louis,2024,April,"$ 4,249.15",11,17,5
2011,14,St. Louis,2024,April,"$ 4,181.59",28,41,6
112,14,St. Louis,2024,April,"$ 4,078.88",24,37,7
2006,14,St. Louis,2024,April,"$ 4,048.92",26,36,8
149,14,St. Louis,2024,April,"$ 3,999.68",21,32,9
198,14,St. Louis,2024,April,"$ 3,856.71",18,29,10
1593,14,St. Louis,2024,May,"$ 6,061.00",17,29,1
1594,14,St. Louis,2024,May,"$ 5,385.00",9,15,2
149,14,St. Louis,2024,May,"$ 5,124.59",25,41,3
206,14,St. Louis,2024,May,"$ 5,114.67",22,33,4
201,14,St. Louis,2024,May,"$ 5,069.61",24,39,5
1592,14,St. Louis,2024,May,"$ 4,914.00",17,26,6
204,14,St. Louis,2024,May,"$ 4,409.65",20,35,7
198,14,St. Louis,2024,May,"$ 4,255.68",22,32,8
1644,14,St. Louis,2024,May,"$ 4,172.00",16,28,9
1552,14,St. Louis,2024,May,"$ 3,999.20",10,16,10
1551,14,St. Louis,2024,June,"$ 6,208.65",15,27,1
176,14,St. Louis,2024,June,"$ 4,299.57",24,43,2
204,14,St. Louis,2024,June,"$ 4,283.66",22,34,3
1592,14,St. Louis,2024,June,"$ 4,158.00",15,22,4
106,14,St. Louis,2024,June,"$ 4,119.84",24,36,5
121,14,St. Louis,2024,June,"$ 3,894.59",26,41,6
2007,14,St. Louis,2024,June,"$ 3,860.67",20,33,7
183,14,St. Louis,2024,June,"$ 3,799.62",25,38,8
1601,14,St. Louis,2024,June,"$ 3,759.00",13,21,9
2009,14,St. Louis,2024,June,"$ 3,699.63",24,37,10
1594,14,St. Louis,2024,July,"$ 7,180.00",14,20,1
206,14,St. Louis,2024,July,"$ 6,199.60",26,40,2
1591,14,St. Louis,2024,July,"$ 5,408.00",21,32,3
204,14,St. Louis,2024,July,"$ 4,535.64",22,36,4
1552,14,St. Louis,2024,July,"$ 4,499.10",12,18,5
168,14,St. Louis,2024,July,"$ 4,299.57",27,43,6
198,14,St. Louis,2024,July,"$ 4,122.69",21,31,7
149,14,St. Louis,2024,July,"$ 3,999.68",20,32,8
2007,14,St. Louis,2024,July,"$ 3,977.66",21,34,9
158,14,St. Louis,2024,July,"$ 3,959.56",29,44,10
1594,14,St. Louis,2024,August,"$ 5,026.00",8,14,1
121,14,St. Louis,2024,August,"$ 4,654.51",34,49,2
206,14,St. Louis,2024,August,"$ 4,339.72",21,28,3
176,14,St. Louis,2024,August,"$ 4,099.59",23,41,4
211,14,St. Louis,2024,August,"$ 4,027.62",24,38,5
152,14,St. Louis,2024,August,"$ 3,999.60",26,40,6
112,14,St. Louis,2024,August,"$ 3,968.64",25,36,7
119,14,St. Louis,2024,August,"$ 3,968.58",26,42,8
247,14,St. Louis,2024,August,"$ 3,869.57",26,43,9
1592,14,St. Louis,2024,August,"$ 3,780.00",12,20,10
1552,14,St. Louis,2024,September,"$ 4,999.00",13,20,1
212,14,St. Louis,2024,September,"$ 4,217.62",26,38,2
2006,14,St. Louis,2024,September,"$ 4,161.39",22,37,3
2009,14,St. Louis,2024,September,"$ 3,999.60",27,40,4
1593,14,St. Louis,2024,September,"$ 3,971.00",11,19,5
115,14,St. Louis,2024,September,"$ 3,890.96",23,34,6
206,14,St. Louis,2024,September,"$ 3,874.75",19,25,7
185,14,St. Louis,2024,September,"$ 3,739.66",24,34,8
198,14,St. Louis,2024,September,"$ 3,723.72",18,28,9
204,14,St. Louis,2024,September,"$ 3,653.71",20,29,10
1552,14,St. Louis,2024,October,"$ 5,248.95",14,21,1
219,14,St. Louis,2024,October,"$ 4,887.53",31,47,2
201,14,St. Louis,2024,October,"$ 4,809.63",22,37,3
1593,14,St. Louis,2024,October,"$ 4,180.00",12,20,4
1592,14,St. Louis,2024,October,"$ 4,158.00",14,22,5
1594,14,St. Louis,2024,October,"$ 3,949.00",7,11,6
1551,14,St. Louis,2024,October,"$ 3,909.15",10,17,7
1606,14,St. Louis,2024,October,"$ 3,769.71",17,29,8
206,14,St. Louis,2024,October,"$ 3,564.77",14,23,9
125,14,St. Louis,2024,October,"$ 3,514.63",26,37,10
204,14,St. Louis,2024,November,"$ 5,543.56",29,44,1
1594,14,St. Louis,2024,November,"$ 4,667.00",10,13,2
149,14,St. Louis,2024,November,"$ 4,624.63",25,37,3
125,14,St. Louis,2024,November,"$ 3,989.58",27,42,4
221,14,St. Louis,2024,November,"$ 3,951.48",33,52,5
198,14,St. Louis,2024,November,"$ 3,856.71",17,29,6
185,14,St. Louis,2024,November,"$ 3,849.65",25,35,7
1552,14,St. Louis,2024,November,"$ 3,749.25",11,15,8
106,14,St. Louis,2024,November,"$ 3,547.64",20,31,9
2007,14,St. Louis,2024,November,"$ 3,509.70",21,30,10
1594,14,St. Louis,2024,December,"$ 7,898.00",15,22,1
1552,14,St. Louis,2024,December,"$ 5,748.85",16,23,2
204,14,St. Louis,2024,December,"$ 5,165.59",27,41,3
201,14,St. Louis,2024,December,"$ 5,069.61",25,39,4
197,14,St. Louis,2024,December,"$ 4,875.54",29,46,5
173,14,St. Louis,2024,December,"$ 4,871.58",27,42,6
1551,14,St. Louis,2024,December,"$ 4,828.95",12,21,7
185,14,St. Louis,2024,December,"$ 4,729.57",29,43,8
206,14,St. Louis,2024,December,"$ 4,649.70",22,30,9
112,14,St. Louis,2024,December,"$ 4,519.84",29,41,10
1594,15,Urbana,2019,January,"$ 2,872.00",5,8,1
1552,15,Urbana,2019,January,"$ 2,749.45",7,11,2
204,15,Urbana,2019,January,"$ 2,393.81",12,19,3
173,15,Urbana,2019,January,"$ 2,319.80",11,20,4
242,15,Urbana,2019,January,"$ 2,309.79",15,21,5
168,15,Urbana,2019,January,"$ 2,299.77",16,23,6
1593,15,Urbana,2019,January,"$ 2,299.00",8,11,7
1571,15,Urbana,2019,January,"$ 2,226.00",9,14,8
112,15,Urbana,2019,January,"$ 2,204.80",12,20,9
1596,15,Urbana,2019,January,"$ 2,159.88",7,12,10
1594,15,Urbana,2019,Febuary,"$ 3,590.00",7,10,1
112,15,Urbana,2019,Febuary,"$ 2,094.56",13,19,2
6,15,Urbana,2019,Febuary,"$ 2,027.48",18,26,3
204,15,Urbana,2019,Febuary,"$ 2,015.84",11,16,4
149,15,Urbana,2019,Febuary,"$ 1,999.84",10,16,5
177,15,Urbana,2019,Febuary,"$ 1,994.81",12,19,6
185,15,Urbana,2019,Febuary,"$ 1,979.82",10,18,7
1593,15,Urbana,2019,Febuary,"$ 1,881.00",6,9,8
2007,15,Urbana,2019,Febuary,"$ 1,871.84",11,16,9
219,15,Urbana,2019,Febuary,"$ 1,871.82",12,18,10
112,15,Urbana,2019,March,"$ 2,645.76",17,24,1
2012,15,Urbana,2019,March,"$ 2,519.72",16,28,2
271,15,Urbana,2019,March,"$ 2,339.74",16,26,3
106,15,Urbana,2019,March,"$ 2,059.92",12,18,4
251,15,Urbana,2019,March,"$ 2,045.78",13,22,5
152,15,Urbana,2019,March,"$ 1,899.81",14,19,6
179,15,Urbana,2019,March,"$ 1,727.82",13,18,7
200,15,Urbana,2019,March,"$ 1,721.79",14,21,8
246,15,Urbana,2019,March,"$ 1,709.81",14,19,9
176,15,Urbana,2019,March,"$ 1,699.83",12,17,10
242,15,Urbana,2019,April,"$ 2,419.78",12,22,1
1634,15,Urbana,2019,April,"$ 2,399.84",10,16,2
2002,15,Urbana,2019,April,"$ 2,323.72",19,28,3
2008,15,Urbana,2019,April,"$ 2,319.80",11,20,4
219,15,Urbana,2019,April,"$ 2,183.79",13,21,5
1593,15,Urbana,2019,April,"$ 2,090.00",6,10,6
254,15,Urbana,2019,April,"$ 2,045.78",15,22,7
2014,15,Urbana,2019,April,"$ 2,039.76",16,24,8
1591,15,Urbana,2019,April,"$ 2,028.00",8,12,9
271,15,Urbana,2019,April,"$ 1,889.79",13,21,10
1552,15,Urbana,2019,May,"$ 2,999.40",8,12,1
201,15,Urbana,2019,May,"$ 2,729.79",16,21,2
204,15,Urbana,2019,May,"$ 2,645.79",14,21,3
158,15,Urbana,2019,May,"$ 2,249.75",17,25,4
2011,15,Urbana,2019,May,"$ 2,243.78",13,22,5
2006,15,Urbana,2019,May,"$ 2,136.93",14,19,6
1634,15,Urbana,2019,May,"$ 2,099.86",9,14,7
1992,15,Urbana,2019,May,"$ 2,069.77",14,23,8
206,15,Urbana,2019,May,"$ 2,014.87",10,13,9
176,15,Urbana,2019,May,"$ 1,999.80",11,20,10
1594,15,Urbana,2019,June,"$ 3,590.00",7,10,1
112,15,Urbana,2019,June,"$ 2,535.52",15,23,2
1992,15,Urbana,2019,June,"$ 2,339.74",15,26,3
1551,15,Urbana,2019,June,"$ 2,299.50",6,10,4
204,15,Urbana,2019,June,"$ 2,267.82",11,18,5
166,15,Urbana,2019,June,"$ 2,159.73",18,27,6
212,15,Urbana,2019,June,"$ 1,997.82",13,18,7
7,15,Urbana,2019,June,"$ 1,954.54",15,23,8
201,15,Urbana,2019,June,"$ 1,949.85",10,15,9
1592,15,Urbana,2019,June,"$ 1,890.00",6,10,10
201,15,Urbana,2019,July,"$ 2,859.78",12,22,1
206,15,Urbana,2019,July,"$ 2,789.82",14,18,2
2006,15,Urbana,2019,July,"$ 2,249.40",12,20,3
106,15,Urbana,2019,July,"$ 2,174.36",13,19,4
204,15,Urbana,2019,July,"$ 2,141.83",12,17,5
2007,15,Urbana,2019,July,"$ 2,105.82",12,18,6
1595,15,Urbana,2019,July,"$ 2,099.86",10,14,7
175,15,Urbana,2019,July,"$ 1,954.77",13,23,8
2010,15,Urbana,2019,July,"$ 1,899.81",11,19,9
119,15,Urbana,2019,July,"$ 1,889.80",15,20,10
1594,15,Urbana,2019,August,"$ 3,949.00",8,11,1
2002,15,Urbana,2019,August,"$ 2,821.66",18,34,2
1593,15,Urbana,2019,August,"$ 2,717.00",8,13,3
206,15,Urbana,2019,August,"$ 2,634.83",12,17,4
1552,15,Urbana,2019,August,"$ 2,499.50",7,10,5
2007,15,Urbana,2019,August,"$ 2,456.79",13,21,6
185,15,Urbana,2019,August,"$ 2,309.79",13,21,7
2009,15,Urbana,2019,August,"$ 2,299.77",14,23,8
204,15,Urbana,2019,August,"$ 2,267.82",12,18,9
217,15,Urbana,2019,August,"$ 2,079.74",16,26,10
1594,15,Urbana,2019,September,"$ 3,590.00",7,10,1
212,15,Urbana,2019,September,"$ 2,330.79",12,21,2
206,15,Urbana,2019,September,"$ 2,324.85",10,15,3
1634,15,Urbana,2019,September,"$ 2,099.86",8,14,4
2008,15,Urbana,2019,September,"$ 2,087.82",11,18,5
10,15,Urbana,2019,September,"$ 2,078.73",18,27,6
1591,15,Urbana,2019,September,"$ 2,028.00",7,12,7
162,15,Urbana,2019,September,"$ 1,979.78",13,22,8
2006,15,Urbana,2019,September,"$ 1,911.99",11,17,9
158,15,Urbana,2019,September,"$ 1,889.79",13,21,10
1635,15,Urbana,2019,October,"$ 2,879.84",11,16,1
173,15,Urbana,2019,October,"$ 2,435.79",13,21,2
1571,15,Urbana,2019,October,"$ 2,385.00",10,15,3
1551,15,Urbana,2019,October,"$ 2,299.50",6,10,4
112,15,Urbana,2019,October,"$ 2,094.56",11,19,5
106,15,Urbana,2019,October,"$ 2,059.92",11,18,6
17,15,Urbana,2019,October,"$ 2,039.52",15,24,7
2006,15,Urbana,2019,October,"$ 2,024.46",12,18,8
149,15,Urbana,2019,October,"$ 1,999.84",11,16,9
2009,15,Urbana,2019,October,"$ 1,999.80",14,20,10
198,15,Urbana,2019,November,"$ 2,792.79",14,21,1
1591,15,Urbana,2019,November,"$ 2,704.00",11,16,2
201,15,Urbana,2019,November,"$ 2,339.82",11,18,3
1551,15,Urbana,2019,November,"$ 2,299.50",7,10,4
83,15,Urbana,2019,November,"$ 2,169.69",17,31,5
1594,15,Urbana,2019,November,"$ 2,154.00",5,6,6
2006,15,Urbana,2019,November,"$ 2,024.46",13,18,7
10,15,Urbana,2019,November,"$ 2,001.74",15,26,8
185,15,Urbana,2019,November,"$ 1,979.82",11,18,9
1572,15,Urbana,2019,November,"$ 1,969.00",7,11,10
1594,15,Urbana,2019,December,"$ 4,308.00",7,12,1
1552,15,Urbana,2019,December,"$ 3,999.20",10,16,2
1601,15,Urbana,2019,December,"$ 3,043.00",11,17,3
112,15,Urbana,2019,December,"$ 2,976.48",17,27,4
2000,15,Urbana,2019,December,"$ 2,799.65",24,35,5
17,15,Urbana,2019,December,"$ 2,634.38",20,31,6
1572,15,Urbana,2019,December,"$ 2,506.00",10,14,7
149,15,Urbana,2019,December,"$ 2,499.80",13,20,8
15,15,Urbana,2019,December,"$ 2,464.42",18,29,9
2007,15,Urbana,2019,December,"$ 2,456.79",14,21,10
201,15,Urbana,2020,January,"$ 3,249.75",14,25,1
1552,15,Urbana,2020,January,"$ 3,249.35",8,13,2
1543,15,Urbana,2020,January,"$ 2,520.00",13,21,3
106,15,Urbana,2020,January,"$ 2,517.68",15,22,4
2008,15,Urbana,2020,January,"$ 2,435.79",13,21,5
2011,15,Urbana,2020,January,"$ 2,345.77",15,23,6
2007,15,Urbana,2020,January,"$ 2,339.80",13,20,7
158,15,Urbana,2020,January,"$ 2,339.74",16,26,8
183,15,Urbana,2020,January,"$ 2,299.77",17,23,9
1551,15,Urbana,2020,January,"$ 2,299.50",6,10,10
1594,15,Urbana,2020,Febuary,"$ 6,103.00",11,17,1
1551,15,Urbana,2020,Febuary,"$ 3,679.20",12,16,2
206,15,Urbana,2020,Febuary,"$ 2,944.81",14,19,3
198,15,Urbana,2020,Febuary,"$ 2,925.78",13,22,4
212,15,Urbana,2020,Febuary,"$ 2,552.77",13,23,5
1992,15,Urbana,2020,Febuary,"$ 2,249.75",16,25,6
173,15,Urbana,2020,Febuary,"$ 2,203.81",12,19,7
185,15,Urbana,2020,Febuary,"$ 2,199.80",13,20,8
2006,15,Urbana,2020,Febuary,"$ 2,136.93",10,19,9
106,15,Urbana,2020,Febuary,"$ 2,059.92",12,18,10
201,15,Urbana,2020,March,"$ 4,419.66",20,34,1
173,15,Urbana,2020,March,"$ 3,131.73",17,27,2
198,15,Urbana,2020,March,"$ 2,925.78",16,22,3
131,15,Urbana,2020,March,"$ 2,799.65",23,35,4
204,15,Urbana,2020,March,"$ 2,771.78",15,22,5
2006,15,Urbana,2020,March,"$ 2,699.28",16,24,6
1594,15,Urbana,2020,March,"$ 2,513.00",6,7,7
1592,15,Urbana,2020,March,"$ 2,457.00",9,13,8
158,15,Urbana,2020,March,"$ 2,429.73",16,27,9
3,15,Urbana,2020,March,"$ 2,379.44",18,28,10
1594,15,Urbana,2020,April,"$ 4,308.00",8,12,1
206,15,Urbana,2020,April,"$ 3,409.78",15,22,2
1634,15,Urbana,2020,April,"$ 2,699.82",11,18,3
212,15,Urbana,2020,April,"$ 2,441.78",14,22,4
109,15,Urbana,2020,April,"$ 2,403.24",14,21,5
149,15,Urbana,2020,April,"$ 2,374.81",14,19,6
127,15,Urbana,2020,April,"$ 2,159.73",17,27,7
198,15,Urbana,2020,April,"$ 2,127.84",9,16,8
197,15,Urbana,2020,April,"$ 2,119.80",14,20,9
2007,15,Urbana,2020,April,"$ 2,105.82",11,18,10
1571,15,Urbana,2020,May,"$ 3,021.00",13,19,1
1552,15,Urbana,2020,May,"$ 2,999.40",9,12,2
262,15,Urbana,2020,May,"$ 2,464.71",17,29,3
119,15,Urbana,2020,May,"$ 2,456.74",17,26,4
250,15,Urbana,2020,May,"$ 2,417.74",18,26,5
106,15,Urbana,2020,May,"$ 2,403.24",14,21,6
2010,15,Urbana,2020,May,"$ 2,399.76",14,24,7
173,15,Urbana,2020,May,"$ 2,319.80",11,20,8
1551,15,Urbana,2020,May,"$ 2,299.50",7,10,9
212,15,Urbana,2020,May,"$ 2,219.80",12,20,10
2008,15,Urbana,2020,June,"$ 2,667.77",14,23,1
176,15,Urbana,2020,June,"$ 2,299.77",14,23,2
106,15,Urbana,2020,June,"$ 2,288.80",17,20,3
170,15,Urbana,2020,June,"$ 2,159.76",14,24,4
177,15,Urbana,2020,June,"$ 2,099.80",12,20,5
1628,15,Urbana,2020,June,"$ 2,079.20",9,16,6
262,15,Urbana,2020,June,"$ 2,039.76",14,24,7
6,15,Urbana,2020,June,"$ 2,027.48",17,26,8
2009,15,Urbana,2020,June,"$ 1,999.80",13,20,9
1635,15,Urbana,2020,June,"$ 1,979.89",6,11,10
206,15,Urbana,2020,July,"$ 3,719.76",15,24,1
149,15,Urbana,2020,July,"$ 3,374.73",17,27,2
172,15,Urbana,2020,July,"$ 3,134.67",20,33,3
246,15,Urbana,2020,July,"$ 3,059.66",23,34,4
1645,15,Urbana,2020,July,"$ 2,864.00",10,16,5
1601,15,Urbana,2020,July,"$ 2,506.00",10,14,6
1552,15,Urbana,2020,July,"$ 2,499.50",6,10,7
2006,15,Urbana,2020,July,"$ 2,474.34",13,22,8
211,15,Urbana,2020,July,"$ 2,437.77",13,23,9
204,15,Urbana,2020,July,"$ 2,393.81",12,19,10
1552,15,Urbana,2020,August,"$ 3,749.25",8,15,1
1635,15,Urbana,2020,August,"$ 3,599.80",13,20,2
198,15,Urbana,2020,August,"$ 3,590.73",20,27,3
1645,15,Urbana,2020,August,"$ 3,401.00",13,19,4
181,15,Urbana,2020,August,"$ 2,687.72",18,28,5
1594,15,Urbana,2020,August,"$ 2,513.00",4,7,6
211,15,Urbana,2020,August,"$ 2,437.77",16,23,7
206,15,Urbana,2020,August,"$ 2,324.85",9,15,8
119,15,Urbana,2020,August,"$ 2,267.76",15,24,9
223,15,Urbana,2020,August,"$ 2,243.66",22,34,10
206,15,Urbana,2020,September,"$ 4,029.74",18,26,1
1594,15,Urbana,2020,September,"$ 3,590.00",7,10,2
204,15,Urbana,2020,September,"$ 3,527.72",18,28,3
1552,15,Urbana,2020,September,"$ 3,499.30",9,14,4
1634,15,Urbana,2020,September,"$ 3,449.77",13,23,5
106,15,Urbana,2020,September,"$ 2,975.44",18,26,6
1628,15,Urbana,2020,September,"$ 2,858.90",12,22,7
242,15,Urbana,2020,September,"$ 2,749.75",17,25,8
181,15,Urbana,2020,September,"$ 2,591.73",15,27,9
211,15,Urbana,2020,September,"$ 2,437.77",13,23,10
1552,15,Urbana,2020,October,"$ 2,999.40",8,12,1
106,15,Urbana,2020,October,"$ 2,632.12",14,23,2
112,15,Urbana,2020,October,"$ 2,535.52",16,23,3
2002,15,Urbana,2020,October,"$ 2,489.70",19,30,4
115,15,Urbana,2020,October,"$ 2,403.24",14,21,5
1635,15,Urbana,2020,October,"$ 2,339.87",8,13,6
201,15,Urbana,2020,October,"$ 2,339.82",11,18,7
211,15,Urbana,2020,October,"$ 2,331.78",13,22,8
254,15,Urbana,2020,October,"$ 2,324.75",16,25,9
173,15,Urbana,2020,October,"$ 2,319.80",13,20,10
149,15,Urbana,2020,November,"$ 3,749.70",18,30,1
1552,15,Urbana,2020,November,"$ 2,999.40",7,12,2
112,15,Urbana,2020,November,"$ 2,976.48",18,27,3
1593,15,Urbana,2020,November,"$ 2,926.00",8,14,4
2008,15,Urbana,2020,November,"$ 2,435.79",16,21,5
152,15,Urbana,2020,November,"$ 2,399.76",14,24,6
211,15,Urbana,2020,November,"$ 2,331.78",14,22,7
2002,15,Urbana,2020,November,"$ 2,240.73",17,27,8
173,15,Urbana,2020,November,"$ 2,203.81",13,19,9
206,15,Urbana,2020,November,"$ 2,169.86",9,14,10
1594,15,Urbana,2020,December,"$ 4,667.00",7,13,1
206,15,Urbana,2020,December,"$ 3,409.78",15,22,2
204,15,Urbana,2020,December,"$ 3,275.74",17,26,3
1551,15,Urbana,2020,December,"$ 3,219.30",9,14,4
1591,15,Urbana,2020,December,"$ 3,211.00",11,19,5
152,15,Urbana,2020,December,"$ 2,999.70",18,30,6
115,15,Urbana,2020,December,"$ 2,861.00",18,25,7
211,15,Urbana,2020,December,"$ 2,755.74",16,26,8
106,15,Urbana,2020,December,"$ 2,746.56",15,24,9
173,15,Urbana,2020,December,"$ 2,667.77",13,23,10
1594,15,Urbana,2021,January,"$ 4,308.00",8,12,1
1552,15,Urbana,2021,January,"$ 3,999.20",9,16,2
2007,15,Urbana,2021,January,"$ 2,924.75",17,25,3
106,15,Urbana,2021,January,"$ 2,746.56",16,24,4
1591,15,Urbana,2021,January,"$ 2,704.00",10,16,5
265,15,Urbana,2021,January,"$ 2,599.74",16,26,6
1596,15,Urbana,2021,January,"$ 2,519.86",9,14,7
225,15,Urbana,2021,January,"$ 2,481.66",23,34,8
254,15,Urbana,2021,January,"$ 2,417.74",17,26,9
177,15,Urbana,2021,January,"$ 2,414.77",16,23,10
152,15,Urbana,2021,Febuary,"$ 2,699.73",18,27,1
1987,15,Urbana,2021,Febuary,"$ 2,559.68",20,32,2
112,15,Urbana,2021,Febuary,"$ 2,425.28",14,22,3
2008,15,Urbana,2021,Febuary,"$ 2,319.80",13,20,4
242,15,Urbana,2021,Febuary,"$ 2,309.79",13,21,5
1594,15,Urbana,2021,Febuary,"$ 2,154.00",4,6,6
211,15,Urbana,2021,Febuary,"$ 2,119.80",12,20,7
1551,15,Urbana,2021,Febuary,"$ 2,069.55",5,9,8
131,15,Urbana,2021,Febuary,"$ 1,839.77",15,23,9
1584,15,Urbana,2021,Febuary,"$ 1,807.00",9,13,10
133,15,Urbana,2021,March,"$ 2,479.69",19,31,1
1991,15,Urbana,2021,March,"$ 2,324.69",21,31,2
176,15,Urbana,2021,March,"$ 2,299.77",16,23,3
1593,15,Urbana,2021,March,"$ 2,299.00",7,11,4
12,15,Urbana,2021,March,"$ 2,209.48",17,26,5
265,15,Urbana,2021,March,"$ 2,099.79",14,21,6
1551,15,Urbana,2021,March,"$ 2,069.55",6,9,7
204,15,Urbana,2021,March,"$ 1,889.85",9,15,8
162,15,Urbana,2021,March,"$ 1,889.79",12,21,9
219,15,Urbana,2021,March,"$ 1,871.82",12,18,10
1551,15,Urbana,2021,April,"$ 4,599.00",13,20,1
1572,15,Urbana,2021,April,"$ 3,222.00",11,18,2
211,15,Urbana,2021,April,"$ 2,755.74",16,26,3
206,15,Urbana,2021,April,"$ 2,324.85",11,15,4
1552,15,Urbana,2021,April,"$ 2,249.55",6,9,5
1571,15,Urbana,2021,April,"$ 2,226.00",10,14,6
2008,15,Urbana,2021,April,"$ 2,203.81",11,19,7
183,15,Urbana,2021,April,"$ 2,199.78",14,22,8
204,15,Urbana,2021,April,"$ 2,141.83",12,17,9
14,15,Urbana,2021,April,"$ 2,124.50",16,25,10
206,15,Urbana,2021,May,"$ 2,634.83",11,17,1
1634,15,Urbana,2021,May,"$ 2,249.85",11,15,2
247,15,Urbana,2021,May,"$ 2,249.75",15,25,3
176,15,Urbana,2021,May,"$ 2,199.78",16,22,4
1992,15,Urbana,2021,May,"$ 2,159.76",16,24,5
2007,15,Urbana,2021,May,"$ 2,105.82",12,18,6
219,15,Urbana,2021,May,"$ 2,079.80",11,20,7
119,15,Urbana,2021,May,"$ 2,078.78",14,22,8
109,15,Urbana,2021,May,"$ 1,945.48",12,17,9
1593,15,Urbana,2021,May,"$ 1,881.00",5,9,10
185,15,Urbana,2021,June,"$ 2,859.74",16,26,1
112,15,Urbana,2021,June,"$ 2,315.04",13,21,2
2008,15,Urbana,2021,June,"$ 2,203.81",12,19,3
123,15,Urbana,2021,June,"$ 2,184.77",14,23,4
106,15,Urbana,2021,June,"$ 2,174.36",12,19,5
200,15,Urbana,2021,June,"$ 2,131.74",14,26,6
149,15,Urbana,2021,June,"$ 2,124.83",12,17,7
17,15,Urbana,2021,June,"$ 2,124.50",16,25,8
162,15,Urbana,2021,June,"$ 2,069.77",15,23,9
206,15,Urbana,2021,June,"$ 2,014.87",8,13,10
1594,15,Urbana,2021,July,"$ 2,872.00",4,8,1
198,15,Urbana,2021,July,"$ 2,393.82",12,18,2
204,15,Urbana,2021,July,"$ 2,393.81",12,19,3
1635,15,Urbana,2021,July,"$ 2,339.87",9,13,4
131,15,Urbana,2021,July,"$ 2,319.71",17,29,5
123,15,Urbana,2021,July,"$ 2,184.77",16,23,6
217,15,Urbana,2021,July,"$ 2,159.73",17,27,7
1593,15,Urbana,2021,July,"$ 2,090.00",6,10,8
1551,15,Urbana,2021,July,"$ 2,069.55",6,9,9
17,15,Urbana,2021,July,"$ 2,039.52",15,24,10
204,15,Urbana,2021,August,"$ 2,645.79",13,21,1
185,15,Urbana,2021,August,"$ 2,309.79",13,21,2
1594,15,Urbana,2021,August,"$ 2,154.00",4,6,3
177,15,Urbana,2021,August,"$ 2,099.80",13,20,4
1989,15,Urbana,2021,August,"$ 2,015.76",14,24,5
211,15,Urbana,2021,August,"$ 2,013.81",10,19,6
1543,15,Urbana,2021,August,"$ 1,920.00",10,16,7
152,15,Urbana,2021,August,"$ 1,899.81",11,19,8
206,15,Urbana,2021,August,"$ 1,859.88",8,12,9
254,15,Urbana,2021,August,"$ 1,859.80",14,20,10
197,15,Urbana,2021,September,"$ 2,543.76",16,24,1
201,15,Urbana,2021,September,"$ 2,339.82",12,18,2
206,15,Urbana,2021,September,"$ 2,169.86",8,14,3
183,15,Urbana,2021,September,"$ 2,099.79",14,21,4
1593,15,Urbana,2021,September,"$ 2,090.00",8,10,5
158,15,Urbana,2021,September,"$ 2,069.77",13,23,6
115,15,Urbana,2021,September,"$ 2,059.92",12,18,7
198,15,Urbana,2021,September,"$ 1,994.85",10,15,8
1635,15,Urbana,2021,September,"$ 1,979.89",7,11,9
1596,15,Urbana,2021,September,"$ 1,979.89",8,11,10
176,15,Urbana,2021,October,"$ 2,599.74",19,26,1
212,15,Urbana,2021,October,"$ 2,441.78",14,22,2
2010,15,Urbana,2021,October,"$ 2,399.76",15,24,3
1593,15,Urbana,2021,October,"$ 2,299.00",6,11,4
1552,15,Urbana,2021,October,"$ 2,249.55",5,9,5
69,15,Urbana,2021,October,"$ 1,970.73",16,27,6
1635,15,Urbana,2021,October,"$ 1,799.90",6,10,7
1594,15,Urbana,2021,October,"$ 1,795.00",3,5,8
1998,15,Urbana,2021,October,"$ 1,737.78",12,22,9
152,15,Urbana,2021,October,"$ 1,699.83",10,17,10
1635,15,Urbana,2021,November,"$ 2,879.84",10,16,1
206,15,Urbana,2021,November,"$ 2,789.82",11,18,2
1645,15,Urbana,2021,November,"$ 2,327.00",10,13,3
1552,15,Urbana,2021,November,"$ 2,249.55",7,9,4
7,15,Urbana,2021,November,"$ 2,209.48",16,26,5
2009,15,Urbana,2021,November,"$ 2,199.78",12,22,6
2007,15,Urbana,2021,November,"$ 1,988.83",11,17,7
1655,15,Urbana,2021,November,"$ 1,959.86",10,14,8
2006,15,Urbana,2021,November,"$ 1,911.99",12,17,9
197,15,Urbana,2021,November,"$ 1,907.82",11,18,10
112,15,Urbana,2021,December,"$ 2,756.00",17,25,1
149,15,Urbana,2021,December,"$ 2,749.78",15,22,2
1593,15,Urbana,2021,December,"$ 2,717.00",8,13,3
198,15,Urbana,2021,December,"$ 2,659.80",13,20,4
123,15,Urbana,2021,December,"$ 2,469.74",15,26,5
125,15,Urbana,2021,December,"$ 2,279.76",14,24,6
271,15,Urbana,2021,December,"$ 2,249.75",17,25,7
137,15,Urbana,2021,December,"$ 2,249.75",15,25,8
204,15,Urbana,2021,December,"$ 2,141.83",12,17,9
177,15,Urbana,2021,December,"$ 2,099.80",15,20,10
1601,15,Urbana,2022,January,"$ 3,043.00",11,17,1
212,15,Urbana,2022,January,"$ 2,996.73",18,27,2
206,15,Urbana,2022,January,"$ 2,479.84",11,16,3
1594,15,Urbana,2022,January,"$ 2,154.00",4,6,4
2007,15,Urbana,2022,January,"$ 2,105.82",13,18,5
183,15,Urbana,2022,January,"$ 2,099.79",14,21,6
112,15,Urbana,2022,January,"$ 2,094.56",11,19,7
106,15,Urbana,2022,January,"$ 2,059.92",10,18,8
204,15,Urbana,2022,January,"$ 2,015.84",10,16,9
149,15,Urbana,2022,January,"$ 1,999.84",11,16,10
1594,15,Urbana,2022,Febuary,"$ 3,231.00",6,9,1
1552,15,Urbana,2022,Febuary,"$ 2,999.40",7,12,2
206,15,Urbana,2022,Febuary,"$ 2,944.81",13,19,3
204,15,Urbana,2022,Febuary,"$ 2,645.79",13,21,4
177,15,Urbana,2022,Febuary,"$ 2,414.77",14,23,5
1595,15,Urbana,2022,Febuary,"$ 2,249.85",9,15,6
149,15,Urbana,2022,Febuary,"$ 2,249.82",12,18,7
3,15,Urbana,2022,Febuary,"$ 2,209.48",15,26,8
1592,15,Urbana,2022,Febuary,"$ 2,079.00",7,11,9
271,15,Urbana,2022,Febuary,"$ 1,979.78",12,22,10
173,15,Urbana,2022,March,"$ 2,899.75",14,25,1
1594,15,Urbana,2022,March,"$ 2,513.00",5,7,2
204,15,Urbana,2022,March,"$ 2,393.81",13,19,3
149,15,Urbana,2022,March,"$ 2,374.81",12,19,4
1989,15,Urbana,2022,March,"$ 2,267.73",18,27,5
60,15,Urbana,2022,March,"$ 2,043.72",16,28,6
1603,15,Urbana,2022,March,"$ 1,979.82",10,18,7
1584,15,Urbana,2022,March,"$ 1,946.00",9,14,8
109,15,Urbana,2022,March,"$ 1,945.48",14,17,9
1995,15,Urbana,2022,March,"$ 1,924.75",16,25,10
149,15,Urbana,2022,April,"$ 2,749.78",14,22,1
109,15,Urbana,2022,April,"$ 2,517.68",13,22,2
1593,15,Urbana,2022,April,"$ 2,508.00",8,12,3
201,15,Urbana,2022,April,"$ 2,469.81",12,19,4
204,15,Urbana,2022,April,"$ 2,393.81",14,19,5
206,15,Urbana,2022,April,"$ 2,324.85",9,15,6
152,15,Urbana,2022,April,"$ 2,199.78",14,22,7
156,15,Urbana,2022,April,"$ 2,199.78",11,22,8
197,15,Urbana,2022,April,"$ 2,119.80",12,20,9
2007,15,Urbana,2022,April,"$ 2,105.82",13,18,10
1594,15,Urbana,2022,May,"$ 4,308.00",7,12,1
2007,15,Urbana,2022,May,"$ 2,807.76",15,24,2
1572,15,Urbana,2022,May,"$ 2,327.00",9,13,3
219,15,Urbana,2022,May,"$ 2,183.79",13,21,4
2012,15,Urbana,2022,May,"$ 2,159.76",15,24,5
173,15,Urbana,2022,May,"$ 2,087.82",12,18,6
204,15,Urbana,2022,May,"$ 2,015.84",9,16,7
206,15,Urbana,2022,May,"$ 2,014.87",8,13,8
2008,15,Urbana,2022,May,"$ 1,971.83",13,17,9
1601,15,Urbana,2022,May,"$ 1,969.00",7,11,10
201,15,Urbana,2022,June,"$ 2,729.79",13,21,1
1591,15,Urbana,2022,June,"$ 2,704.00",10,16,2
1645,15,Urbana,2022,June,"$ 2,685.00",11,15,3
106,15,Urbana,2022,June,"$ 2,403.24",12,21,4
125,15,Urbana,2022,June,"$ 2,279.76",15,24,5
198,15,Urbana,2022,June,"$ 2,260.83",12,17,6
206,15,Urbana,2022,June,"$ 2,169.86",9,14,7
1635,15,Urbana,2022,June,"$ 2,159.88",8,12,8
247,15,Urbana,2022,June,"$ 2,159.76",16,24,9
1594,15,Urbana,2022,June,"$ 2,154.00",4,6,10
1594,15,Urbana,2022,July,"$ 3,949.00",7,11,1
1551,15,Urbana,2022,July,"$ 2,759.40",7,12,2
2010,15,Urbana,2022,July,"$ 2,699.73",16,27,3
204,15,Urbana,2022,July,"$ 2,645.79",14,21,4
1596,15,Urbana,2022,July,"$ 2,519.86",9,14,5
112,15,Urbana,2022,July,"$ 2,425.28",14,22,6
219,15,Urbana,2022,July,"$ 2,391.77",16,23,7
1645,15,Urbana,2022,July,"$ 2,327.00",9,13,8
1552,15,Urbana,2022,July,"$ 2,249.55",6,9,9
135,15,Urbana,2022,July,"$ 2,135.76",16,24,10
206,15,Urbana,2022,August,"$ 3,564.77",15,23,1
1594,15,Urbana,2022,August,"$ 2,872.00",4,8,2
149,15,Urbana,2022,August,"$ 2,749.78",13,22,3
212,15,Urbana,2022,August,"$ 2,441.78",14,22,4
204,15,Urbana,2022,August,"$ 2,393.81",14,19,5
1635,15,Urbana,2022,August,"$ 2,339.87",9,13,6
176,15,Urbana,2022,August,"$ 2,299.77",16,23,7
211,15,Urbana,2022,August,"$ 2,225.79",14,21,8
1992,15,Urbana,2022,August,"$ 2,159.76",17,24,9
198,15,Urbana,2022,August,"$ 2,127.84",12,16,10
1593,15,Urbana,2022,September,"$ 3,344.00",10,16,1
185,15,Urbana,2022,September,"$ 2,309.79",13,21,2
115,15,Urbana,2022,September,"$ 2,288.80",15,20,3
1594,15,Urbana,2022,September,"$ 2,154.00",4,6,4
1645,15,Urbana,2022,September,"$ 2,148.00",7,12,5
4,15,Urbana,2022,September,"$ 2,124.50",15,25,6
2007,15,Urbana,2022,September,"$ 1,988.83",11,17,7
246,15,Urbana,2022,September,"$ 1,979.78",13,22,8
247,15,Urbana,2022,September,"$ 1,979.78",14,22,9
16,15,Urbana,2022,September,"$ 1,954.54",14,23,10
1594,15,Urbana,2022,October,"$ 5,385.00",10,15,1
1592,15,Urbana,2022,October,"$ 3,024.00",10,16,2
1593,15,Urbana,2022,October,"$ 2,926.00",9,14,3
242,15,Urbana,2022,October,"$ 2,749.75",16,25,4
1552,15,Urbana,2022,October,"$ 2,749.45",7,11,5
265,15,Urbana,2022,October,"$ 2,599.74",16,26,6
115,15,Urbana,2022,October,"$ 2,517.68",13,22,7
149,15,Urbana,2022,October,"$ 2,499.80",12,20,8
1635,15,Urbana,2022,October,"$ 2,339.87",8,13,9
2010,15,Urbana,2022,October,"$ 2,299.77",12,23,10
173,15,Urbana,2022,November,"$ 2,551.78",12,22,1
2011,15,Urbana,2022,November,"$ 2,345.77",15,23,2
2003,15,Urbana,2022,November,"$ 2,074.75",14,25,3
198,15,Urbana,2022,November,"$ 1,994.85",9,15,4
1600,15,Urbana,2022,November,"$ 1,937.00",8,13,5
2006,15,Urbana,2022,November,"$ 1,911.99",10,17,6
183,15,Urbana,2022,November,"$ 1,899.81",12,19,7
177,15,Urbana,2022,November,"$ 1,889.82",11,18,8
52,15,Urbana,2022,November,"$ 1,889.73",17,27,9
2008,15,Urbana,2022,November,"$ 1,855.84",9,16,10
1552,15,Urbana,2022,December,"$ 3,749.25",9,15,1
1551,15,Urbana,2022,December,"$ 3,219.30",9,14,2
242,15,Urbana,2022,December,"$ 2,969.73",16,27,3
1593,15,Urbana,2022,December,"$ 2,717.00",8,13,4
183,15,Urbana,2022,December,"$ 2,699.73",16,27,5
198,15,Urbana,2022,December,"$ 2,659.80",12,20,6
1592,15,Urbana,2022,December,"$ 2,646.00",8,14,7
197,15,Urbana,2022,December,"$ 2,543.76",16,24,8
1635,15,Urbana,2022,December,"$ 2,519.86",8,14,9
170,15,Urbana,2022,December,"$ 2,519.72",18,28,10
204,15,Urbana,2023,January,"$ 2,771.78",15,22,1
2010,15,Urbana,2023,January,"$ 2,599.74",16,26,2
242,15,Urbana,2023,January,"$ 2,529.77",15,23,3
1593,15,Urbana,2023,January,"$ 2,508.00",7,12,4
149,15,Urbana,2023,January,"$ 2,499.80",12,20,5
131,15,Urbana,2023,January,"$ 2,319.71",17,29,6
1571,15,Urbana,2023,January,"$ 2,226.00",8,14,7
1570,15,Urbana,2023,January,"$ 2,224.00",9,16,8
198,15,Urbana,2023,January,"$ 2,127.84",9,16,9
152,15,Urbana,2023,January,"$ 2,099.79",14,21,10
198,15,Urbana,2023,Febuary,"$ 2,659.80",11,20,1
1552,15,Urbana,2023,Febuary,"$ 2,499.50",5,10,2
2010,15,Urbana,2023,Febuary,"$ 2,399.76",14,24,3
112,15,Urbana,2023,Febuary,"$ 2,315.04",14,21,4
115,15,Urbana,2023,Febuary,"$ 2,288.80",12,20,5
219,15,Urbana,2023,Febuary,"$ 2,287.78",13,22,6
201,15,Urbana,2023,Febuary,"$ 2,209.83",11,17,7
242,15,Urbana,2023,Febuary,"$ 2,199.80",12,20,8
149,15,Urbana,2023,Febuary,"$ 1,874.85",9,15,9
2008,15,Urbana,2023,Febuary,"$ 1,855.84",9,16,10
1594,15,Urbana,2023,March,"$ 3,231.00",7,9,1
106,15,Urbana,2023,March,"$ 2,403.24",14,21,2
1552,15,Urbana,2023,March,"$ 2,249.55",5,9,3
2007,15,Urbana,2023,March,"$ 2,222.81",12,19,4
1595,15,Urbana,2023,March,"$ 2,099.86",9,14,5
1593,15,Urbana,2023,March,"$ 2,090.00",6,10,6
1987,15,Urbana,2023,March,"$ 1,999.75",16,25,7
198,15,Urbana,2023,March,"$ 1,994.85",9,15,8
177,15,Urbana,2023,March,"$ 1,889.82",12,18,9
185,15,Urbana,2023,March,"$ 1,869.83",12,17,10
1594,15,Urbana,2023,April,"$ 3,949.00",8,11,1
197,15,Urbana,2023,April,"$ 2,225.79",13,21,2
115,15,Urbana,2023,April,"$ 2,174.36",13,19,3
1596,15,Urbana,2023,April,"$ 2,159.88",8,12,4
109,15,Urbana,2023,April,"$ 2,059.92",12,18,5
123,15,Urbana,2023,April,"$ 1,994.79",13,21,6
1635,15,Urbana,2023,April,"$ 1,979.89",9,11,7
1601,15,Urbana,2023,April,"$ 1,969.00",6,11,8
2011,15,Urbana,2023,April,"$ 1,937.81",11,19,9
212,15,Urbana,2023,April,"$ 1,886.83",11,17,10
1635,15,Urbana,2023,May,"$ 3,059.83",9,17,1
198,15,Urbana,2023,May,"$ 2,925.78",15,22,2
177,15,Urbana,2023,May,"$ 2,834.73",15,27,3
206,15,Urbana,2023,May,"$ 2,789.82",12,18,4
149,15,Urbana,2023,May,"$ 2,749.78",16,22,5
1645,15,Urbana,2023,May,"$ 2,327.00",8,13,6
156,15,Urbana,2023,May,"$ 2,299.77",15,23,7
2006,15,Urbana,2023,May,"$ 2,249.40",13,20,8
200,15,Urbana,2023,May,"$ 2,131.74",19,26,9
217,15,Urbana,2023,May,"$ 2,079.74",16,26,10
206,15,Urbana,2023,June,"$ 2,789.82",13,18,1
2007,15,Urbana,2023,June,"$ 2,573.78",13,22,2
181,15,Urbana,2023,June,"$ 2,495.74",15,26,3
1600,15,Urbana,2023,June,"$ 2,384.00",9,16,4
201,15,Urbana,2023,June,"$ 2,339.82",10,18,5
204,15,Urbana,2023,June,"$ 2,267.82",12,18,6
1571,15,Urbana,2023,June,"$ 2,067.00",8,13,7
121,15,Urbana,2023,June,"$ 1,994.79",12,21,8
1635,15,Urbana,2023,June,"$ 1,979.89",7,11,9
170,15,Urbana,2023,June,"$ 1,889.79",14,21,10
1594,15,Urbana,2023,July,"$ 3,590.00",6,10,1
1551,15,Urbana,2023,July,"$ 3,219.30",9,14,2
2011,15,Urbana,2023,July,"$ 2,855.72",16,28,3
1593,15,Urbana,2023,July,"$ 2,508.00",7,12,4
106,15,Urbana,2023,July,"$ 2,288.80",13,20,5
112,15,Urbana,2023,July,"$ 2,204.80",14,20,6
109,15,Urbana,2023,July,"$ 2,174.36",13,19,7
158,15,Urbana,2023,July,"$ 2,069.77",15,23,8
1583,15,Urbana,2023,July,"$ 2,023.00",11,17,9
2009,15,Urbana,2023,July,"$ 1,999.80",14,20,10
1572,15,Urbana,2023,August,"$ 3,043.00",12,17,1
206,15,Urbana,2023,August,"$ 2,944.81",13,19,2
219,15,Urbana,2023,August,"$ 2,703.74",16,26,3
201,15,Urbana,2023,August,"$ 2,599.80",12,20,4
1594,15,Urbana,2023,August,"$ 2,513.00",5,7,5
198,15,Urbana,2023,August,"$ 2,393.82",10,18,6
2008,15,Urbana,2023,August,"$ 2,203.81",14,19,7
162,15,Urbana,2023,August,"$ 2,159.76",14,24,8
1645,15,Urbana,2023,August,"$ 2,148.00",8,12,9
185,15,Urbana,2023,August,"$ 2,089.81",14,19,10
1594,15,Urbana,2023,September,"$ 3,949.00",6,11,1
1552,15,Urbana,2023,September,"$ 2,999.40",9,12,2
198,15,Urbana,2023,September,"$ 2,792.79",15,21,3
2006,15,Urbana,2023,September,"$ 2,474.34",13,22,4
123,15,Urbana,2023,September,"$ 2,374.75",17,25,5
204,15,Urbana,2023,September,"$ 2,267.82",11,18,6
179,15,Urbana,2023,September,"$ 2,111.78",14,22,7
112,15,Urbana,2023,September,"$ 2,094.56",11,19,8
201,15,Urbana,2023,September,"$ 2,079.84",10,16,9
152,15,Urbana,2023,September,"$ 1,999.80",11,20,10
206,15,Urbana,2023,October,"$ 3,409.78",14,22,1
204,15,Urbana,2023,October,"$ 3,275.74",16,26,2
1594,15,Urbana,2023,October,"$ 2,513.00",6,7,3
1591,15,Urbana,2023,October,"$ 2,366.00",9,14,4
106,15,Urbana,2023,October,"$ 2,174.36",13,19,5
1551,15,Urbana,2023,October,"$ 2,069.55",5,9,6
197,15,Urbana,2023,October,"$ 2,013.81",13,19,7
242,15,Urbana,2023,October,"$ 1,979.82",11,18,8
1998,15,Urbana,2023,October,"$ 1,974.75",14,25,9
201,15,Urbana,2023,October,"$ 1,949.85",12,15,10
1594,15,Urbana,2023,November,"$ 2,513.00",4,7,1
1572,15,Urbana,2023,November,"$ 2,327.00",9,13,2
2007,15,Urbana,2023,November,"$ 2,222.81",11,19,3
1593,15,Urbana,2023,November,"$ 2,090.00",7,10,4
1995,15,Urbana,2023,November,"$ 2,001.74",15,26,5
133,15,Urbana,2023,November,"$ 1,999.75",16,25,6
1552,15,Urbana,2023,November,"$ 1,999.60",5,8,7
117,15,Urbana,2023,November,"$ 1,908.77",14,23,8
1596,15,Urbana,2023,November,"$ 1,799.90",7,10,9
1635,15,Urbana,2023,November,"$ 1,799.90",7,10,10
1594,15,Urbana,2023,December,"$ 3,590.00",7,10,1
1635,15,Urbana,2023,December,"$ 3,419.81",11,19,2
1552,15,Urbana,2023,December,"$ 2,999.40",7,12,3
2008,15,Urbana,2023,December,"$ 2,899.75",16,25,4
173,15,Urbana,2023,December,"$ 2,899.75",17,25,5
1551,15,Urbana,2023,December,"$ 2,759.40",9,12,6
183,15,Urbana,2023,December,"$ 2,399.76",16,24,7
206,15,Urbana,2023,December,"$ 2,324.85",10,15,8
125,15,Urbana,2023,December,"$ 2,279.76",13,24,9
156,15,Urbana,2023,December,"$ 2,199.78",15,22,10
1592,15,Urbana,2024,January,"$ 3,213.00",11,17,1
1594,15,Urbana,2024,January,"$ 2,872.00",5,8,2
1571,15,Urbana,2024,January,"$ 2,703.00",10,17,3
1551,15,Urbana,2024,January,"$ 2,529.45",7,11,4
198,15,Urbana,2024,January,"$ 2,526.81",12,19,5
2007,15,Urbana,2024,January,"$ 2,456.79",15,21,6
206,15,Urbana,2024,January,"$ 2,324.85",9,15,7
2008,15,Urbana,2024,January,"$ 2,319.80",13,20,8
1593,15,Urbana,2024,January,"$ 2,299.00",6,11,9
204,15,Urbana,2024,January,"$ 2,267.82",11,18,10
206,15,Urbana,2024,Febuary,"$ 2,944.81",11,19,1
1551,15,Urbana,2024,Febuary,"$ 2,529.45",7,11,2
211,15,Urbana,2024,Febuary,"$ 2,013.81",11,19,3
2012,15,Urbana,2024,Febuary,"$ 1,979.78",14,22,4
1626,15,Urbana,2024,Febuary,"$ 1,917.30",8,14,5
1989,15,Urbana,2024,Febuary,"$ 1,847.78",13,22,6
2009,15,Urbana,2024,Febuary,"$ 1,799.82",12,18,7
1594,15,Urbana,2024,Febuary,"$ 1,795.00",4,5,8
135,15,Urbana,2024,Febuary,"$ 1,779.80",11,20,9
204,15,Urbana,2024,Febuary,"$ 1,763.86",8,14,10
1594,15,Urbana,2024,March,"$ 2,513.00",5,7,1
206,15,Urbana,2024,March,"$ 2,324.85",11,15,2
1584,15,Urbana,2024,March,"$ 2,224.00",11,16,3
1645,15,Urbana,2024,March,"$ 2,148.00",6,12,4
2006,15,Urbana,2024,March,"$ 2,024.46",12,18,5
149,15,Urbana,2024,March,"$ 1,999.84",9,16,6
123,15,Urbana,2024,March,"$ 1,994.79",12,21,7
2007,15,Urbana,2024,March,"$ 1,988.83",11,17,8
2014,15,Urbana,2024,March,"$ 1,954.77",13,23,9
18,15,Urbana,2024,March,"$ 1,954.54",16,23,10
206,15,Urbana,2024,April,"$ 3,254.79",12,21,1
1594,15,Urbana,2024,April,"$ 3,231.00",6,9,2
112,15,Urbana,2024,April,"$ 3,086.72",18,28,3
198,15,Urbana,2024,April,"$ 2,792.79",14,21,4
1600,15,Urbana,2024,April,"$ 2,086.00",8,14,5
2013,15,Urbana,2024,April,"$ 1,869.78",14,22,6
106,15,Urbana,2024,April,"$ 1,831.04",11,16,7
1606,15,Urbana,2024,April,"$ 1,819.86",9,14,8
160,15,Urbana,2024,April,"$ 1,799.80",14,20,9
2007,15,Urbana,2024,April,"$ 1,754.85",9,15,10
265,15,Urbana,2024,May,"$ 2,899.71",16,29,1
1594,15,Urbana,2024,May,"$ 2,872.00",5,8,2
212,15,Urbana,2024,May,"$ 2,552.77",14,23,3
251,15,Urbana,2024,May,"$ 2,510.73",17,27,4
164,15,Urbana,2024,May,"$ 2,399.70",16,30,5
156,15,Urbana,2024,May,"$ 2,299.77",13,23,6
1551,15,Urbana,2024,May,"$ 2,069.55",6,9,7
2010,15,Urbana,2024,May,"$ 1,999.80",12,20,8
160,15,Urbana,2024,May,"$ 1,979.78",12,22,9
1572,15,Urbana,2024,May,"$ 1,969.00",7,11,10
115,15,Urbana,2024,June,"$ 2,746.56",15,24,1
2003,15,Urbana,2024,June,"$ 2,572.69",20,31,2
201,15,Urbana,2024,June,"$ 2,209.83",12,17,3
2009,15,Urbana,2024,June,"$ 2,199.78",14,22,4
1594,15,Urbana,2024,June,"$ 2,154.00",4,6,5
1591,15,Urbana,2024,June,"$ 2,028.00",7,12,6
1552,15,Urbana,2024,June,"$ 1,999.60",5,8,7
212,15,Urbana,2024,June,"$ 1,997.82",12,18,8
1635,15,Urbana,2024,June,"$ 1,979.89",7,11,9
240,15,Urbana,2024,June,"$ 1,775.76",16,24,10
1594,15,Urbana,2024,July,"$ 3,231.00",6,9,1
246,15,Urbana,2024,July,"$ 2,339.74",16,26,2
2011,15,Urbana,2024,July,"$ 2,243.78",13,22,3
1635,15,Urbana,2024,July,"$ 2,159.88",9,12,4
2006,15,Urbana,2024,July,"$ 2,136.93",13,19,5
2007,15,Urbana,2024,July,"$ 2,105.82",11,18,6
177,15,Urbana,2024,July,"$ 2,099.80",15,20,7
206,15,Urbana,2024,July,"$ 2,014.87",9,13,8
2008,15,Urbana,2024,July,"$ 1,971.83",11,17,9
3,15,Urbana,2024,July,"$ 1,869.56",16,22,10
1594,15,Urbana,2024,August,"$ 3,949.00",7,11,1
206,15,Urbana,2024,August,"$ 3,409.78",14,22,2
1551,15,Urbana,2024,August,"$ 2,529.45",7,11,3
211,15,Urbana,2024,August,"$ 2,437.77",13,23,4
1552,15,Urbana,2024,August,"$ 2,249.55",6,9,5
177,15,Urbana,2024,August,"$ 2,204.79",12,21,6
1645,15,Urbana,2024,August,"$ 2,148.00",9,12,7
149,15,Urbana,2024,August,"$ 2,124.83",9,17,8
112,15,Urbana,2024,August,"$ 2,094.56",11,19,9
204,15,Urbana,2024,August,"$ 2,015.84",11,16,10
1594,15,Urbana,2024,September,"$ 4,308.00",7,12,1
1551,15,Urbana,2024,September,"$ 2,759.40",7,12,2
2007,15,Urbana,2024,September,"$ 2,690.77",13,23,3
2006,15,Urbana,2024,September,"$ 2,474.34",14,22,4
152,15,Urbana,2024,September,"$ 2,299.77",15,23,5
198,15,Urbana,2024,September,"$ 2,260.83",10,17,6
206,15,Urbana,2024,September,"$ 2,169.86",11,14,7
125,15,Urbana,2024,September,"$ 2,089.78",14,22,8
1552,15,Urbana,2024,September,"$ 1,999.60",7,8,9
250,15,Urbana,2024,September,"$ 1,952.79",14,21,10
1551,15,Urbana,2024,October,"$ 3,219.30",9,14,1
2008,15,Urbana,2024,October,"$ 2,435.79",12,21,2
206,15,Urbana,2024,October,"$ 2,324.85",9,15,3
176,15,Urbana,2024,October,"$ 2,199.78",13,22,4
1570,15,Urbana,2024,October,"$ 2,085.00",10,15,5
247,15,Urbana,2024,October,"$ 2,069.77",14,23,6
156,15,Urbana,2024,October,"$ 1,999.80",13,20,7
211,15,Urbana,2024,October,"$ 1,907.82",11,18,8
121,15,Urbana,2024,October,"$ 1,899.80",14,20,9
1992,15,Urbana,2024,October,"$ 1,889.79",14,21,10
1552,15,Urbana,2024,November,"$ 3,749.25",9,15,1
1594,15,Urbana,2024,November,"$ 3,231.00",5,9,2
2014,15,Urbana,2024,November,"$ 2,974.65",22,35,3
206,15,Urbana,2024,November,"$ 2,944.81",13,19,4
1593,15,Urbana,2024,November,"$ 2,926.00",10,14,5
2007,15,Urbana,2024,November,"$ 2,924.75",15,25,6
198,15,Urbana,2024,November,"$ 2,393.82",12,18,7
2006,15,Urbana,2024,November,"$ 2,361.87",12,21,8
1551,15,Urbana,2024,November,"$ 2,299.50",6,10,9
1987,15,Urbana,2024,November,"$ 2,239.72",18,28,10
1594,15,Urbana,2024,December,"$ 4,308.00",7,12,1
197,15,Urbana,2024,December,"$ 3,073.71",18,29,2
2006,15,Urbana,2024,December,"$ 2,924.22",19,26,3
173,15,Urbana,2024,December,"$ 2,899.75",18,25,4
1572,15,Urbana,2024,December,"$ 2,685.00",9,15,5
198,15,Urbana,2024,December,"$ 2,659.80",12,20,6
106,15,Urbana,2024,December,"$ 2,632.12",15,23,7
168,15,Urbana,2024,December,"$ 2,499.75",16,25,8
17,15,Urbana,2024,December,"$ 2,464.42",19,29,9
2014,15,Urbana,2024,December,"$ 2,379.72",19,28,10
1594,16,Marquette,2019,January,"$ 3,590.00",6,10,1
201,16,Marquette,2019,January,"$ 2,859.78",13,22,2
204,16,Marquette,2019,January,"$ 2,393.81",12,19,3
2007,16,Marquette,2019,January,"$ 2,339.80",13,20,4
2008,16,Marquette,2019,January,"$ 2,319.80",12,20,5
2006,16,Marquette,2019,January,"$ 2,136.93",12,19,6
198,16,Marquette,2019,January,"$ 2,127.84",10,16,7
1552,16,Marquette,2019,January,"$ 1,999.60",5,8,8
1596,16,Marquette,2019,January,"$ 1,979.89",6,11,9
1635,16,Marquette,2019,January,"$ 1,979.89",8,11,10
206,16,Marquette,2019,Febuary,"$ 2,479.84",9,16,1
2008,16,Marquette,2019,Febuary,"$ 2,319.80",12,20,2
2007,16,Marquette,2019,Febuary,"$ 2,222.81",11,19,3
1594,16,Marquette,2019,Febuary,"$ 2,154.00",5,6,4
212,16,Marquette,2019,Febuary,"$ 1,997.82",14,18,5
1998,16,Marquette,2019,Febuary,"$ 1,974.75",17,25,6
185,16,Marquette,2019,Febuary,"$ 1,869.83",10,17,7
88,16,Marquette,2019,Febuary,"$ 1,824.75",15,25,8
2006,16,Marquette,2019,Febuary,"$ 1,799.52",10,16,9
1572,16,Marquette,2019,Febuary,"$ 1,790.00",7,10,10
201,16,Marquette,2019,March,"$ 4,289.67",18,33,1
1593,16,Marquette,2019,March,"$ 3,553.00",10,17,2
1594,16,Marquette,2019,March,"$ 2,872.00",6,8,3
206,16,Marquette,2019,March,"$ 2,479.84",9,16,4
112,16,Marquette,2019,March,"$ 2,425.28",15,22,5
1655,16,Marquette,2019,March,"$ 2,379.83",10,17,6
242,16,Marquette,2019,March,"$ 2,309.79",13,21,7
262,16,Marquette,2019,March,"$ 2,209.74",17,26,8
106,16,Marquette,2019,March,"$ 2,174.36",14,19,9
1552,16,Marquette,2019,March,"$ 1,999.60",5,8,10
1594,16,Marquette,2019,April,"$ 3,231.00",5,9,1
172,16,Marquette,2019,April,"$ 2,564.73",16,27,2
204,16,Marquette,2019,April,"$ 2,393.81",11,19,3
271,16,Marquette,2019,April,"$ 2,339.74",16,26,4
183,16,Marquette,2019,April,"$ 2,199.78",14,22,5
131,16,Marquette,2019,April,"$ 2,159.73",15,27,6
115,16,Marquette,2019,April,"$ 2,059.92",11,18,7
206,16,Marquette,2019,April,"$ 2,014.87",8,13,8
185,16,Marquette,2019,April,"$ 1,979.82",13,18,9
177,16,Marquette,2019,April,"$ 1,889.82",10,18,10
1594,16,Marquette,2019,May,"$ 3,231.00",6,9,1
1552,16,Marquette,2019,May,"$ 2,749.45",7,11,2
1591,16,Marquette,2019,May,"$ 2,704.00",10,16,3
242,16,Marquette,2019,May,"$ 2,639.76",16,24,4
2008,16,Marquette,2019,May,"$ 2,319.80",14,20,5
125,16,Marquette,2019,May,"$ 2,279.76",16,24,6
115,16,Marquette,2019,May,"$ 2,174.36",12,19,7
206,16,Marquette,2019,May,"$ 2,169.86",11,14,8
1645,16,Marquette,2019,May,"$ 2,148.00",9,12,9
204,16,Marquette,2019,May,"$ 2,141.83",11,17,10
250,16,Marquette,2019,June,"$ 2,603.72",17,28,1
106,16,Marquette,2019,June,"$ 2,174.36",12,19,2
206,16,Marquette,2019,June,"$ 2,169.86",10,14,3
1572,16,Marquette,2019,June,"$ 2,148.00",8,12,4
1600,16,Marquette,2019,June,"$ 2,086.00",8,14,5
137,16,Marquette,2019,June,"$ 2,069.77",14,23,6
204,16,Marquette,2019,June,"$ 2,015.84",9,16,7
112,16,Marquette,2019,June,"$ 1,984.32",12,18,8
201,16,Marquette,2019,June,"$ 1,949.85",9,15,9
149,16,Marquette,2019,June,"$ 1,874.85",9,15,10
1594,16,Marquette,2019,July,"$ 4,308.00",8,12,1
1552,16,Marquette,2019,July,"$ 3,249.35",10,13,2
198,16,Marquette,2019,July,"$ 2,925.78",14,22,3
183,16,Marquette,2019,July,"$ 2,399.76",15,24,4
1635,16,Marquette,2019,July,"$ 2,339.87",7,13,5
201,16,Marquette,2019,July,"$ 2,209.83",13,17,6
254,16,Marquette,2019,July,"$ 2,138.77",15,23,7
2006,16,Marquette,2019,July,"$ 2,024.46",10,18,8
177,16,Marquette,2019,July,"$ 1,994.81",10,19,9
2011,16,Marquette,2019,July,"$ 1,937.81",12,19,10
1635,16,Marquette,2019,August,"$ 2,879.84",10,16,1
1645,16,Marquette,2019,August,"$ 2,685.00",9,15,2
198,16,Marquette,2019,August,"$ 2,659.80",13,20,3
185,16,Marquette,2019,August,"$ 2,419.78",13,22,4
2008,16,Marquette,2019,August,"$ 2,087.82",11,18,5
1552,16,Marquette,2019,August,"$ 1,999.60",5,8,6
1572,16,Marquette,2019,August,"$ 1,969.00",8,11,7
211,16,Marquette,2019,August,"$ 1,907.82",12,18,8
1592,16,Marquette,2019,August,"$ 1,890.00",8,10,9
206,16,Marquette,2019,August,"$ 1,859.88",8,12,10
206,16,Marquette,2019,September,"$ 2,944.81",12,19,1
1601,16,Marquette,2019,September,"$ 2,506.00",7,14,2
152,16,Marquette,2019,September,"$ 2,399.76",16,24,3
173,16,Marquette,2019,September,"$ 2,319.80",13,20,4
1626,16,Marquette,2019,September,"$ 2,054.25",9,15,5
1595,16,Marquette,2019,September,"$ 1,949.87",9,13,6
85,16,Marquette,2019,September,"$ 1,871.74",15,26,7
6,16,Marquette,2019,September,"$ 1,871.52",15,24,8
175,16,Marquette,2019,September,"$ 1,869.78",14,22,9
250,16,Marquette,2019,September,"$ 1,859.80",13,20,10
109,16,Marquette,2019,October,"$ 3,318.76",18,29,1
1551,16,Marquette,2019,October,"$ 3,219.30",7,14,2
1594,16,Marquette,2019,October,"$ 2,513.00",6,7,3
242,16,Marquette,2019,October,"$ 2,419.78",15,22,4
204,16,Marquette,2019,October,"$ 2,393.81",12,19,5
112,16,Marquette,2019,October,"$ 2,204.80",10,20,6
183,16,Marquette,2019,October,"$ 2,199.78",15,22,7
176,16,Marquette,2019,October,"$ 2,199.78",13,22,8
1635,16,Marquette,2019,October,"$ 2,159.88",7,12,9
212,16,Marquette,2019,October,"$ 2,108.81",12,19,10
206,16,Marquette,2019,November,"$ 3,409.78",15,22,1
2007,16,Marquette,2019,November,"$ 2,924.75",17,25,2
177,16,Marquette,2019,November,"$ 2,624.75",15,25,3
2011,16,Marquette,2019,November,"$ 2,549.75",15,25,4
1601,16,Marquette,2019,November,"$ 2,506.00",8,14,5
1595,16,Marquette,2019,November,"$ 2,399.84",11,16,6
121,16,Marquette,2019,November,"$ 2,374.75",16,25,7
1594,16,Marquette,2019,November,"$ 2,154.00",3,6,8
1645,16,Marquette,2019,November,"$ 2,148.00",9,12,9
2003,16,Marquette,2019,November,"$ 1,991.76",15,24,10
1592,16,Marquette,2019,December,"$ 4,725.00",16,25,1
1594,16,Marquette,2019,December,"$ 3,590.00",8,10,2
201,16,Marquette,2019,December,"$ 3,509.73",16,27,3
1645,16,Marquette,2019,December,"$ 3,401.00",12,19,4
109,16,Marquette,2019,December,"$ 3,204.32",16,28,5
2007,16,Marquette,2019,December,"$ 2,924.75",19,25,6
211,16,Marquette,2019,December,"$ 2,861.73",18,27,7
135,16,Marquette,2019,December,"$ 2,847.68",21,32,8
250,16,Marquette,2019,December,"$ 2,789.70",19,30,9
204,16,Marquette,2019,December,"$ 2,771.78",13,22,10
206,16,Marquette,2020,January,"$ 3,719.76",15,24,1
1551,16,Marquette,2020,January,"$ 3,449.25",10,15,2
1635,16,Marquette,2020,January,"$ 3,239.82",11,18,3
1594,16,Marquette,2020,January,"$ 3,231.00",6,9,4
152,16,Marquette,2020,January,"$ 3,099.69",20,31,5
149,16,Marquette,2020,January,"$ 2,999.76",15,24,6
2007,16,Marquette,2020,January,"$ 2,573.78",15,22,7
173,16,Marquette,2020,January,"$ 2,551.78",14,22,8
177,16,Marquette,2020,January,"$ 2,519.76",14,24,9
1645,16,Marquette,2020,January,"$ 2,506.00",8,14,10
2008,16,Marquette,2020,Febuary,"$ 3,943.66",22,34,1
185,16,Marquette,2020,Febuary,"$ 2,969.73",17,27,2
1594,16,Marquette,2020,Febuary,"$ 2,513.00",5,7,3
1572,16,Marquette,2020,Febuary,"$ 2,506.00",9,14,4
265,16,Marquette,2020,Febuary,"$ 2,399.76",14,24,5
2010,16,Marquette,2020,Febuary,"$ 2,299.77",15,23,6
172,16,Marquette,2020,Febuary,"$ 2,279.76",14,24,7
1592,16,Marquette,2020,Febuary,"$ 2,268.00",8,12,8
149,16,Marquette,2020,Febuary,"$ 2,249.82",14,18,9
170,16,Marquette,2020,Febuary,"$ 2,249.75",14,25,10
206,16,Marquette,2020,March,"$ 3,564.77",15,23,1
1552,16,Marquette,2020,March,"$ 3,499.30",10,14,2
212,16,Marquette,2020,March,"$ 2,885.74",16,26,3
1594,16,Marquette,2020,March,"$ 2,872.00",5,8,4
201,16,Marquette,2020,March,"$ 2,859.78",14,22,5
2007,16,Marquette,2020,March,"$ 2,573.78",15,22,6
198,16,Marquette,2020,March,"$ 2,393.82",11,18,7
148,16,Marquette,2020,March,"$ 2,324.69",20,31,8
1634,16,Marquette,2020,March,"$ 2,249.85",9,15,9
1644,16,Marquette,2020,March,"$ 2,235.00",10,15,10
112,16,Marquette,2020,April,"$ 3,858.40",26,35,1
206,16,Marquette,2020,April,"$ 3,254.79",13,21,2
201,16,Marquette,2020,April,"$ 2,599.80",13,20,3
242,16,Marquette,2020,April,"$ 2,529.77",14,23,4
1594,16,Marquette,2020,April,"$ 2,513.00",4,7,5
106,16,Marquette,2020,April,"$ 2,288.80",12,20,6
109,16,Marquette,2020,April,"$ 2,288.80",12,20,7
149,16,Marquette,2020,April,"$ 2,249.82",11,18,8
1552,16,Marquette,2020,April,"$ 2,249.55",7,9,9
2013,16,Marquette,2020,April,"$ 2,209.74",17,26,10
183,16,Marquette,2020,May,"$ 2,999.70",19,30,1
242,16,Marquette,2020,May,"$ 2,969.73",16,27,2
201,16,Marquette,2020,May,"$ 2,599.80",15,20,3
83,16,Marquette,2020,May,"$ 2,589.63",22,37,4
1635,16,Marquette,2020,May,"$ 2,519.86",10,14,5
1594,16,Marquette,2020,May,"$ 2,513.00",5,7,6
1601,16,Marquette,2020,May,"$ 2,506.00",9,14,7
206,16,Marquette,2020,May,"$ 2,324.85",8,15,8
112,16,Marquette,2020,May,"$ 2,204.80",15,20,9
265,16,Marquette,2020,May,"$ 2,199.78",16,22,10
106,16,Marquette,2020,June,"$ 2,975.44",17,26,1
1645,16,Marquette,2020,June,"$ 2,506.00",10,14,2
219,16,Marquette,2020,June,"$ 2,495.76",15,24,3
212,16,Marquette,2020,June,"$ 2,441.78",13,22,4
2011,16,Marquette,2020,June,"$ 2,243.78",17,22,5
179,16,Marquette,2020,June,"$ 2,207.77",15,23,6
2008,16,Marquette,2020,June,"$ 2,203.81",15,19,7
172,16,Marquette,2020,June,"$ 2,184.77",16,23,8
200,16,Marquette,2020,June,"$ 2,131.74",15,26,9
198,16,Marquette,2020,June,"$ 2,127.84",10,16,10
1645,16,Marquette,2020,July,"$ 2,864.00",10,16,1
204,16,Marquette,2020,July,"$ 2,645.79",14,21,2
1594,16,Marquette,2020,July,"$ 2,513.00",6,7,3
123,16,Marquette,2020,July,"$ 2,469.74",18,26,4
2011,16,Marquette,2020,July,"$ 2,447.76",14,24,5
173,16,Marquette,2020,July,"$ 2,435.79",13,21,6
198,16,Marquette,2020,July,"$ 2,393.82",12,18,7
1551,16,Marquette,2020,July,"$ 2,299.50",6,10,8
1593,16,Marquette,2020,July,"$ 2,299.00",7,11,9
12,16,Marquette,2020,July,"$ 2,294.46",18,27,10
109,16,Marquette,2020,August,"$ 3,318.76",17,29,1
172,16,Marquette,2020,August,"$ 2,944.69",19,31,2
206,16,Marquette,2020,August,"$ 2,789.82",11,18,3
1551,16,Marquette,2020,August,"$ 2,529.45",7,11,4
1594,16,Marquette,2020,August,"$ 2,513.00",6,7,5
1601,16,Marquette,2020,August,"$ 2,327.00",8,13,6
1987,16,Marquette,2020,August,"$ 2,159.73",17,27,7
1592,16,Marquette,2020,August,"$ 2,079.00",7,11,8
117,16,Marquette,2020,August,"$ 2,074.75",17,25,9
149,16,Marquette,2020,August,"$ 1,999.84",11,16,10
1593,16,Marquette,2020,September,"$ 3,135.00",10,15,1
106,16,Marquette,2020,September,"$ 3,089.88",16,27,2
1645,16,Marquette,2020,September,"$ 3,043.00",10,17,3
206,16,Marquette,2020,September,"$ 2,944.81",12,19,4
1594,16,Marquette,2020,September,"$ 2,872.00",6,8,5
2006,16,Marquette,2020,September,"$ 2,811.75",16,25,6
1551,16,Marquette,2020,September,"$ 2,759.40",7,12,7
177,16,Marquette,2020,September,"$ 2,729.74",16,26,8
212,16,Marquette,2020,September,"$ 2,441.78",16,22,9
2008,16,Marquette,2020,September,"$ 2,435.79",13,21,10
1572,16,Marquette,2020,October,"$ 3,759.00",13,21,1
1594,16,Marquette,2020,October,"$ 3,590.00",7,10,2
206,16,Marquette,2020,October,"$ 2,789.82",12,18,3
1591,16,Marquette,2020,October,"$ 2,535.00",10,15,4
2006,16,Marquette,2020,October,"$ 2,474.34",14,22,5
262,16,Marquette,2020,October,"$ 2,464.71",18,29,6
109,16,Marquette,2020,October,"$ 2,403.24",13,21,7
1596,16,Marquette,2020,October,"$ 2,339.87",8,13,8
1634,16,Marquette,2020,October,"$ 2,249.85",11,15,9
7,16,Marquette,2020,October,"$ 2,209.48",18,26,10
206,16,Marquette,2020,November,"$ 3,564.77",17,23,1
1594,16,Marquette,2020,November,"$ 3,231.00",5,9,2
1552,16,Marquette,2020,November,"$ 2,749.45",8,11,3
173,16,Marquette,2020,November,"$ 2,667.77",16,23,4
170,16,Marquette,2020,November,"$ 2,519.72",16,28,5
177,16,Marquette,2020,November,"$ 2,414.77",13,23,6
198,16,Marquette,2020,November,"$ 2,393.82",12,18,7
197,16,Marquette,2020,November,"$ 2,331.78",14,22,8
181,16,Marquette,2020,November,"$ 2,207.77",15,23,9
156,16,Marquette,2020,November,"$ 2,199.78",13,22,10
1552,16,Marquette,2020,December,"$ 3,749.25",9,15,1
206,16,Marquette,2020,December,"$ 3,409.78",14,22,2
198,16,Marquette,2020,December,"$ 3,324.75",17,25,3
1551,16,Marquette,2020,December,"$ 2,989.35",9,13,4
158,16,Marquette,2020,December,"$ 2,879.68",20,32,5
204,16,Marquette,2020,December,"$ 2,771.78",14,22,6
109,16,Marquette,2020,December,"$ 2,746.56",17,24,7
1600,16,Marquette,2020,December,"$ 2,682.00",13,18,8
172,16,Marquette,2020,December,"$ 2,659.72",18,28,9
1584,16,Marquette,2020,December,"$ 2,641.00",12,19,10
206,16,Marquette,2021,January,"$ 3,409.78",16,22,1
1593,16,Marquette,2021,January,"$ 3,344.00",9,16,2
1552,16,Marquette,2021,January,"$ 2,499.50",7,10,3
1551,16,Marquette,2021,January,"$ 2,299.50",7,10,4
219,16,Marquette,2021,January,"$ 2,287.78",13,22,5
204,16,Marquette,2021,January,"$ 2,267.82",11,18,6
1594,16,Marquette,2021,January,"$ 2,154.00",4,6,7
212,16,Marquette,2021,January,"$ 2,108.81",12,19,8
172,16,Marquette,2021,January,"$ 2,089.78",14,22,9
1592,16,Marquette,2021,January,"$ 2,079.00",7,11,10
1596,16,Marquette,2021,Febuary,"$ 3,239.82",12,18,1
1645,16,Marquette,2021,Febuary,"$ 3,222.00",11,18,2
212,16,Marquette,2021,Febuary,"$ 2,774.75",15,25,3
1635,16,Marquette,2021,Febuary,"$ 2,699.85",9,15,4
115,16,Marquette,2021,Febuary,"$ 2,288.80",11,20,5
106,16,Marquette,2021,Febuary,"$ 2,288.80",13,20,6
109,16,Marquette,2021,Febuary,"$ 2,174.36",14,19,7
217,16,Marquette,2021,Febuary,"$ 2,159.73",15,27,8
206,16,Marquette,2021,Febuary,"$ 2,014.87",10,13,9
168,16,Marquette,2021,Febuary,"$ 1,999.80",13,20,10
2008,16,Marquette,2021,March,"$ 2,435.79",13,21,1
173,16,Marquette,2021,March,"$ 2,435.79",13,21,2
156,16,Marquette,2021,March,"$ 2,399.76",16,24,3
1552,16,Marquette,2021,March,"$ 2,249.55",6,9,4
112,16,Marquette,2021,March,"$ 2,204.80",13,20,5
1593,16,Marquette,2021,March,"$ 2,090.00",8,10,6
2001,16,Marquette,2021,March,"$ 2,079.74",17,26,7
106,16,Marquette,2021,March,"$ 2,059.92",11,18,8
1626,16,Marquette,2021,March,"$ 2,054.25",8,15,9
1601,16,Marquette,2021,March,"$ 1,969.00",6,11,10
201,16,Marquette,2021,April,"$ 2,599.80",14,20,1
1600,16,Marquette,2021,April,"$ 2,533.00",10,17,2
1594,16,Marquette,2021,April,"$ 2,154.00",6,6,3
198,16,Marquette,2021,April,"$ 1,994.85",11,15,4
1593,16,Marquette,2021,April,"$ 1,881.00",5,9,5
1551,16,Marquette,2021,April,"$ 1,839.60",5,8,6
109,16,Marquette,2021,April,"$ 1,831.04",10,16,7
152,16,Marquette,2021,April,"$ 1,799.82",12,18,8
18,16,Marquette,2021,April,"$ 1,784.58",13,21,9
129,16,Marquette,2021,April,"$ 1,759.78",15,22,10
109,16,Marquette,2021,May,"$ 2,746.56",17,24,1
204,16,Marquette,2021,May,"$ 2,393.81",12,19,2
211,16,Marquette,2021,May,"$ 2,225.79",13,21,3
1596,16,Marquette,2021,May,"$ 1,979.89",7,11,4
2011,16,Marquette,2021,May,"$ 1,937.81",12,19,5
149,16,Marquette,2021,May,"$ 1,874.85",10,15,6
1551,16,Marquette,2021,May,"$ 1,839.60",5,8,7
2006,16,Marquette,2021,May,"$ 1,799.52",9,16,8
1594,16,Marquette,2021,May,"$ 1,795.00",3,5,9
1552,16,Marquette,2021,May,"$ 1,749.65",4,7,10
206,16,Marquette,2021,June,"$ 3,564.77",14,23,1
1594,16,Marquette,2021,June,"$ 2,872.00",5,8,2
2012,16,Marquette,2021,June,"$ 2,339.74",16,26,3
1571,16,Marquette,2021,June,"$ 2,226.00",9,14,4
201,16,Marquette,2021,June,"$ 2,079.84",10,16,5
119,16,Marquette,2021,June,"$ 2,078.78",12,22,6
1551,16,Marquette,2021,June,"$ 2,069.55",6,9,7
181,16,Marquette,2021,June,"$ 2,015.79",12,21,8
198,16,Marquette,2021,June,"$ 1,994.85",9,15,9
1635,16,Marquette,2021,June,"$ 1,979.89",7,11,10
1594,16,Marquette,2021,July,"$ 5,026.00",9,14,1
1593,16,Marquette,2021,July,"$ 4,389.00",12,21,2
198,16,Marquette,2021,July,"$ 2,393.82",12,18,3
2007,16,Marquette,2021,July,"$ 2,222.81",11,19,4
158,16,Marquette,2021,July,"$ 2,159.76",16,24,5
2011,16,Marquette,2021,July,"$ 2,039.80",12,20,6
197,16,Marquette,2021,July,"$ 1,907.82",12,18,7
1591,16,Marquette,2021,July,"$ 1,859.00",8,11,8
246,16,Marquette,2021,July,"$ 1,799.80",12,20,9
17,16,Marquette,2021,July,"$ 1,784.58",12,21,10
198,16,Marquette,2021,August,"$ 3,457.74",18,26,1
2009,16,Marquette,2021,August,"$ 2,699.73",15,27,2
183,16,Marquette,2021,August,"$ 2,499.75",15,25,3
1593,16,Marquette,2021,August,"$ 2,299.00",7,11,4
204,16,Marquette,2021,August,"$ 2,267.82",11,18,5
201,16,Marquette,2021,August,"$ 2,079.84",11,16,6
1592,16,Marquette,2021,August,"$ 2,079.00",6,11,7
206,16,Marquette,2021,August,"$ 2,014.87",9,13,8
265,16,Marquette,2021,August,"$ 1,999.80",13,20,9
152,16,Marquette,2021,August,"$ 1,999.80",12,20,10
201,16,Marquette,2021,September,"$ 2,729.79",14,21,1
1593,16,Marquette,2021,September,"$ 2,717.00",8,13,2
2012,16,Marquette,2021,September,"$ 2,249.75",17,25,3
2009,16,Marquette,2021,September,"$ 2,199.78",16,22,4
123,16,Marquette,2021,September,"$ 2,184.77",15,23,5
198,16,Marquette,2021,September,"$ 2,127.84",12,16,6
7,16,Marquette,2021,September,"$ 2,039.52",15,24,7
1591,16,Marquette,2021,September,"$ 2,028.00",8,12,8
197,16,Marquette,2021,September,"$ 2,013.81",12,19,9
2010,16,Marquette,2021,September,"$ 1,999.80",12,20,10
1551,16,Marquette,2021,October,"$ 3,219.30",9,14,1
204,16,Marquette,2021,October,"$ 2,771.78",14,22,2
206,16,Marquette,2021,October,"$ 2,634.83",11,17,3
242,16,Marquette,2021,October,"$ 2,089.81",11,19,4
1600,16,Marquette,2021,October,"$ 2,086.00",10,14,5
119,16,Marquette,2021,October,"$ 1,984.29",14,21,6
1595,16,Marquette,2021,October,"$ 1,949.87",10,13,7
1634,16,Marquette,2021,October,"$ 1,949.87",11,13,8
1992,16,Marquette,2021,October,"$ 1,889.79",13,21,9
1593,16,Marquette,2021,October,"$ 1,881.00",5,9,10
1594,16,Marquette,2021,November,"$ 3,949.00",8,11,1
170,16,Marquette,2021,November,"$ 2,519.72",17,28,2
1600,16,Marquette,2021,November,"$ 2,384.00",10,16,3
1592,16,Marquette,2021,November,"$ 2,268.00",7,12,4
1596,16,Marquette,2021,November,"$ 1,979.89",8,11,5
17,16,Marquette,2021,November,"$ 1,869.56",14,22,6
173,16,Marquette,2021,November,"$ 1,855.84",11,16,7
106,16,Marquette,2021,November,"$ 1,831.04",10,16,8
2009,16,Marquette,2021,November,"$ 1,799.82",13,18,9
137,16,Marquette,2021,November,"$ 1,799.80",14,20,10
1593,16,Marquette,2021,December,"$ 3,971.00",12,19,1
1594,16,Marquette,2021,December,"$ 3,231.00",6,9,2
16,16,Marquette,2021,December,"$ 3,059.28",22,36,3
204,16,Marquette,2021,December,"$ 2,897.77",13,23,4
2012,16,Marquette,2021,December,"$ 2,699.70",19,30,5
1591,16,Marquette,2021,December,"$ 2,535.00",9,15,6
1634,16,Marquette,2021,December,"$ 2,399.84",10,16,7
198,16,Marquette,2021,December,"$ 2,393.82",12,18,8
149,16,Marquette,2021,December,"$ 2,374.81",14,19,9
172,16,Marquette,2021,December,"$ 2,374.75",16,25,10
206,16,Marquette,2022,January,"$ 4,029.74",15,26,1
1594,16,Marquette,2022,January,"$ 3,231.00",6,9,2
271,16,Marquette,2022,January,"$ 2,609.71",18,29,3
1645,16,Marquette,2022,January,"$ 2,327.00",9,13,4
115,16,Marquette,2022,January,"$ 2,288.80",15,20,5
198,16,Marquette,2022,January,"$ 2,260.83",11,17,6
1571,16,Marquette,2022,January,"$ 2,226.00",8,14,7
197,16,Marquette,2022,January,"$ 2,225.79",14,21,8
119,16,Marquette,2022,January,"$ 1,984.29",13,21,9
1635,16,Marquette,2022,January,"$ 1,979.89",8,11,10
1594,16,Marquette,2022,Febuary,"$ 4,308.00",7,12,1
1552,16,Marquette,2022,Febuary,"$ 3,499.30",10,14,2
1591,16,Marquette,2022,Febuary,"$ 3,380.00",12,20,3
173,16,Marquette,2022,Febuary,"$ 2,667.77",15,23,4
206,16,Marquette,2022,Febuary,"$ 2,169.86",11,14,5
2006,16,Marquette,2022,Febuary,"$ 2,136.93",12,19,6
200,16,Marquette,2022,Febuary,"$ 2,049.75",14,25,7
2,16,Marquette,2022,Febuary,"$ 2,001.74",17,26,8
177,16,Marquette,2022,Febuary,"$ 1,889.82",11,18,9
2013,16,Marquette,2022,Febuary,"$ 1,869.78",14,22,10
1594,16,Marquette,2022,March,"$ 3,590.00",6,10,1
106,16,Marquette,2022,March,"$ 3,433.20",17,30,2
204,16,Marquette,2022,March,"$ 2,897.77",14,23,3
198,16,Marquette,2022,March,"$ 2,393.82",11,18,4
201,16,Marquette,2022,March,"$ 2,339.82",12,18,5
152,16,Marquette,2022,March,"$ 2,299.77",14,23,6
115,16,Marquette,2022,March,"$ 2,288.80",12,20,7
181,16,Marquette,2022,March,"$ 2,207.77",17,23,8
183,16,Marquette,2022,March,"$ 2,199.78",13,22,9
123,16,Marquette,2022,March,"$ 2,184.77",15,23,10
1594,16,Marquette,2022,April,"$ 4,308.00",8,12,1
173,16,Marquette,2022,April,"$ 2,899.75",15,25,2
2008,16,Marquette,2022,April,"$ 2,667.77",14,23,3
1591,16,Marquette,2022,April,"$ 2,535.00",8,15,4
1552,16,Marquette,2022,April,"$ 2,499.50",7,10,5
1551,16,Marquette,2022,April,"$ 2,299.50",6,10,6
106,16,Marquette,2022,April,"$ 2,288.80",13,20,7
179,16,Marquette,2022,April,"$ 2,207.77",14,23,8
168,16,Marquette,2022,April,"$ 2,199.78",14,22,9
1543,16,Marquette,2022,April,"$ 2,160.00",12,18,10
1551,16,Marquette,2022,May,"$ 3,449.25",11,15,1
1552,16,Marquette,2022,May,"$ 2,999.40",8,12,2
1571,16,Marquette,2022,May,"$ 2,703.00",10,17,3
1635,16,Marquette,2022,May,"$ 2,699.85",10,15,4
123,16,Marquette,2022,May,"$ 2,564.73",18,27,5
1601,16,Marquette,2022,May,"$ 2,506.00",8,14,6
1992,16,Marquette,2022,May,"$ 2,429.73",18,27,7
172,16,Marquette,2022,May,"$ 2,279.76",15,24,8
198,16,Marquette,2022,May,"$ 2,260.83",10,17,9
201,16,Marquette,2022,May,"$ 2,209.83",11,17,10
1594,16,Marquette,2022,June,"$ 2,513.00",4,7,1
2008,16,Marquette,2022,June,"$ 2,203.81",12,19,2
106,16,Marquette,2022,June,"$ 2,174.36",12,19,3
1645,16,Marquette,2022,June,"$ 2,148.00",7,12,4
204,16,Marquette,2022,June,"$ 2,141.83",13,17,5
137,16,Marquette,2022,June,"$ 2,069.77",15,23,6
217,16,Marquette,2022,June,"$ 1,919.76",16,24,7
211,16,Marquette,2022,June,"$ 1,907.82",11,18,8
246,16,Marquette,2022,June,"$ 1,889.79",12,21,9
17,16,Marquette,2022,June,"$ 1,869.56",13,22,10
1594,16,Marquette,2022,July,"$ 2,872.00",5,8,1
115,16,Marquette,2022,July,"$ 2,746.56",13,24,2
198,16,Marquette,2022,July,"$ 2,526.81",13,19,3
119,16,Marquette,2022,July,"$ 2,362.25",16,25,4
177,16,Marquette,2022,July,"$ 2,309.78",14,22,5
158,16,Marquette,2022,July,"$ 2,159.76",16,24,6
211,16,Marquette,2022,July,"$ 2,119.80",13,20,7
176,16,Marquette,2022,July,"$ 2,099.79",13,21,8
106,16,Marquette,2022,July,"$ 1,945.48",10,17,9
1997,16,Marquette,2022,July,"$ 1,899.75",14,25,10
211,16,Marquette,2022,August,"$ 3,179.70",18,30,1
149,16,Marquette,2022,August,"$ 2,999.76",15,24,2
2011,16,Marquette,2022,August,"$ 2,753.73",17,27,3
173,16,Marquette,2022,August,"$ 2,667.77",13,23,4
109,16,Marquette,2022,August,"$ 2,632.12",15,23,5
2010,16,Marquette,2022,August,"$ 2,499.75",17,25,6
2007,16,Marquette,2022,August,"$ 2,222.81",12,19,7
1645,16,Marquette,2022,August,"$ 2,148.00",6,12,8
242,16,Marquette,2022,August,"$ 2,089.81",13,19,9
201,16,Marquette,2022,August,"$ 2,079.84",11,16,10
1594,16,Marquette,2022,September,"$ 2,513.00",5,7,1
172,16,Marquette,2022,September,"$ 2,279.76",15,24,2
1552,16,Marquette,2022,September,"$ 2,249.55",5,9,3
106,16,Marquette,2022,September,"$ 2,174.36",10,19,4
1635,16,Marquette,2022,September,"$ 2,159.88",8,12,5
149,16,Marquette,2022,September,"$ 2,124.83",11,17,6
1551,16,Marquette,2022,September,"$ 2,069.55",5,9,7
1992,16,Marquette,2022,September,"$ 1,979.78",13,22,8
1645,16,Marquette,2022,September,"$ 1,969.00",6,11,9
135,16,Marquette,2022,September,"$ 1,957.78",13,22,10
1592,16,Marquette,2022,October,"$ 3,402.00",11,18,1
177,16,Marquette,2022,October,"$ 2,519.76",13,24,2
262,16,Marquette,2022,October,"$ 2,379.72",17,28,3
149,16,Marquette,2022,October,"$ 2,374.81",11,19,4
88,16,Marquette,2022,October,"$ 2,189.70",18,30,5
158,16,Marquette,2022,October,"$ 2,069.77",14,23,6
76,16,Marquette,2022,October,"$ 2,039.70",20,30,7
2006,16,Marquette,2022,October,"$ 2,024.46",11,18,8
198,16,Marquette,2022,October,"$ 1,994.85",10,15,9
123,16,Marquette,2022,October,"$ 1,994.79",14,21,10
206,16,Marquette,2022,November,"$ 2,789.82",10,18,1
177,16,Marquette,2022,November,"$ 2,519.76",15,24,2
1594,16,Marquette,2022,November,"$ 2,513.00",5,7,3
127,16,Marquette,2022,November,"$ 2,239.72",18,28,4
211,16,Marquette,2022,November,"$ 2,013.81",12,19,5
175,16,Marquette,2022,November,"$ 1,954.77",16,23,6
1628,16,Marquette,2022,November,"$ 1,949.25",12,15,7
2001,16,Marquette,2022,November,"$ 1,919.76",14,24,8
14,16,Marquette,2022,November,"$ 1,869.56",15,22,9
109,16,Marquette,2022,November,"$ 1,831.04",11,16,10
1551,16,Marquette,2022,December,"$ 3,219.30",8,14,1
173,16,Marquette,2022,December,"$ 3,131.73",19,27,2
1594,16,Marquette,2022,December,"$ 2,872.00",5,8,3
206,16,Marquette,2022,December,"$ 2,324.85",9,15,4
177,16,Marquette,2022,December,"$ 2,309.78",14,22,5
162,16,Marquette,2022,December,"$ 2,249.75",18,25,6
1552,16,Marquette,2022,December,"$ 2,249.55",5,9,7
201,16,Marquette,2022,December,"$ 2,209.83",10,17,8
58,16,Marquette,2022,December,"$ 2,175.68",23,32,9
16,16,Marquette,2022,December,"$ 2,124.50",16,25,10
1552,16,Marquette,2023,January,"$ 4,749.05",10,19,1
1551,16,Marquette,2023,January,"$ 3,449.25",10,15,2
1645,16,Marquette,2023,January,"$ 3,222.00",12,18,3
115,16,Marquette,2023,January,"$ 2,632.12",14,23,4
177,16,Marquette,2023,January,"$ 2,519.76",14,24,5
1594,16,Marquette,2023,January,"$ 2,513.00",5,7,6
1593,16,Marquette,2023,January,"$ 2,508.00",9,12,7
2007,16,Marquette,2023,January,"$ 2,222.81",11,19,8
158,16,Marquette,2023,January,"$ 2,159.76",17,24,9
265,16,Marquette,2023,January,"$ 2,099.79",13,21,10
1594,16,Marquette,2023,Febuary,"$ 3,231.00",6,9,1
115,16,Marquette,2023,Febuary,"$ 2,632.12",16,23,2
1592,16,Marquette,2023,Febuary,"$ 2,457.00",7,13,3
177,16,Marquette,2023,Febuary,"$ 2,099.80",14,20,4
2011,16,Marquette,2023,Febuary,"$ 2,039.80",14,20,5
1552,16,Marquette,2023,Febuary,"$ 1,999.60",6,8,6
1572,16,Marquette,2023,Febuary,"$ 1,790.00",6,10,7
112,16,Marquette,2023,Febuary,"$ 1,763.84",10,16,8
1998,16,Marquette,2023,Febuary,"$ 1,737.78",12,22,9
1593,16,Marquette,2023,Febuary,"$ 1,672.00",6,8,10
1594,16,Marquette,2023,March,"$ 3,949.00",7,11,1
198,16,Marquette,2023,March,"$ 3,191.76",15,24,2
1593,16,Marquette,2023,March,"$ 2,926.00",9,14,3
219,16,Marquette,2023,March,"$ 2,599.75",15,25,4
242,16,Marquette,2023,March,"$ 2,309.79",13,21,5
1634,16,Marquette,2023,March,"$ 2,249.85",8,15,6
177,16,Marquette,2023,March,"$ 2,204.79",13,21,7
176,16,Marquette,2023,March,"$ 2,199.78",15,22,8
2006,16,Marquette,2023,March,"$ 2,136.93",11,19,9
1592,16,Marquette,2023,March,"$ 2,079.00",7,11,10
2006,16,Marquette,2023,April,"$ 3,486.57",19,31,1
198,16,Marquette,2023,April,"$ 2,792.79",14,21,2
149,16,Marquette,2023,April,"$ 2,749.78",15,22,3
1601,16,Marquette,2023,April,"$ 2,506.00",10,14,4
271,16,Marquette,2023,April,"$ 2,339.74",15,26,5
206,16,Marquette,2023,April,"$ 2,324.85",9,15,6
1593,16,Marquette,2023,April,"$ 2,299.00",6,11,7
119,16,Marquette,2023,April,"$ 2,267.76",16,24,8
2008,16,Marquette,2023,April,"$ 2,203.81",11,19,9
172,16,Marquette,2023,April,"$ 2,089.78",12,22,10
1594,16,Marquette,2023,May,"$ 4,667.00",8,13,1
206,16,Marquette,2023,May,"$ 3,099.80",12,20,2
2007,16,Marquette,2023,May,"$ 2,807.76",14,24,3
156,16,Marquette,2023,May,"$ 2,399.76",15,24,4
211,16,Marquette,2023,May,"$ 2,225.79",12,21,5
1591,16,Marquette,2023,May,"$ 2,028.00",7,12,6
198,16,Marquette,2023,May,"$ 1,994.85",11,15,7
1655,16,Marquette,2023,May,"$ 1,819.87",9,13,8
1645,16,Marquette,2023,May,"$ 1,790.00",7,10,9
1634,16,Marquette,2023,May,"$ 1,649.89",7,11,10
201,16,Marquette,2023,June,"$ 3,249.75",14,25,1
1635,16,Marquette,2023,June,"$ 2,339.87",7,13,2
240,16,Marquette,2023,June,"$ 2,219.70",19,30,3
121,16,Marquette,2023,June,"$ 2,089.78",13,22,4
206,16,Marquette,2023,June,"$ 2,014.87",9,13,5
168,16,Marquette,2023,June,"$ 1,999.80",14,20,6
246,16,Marquette,2023,June,"$ 1,979.78",13,22,7
183,16,Marquette,2023,June,"$ 1,899.81",13,19,8
2007,16,Marquette,2023,June,"$ 1,871.84",11,16,9
1606,16,Marquette,2023,June,"$ 1,819.86",8,14,10
1594,16,Marquette,2023,July,"$ 2,872.00",6,8,1
204,16,Marquette,2023,July,"$ 2,519.80",11,20,2
1552,16,Marquette,2023,July,"$ 2,499.50",6,10,3
201,16,Marquette,2023,July,"$ 2,209.83",11,17,4
112,16,Marquette,2023,July,"$ 2,204.80",13,20,5
125,16,Marquette,2023,July,"$ 2,184.77",15,23,6
197,16,Marquette,2023,July,"$ 2,119.80",14,20,7
1644,16,Marquette,2023,July,"$ 2,086.00",8,14,8
1551,16,Marquette,2023,July,"$ 2,069.55",6,9,9
2008,16,Marquette,2023,July,"$ 1,971.83",11,17,10
1552,16,Marquette,2023,August,"$ 2,749.45",7,11,1
1997,16,Marquette,2023,August,"$ 2,583.66",21,34,2
112,16,Marquette,2023,August,"$ 2,535.52",14,23,3
1645,16,Marquette,2023,August,"$ 2,327.00",9,13,4
206,16,Marquette,2023,August,"$ 2,324.85",9,15,5
16,16,Marquette,2023,August,"$ 2,294.46",17,27,6
14,16,Marquette,2023,August,"$ 2,209.48",16,26,7
121,16,Marquette,2023,August,"$ 2,184.77",14,23,8
149,16,Marquette,2023,August,"$ 2,124.83",11,17,9
265,16,Marquette,2023,August,"$ 2,099.79",13,21,10
1594,16,Marquette,2023,September,"$ 4,308.00",7,12,1
198,16,Marquette,2023,September,"$ 3,058.77",16,23,2
1572,16,Marquette,2023,September,"$ 2,864.00",9,16,3
201,16,Marquette,2023,September,"$ 2,599.80",12,20,4
149,16,Marquette,2023,September,"$ 2,374.81",14,19,5
160,16,Marquette,2023,September,"$ 2,339.74",17,26,6
197,16,Marquette,2023,September,"$ 2,331.78",15,22,7
1595,16,Marquette,2023,September,"$ 2,249.85",9,15,8
1571,16,Marquette,2023,September,"$ 2,226.00",8,14,9
204,16,Marquette,2023,September,"$ 2,141.83",11,17,10
1552,16,Marquette,2023,October,"$ 2,999.40",8,12,1
2006,16,Marquette,2023,October,"$ 2,361.87",14,21,2
198,16,Marquette,2023,October,"$ 2,260.83",10,17,3
2012,16,Marquette,2023,October,"$ 2,249.75",15,25,4
106,16,Marquette,2023,October,"$ 2,059.92",12,18,5
181,16,Marquette,2023,October,"$ 2,015.79",13,21,6
206,16,Marquette,2023,October,"$ 2,014.87",8,13,7
119,16,Marquette,2023,October,"$ 1,984.29",15,21,8
1999,16,Marquette,2023,October,"$ 1,919.76",17,24,9
197,16,Marquette,2023,October,"$ 1,907.82",11,18,10
1594,16,Marquette,2023,November,"$ 3,231.00",5,9,1
152,16,Marquette,2023,November,"$ 2,699.73",17,27,2
112,16,Marquette,2023,November,"$ 2,425.28",16,22,3
1989,16,Marquette,2023,November,"$ 2,183.74",17,26,4
1551,16,Marquette,2023,November,"$ 2,069.55",7,9,5
156,16,Marquette,2023,November,"$ 1,999.80",11,20,6
1596,16,Marquette,2023,November,"$ 1,979.89",6,11,7
1584,16,Marquette,2023,November,"$ 1,946.00",10,14,8
197,16,Marquette,2023,November,"$ 1,907.82",10,18,9
2009,16,Marquette,2023,November,"$ 1,899.81",10,19,10
1596,16,Marquette,2023,December,"$ 3,059.83",11,17,1
201,16,Marquette,2023,December,"$ 2,599.80",14,20,2
1551,16,Marquette,2023,December,"$ 2,529.45",7,11,3
204,16,Marquette,2023,December,"$ 2,519.80",12,20,4
129,16,Marquette,2023,December,"$ 2,479.69",20,31,5
2011,16,Marquette,2023,December,"$ 2,345.77",14,23,6
173,16,Marquette,2023,December,"$ 2,319.80",13,20,7
1592,16,Marquette,2023,December,"$ 2,268.00",7,12,8
198,16,Marquette,2023,December,"$ 2,260.83",11,17,9
158,16,Marquette,2023,December,"$ 2,249.75",16,25,10
133,16,Marquette,2024,January,"$ 2,639.67",20,33,1
2006,16,Marquette,2024,January,"$ 2,136.93",11,19,2
198,16,Marquette,2024,January,"$ 2,127.84",10,16,3
112,16,Marquette,2024,January,"$ 2,094.56",12,19,4
137,16,Marquette,2024,January,"$ 1,979.78",15,22,5
201,16,Marquette,2024,January,"$ 1,949.85",9,15,6
106,16,Marquette,2024,January,"$ 1,945.48",13,17,7
2,16,Marquette,2024,January,"$ 1,924.75",17,25,8
176,16,Marquette,2024,January,"$ 1,899.81",11,19,9
170,16,Marquette,2024,January,"$ 1,889.79",15,21,10
251,16,Marquette,2024,Febuary,"$ 2,603.72",17,28,1
1594,16,Marquette,2024,Febuary,"$ 2,513.00",6,7,2
198,16,Marquette,2024,Febuary,"$ 2,260.83",12,17,3
158,16,Marquette,2024,Febuary,"$ 2,159.76",16,24,4
160,16,Marquette,2024,Febuary,"$ 2,069.77",13,23,5
1551,16,Marquette,2024,Febuary,"$ 2,069.55",6,9,6
211,16,Marquette,2024,Febuary,"$ 2,013.81",15,19,7
1635,16,Marquette,2024,Febuary,"$ 1,979.89",6,11,8
1644,16,Marquette,2024,Febuary,"$ 1,937.00",8,13,9
1987,16,Marquette,2024,Febuary,"$ 1,919.76",16,24,10
206,16,Marquette,2024,March,"$ 3,874.75",14,25,1
1644,16,Marquette,2024,March,"$ 3,725.00",14,25,2
250,16,Marquette,2024,March,"$ 2,789.70",19,30,3
2008,16,Marquette,2024,March,"$ 2,435.79",13,21,4
242,16,Marquette,2024,March,"$ 2,419.78",17,22,5
198,16,Marquette,2024,March,"$ 2,393.82",13,18,6
2011,16,Marquette,2024,March,"$ 2,345.77",15,23,7
112,16,Marquette,2024,March,"$ 2,094.56",13,19,8
158,16,Marquette,2024,March,"$ 2,069.77",15,23,9
204,16,Marquette,2024,March,"$ 2,015.84",11,16,10
198,16,Marquette,2024,April,"$ 3,058.77",14,23,1
201,16,Marquette,2024,April,"$ 2,079.84",11,16,2
176,16,Marquette,2024,April,"$ 1,999.80",13,20,3
129,16,Marquette,2024,April,"$ 1,999.75",19,25,4
119,16,Marquette,2024,April,"$ 1,984.29",13,21,5
1626,16,Marquette,2024,April,"$ 1,917.30",9,14,6
1551,16,Marquette,2024,April,"$ 1,839.60",4,8,7
1594,16,Marquette,2024,April,"$ 1,795.00",3,5,8
15,16,Marquette,2024,April,"$ 1,784.58",15,21,9
4,16,Marquette,2024,April,"$ 1,784.58",14,21,10
1572,16,Marquette,2024,May,"$ 3,222.00",10,18,1
1594,16,Marquette,2024,May,"$ 2,872.00",6,8,2
201,16,Marquette,2024,May,"$ 2,729.79",15,21,3
197,16,Marquette,2024,May,"$ 2,543.76",16,24,4
242,16,Marquette,2024,May,"$ 2,419.78",15,22,5
211,16,Marquette,2024,May,"$ 2,225.79",13,21,6
262,16,Marquette,2024,May,"$ 2,209.74",17,26,7
109,16,Marquette,2024,May,"$ 2,174.36",13,19,8
254,16,Marquette,2024,May,"$ 2,045.78",15,22,9
2009,16,Marquette,2024,May,"$ 1,999.80",13,20,10
1594,16,Marquette,2024,June,"$ 4,667.00",9,13,1
109,16,Marquette,2024,June,"$ 3,204.32",18,28,2
1591,16,Marquette,2024,June,"$ 2,704.00",10,16,3
2007,16,Marquette,2024,June,"$ 2,573.78",16,22,4
1601,16,Marquette,2024,June,"$ 2,506.00",8,14,5
206,16,Marquette,2024,June,"$ 2,479.84",10,16,6
123,16,Marquette,2024,June,"$ 2,089.78",14,22,7
198,16,Marquette,2024,June,"$ 1,994.85",9,15,8
1572,16,Marquette,2024,June,"$ 1,969.00",6,11,9
201,16,Marquette,2024,June,"$ 1,949.85",10,15,10
1593,16,Marquette,2024,July,"$ 3,344.00",9,16,1
206,16,Marquette,2024,July,"$ 2,944.81",12,19,2
1594,16,Marquette,2024,July,"$ 2,872.00",4,8,3
242,16,Marquette,2024,July,"$ 2,749.75",16,25,4
1552,16,Marquette,2024,July,"$ 2,499.50",7,10,5
149,16,Marquette,2024,July,"$ 2,249.82",12,18,6
217,16,Marquette,2024,July,"$ 2,239.72",18,28,7
125,16,Marquette,2024,July,"$ 2,184.77",16,23,8
2009,16,Marquette,2024,July,"$ 1,899.81",11,19,9
204,16,Marquette,2024,July,"$ 1,889.85",10,15,10
1594,16,Marquette,2024,August,"$ 6,103.00",10,17,1
246,16,Marquette,2024,August,"$ 2,519.72",17,28,2
2010,16,Marquette,2024,August,"$ 2,299.77",13,23,3
1644,16,Marquette,2024,August,"$ 2,235.00",11,15,4
1572,16,Marquette,2024,August,"$ 2,148.00",9,12,5
152,16,Marquette,2024,August,"$ 2,099.79",16,21,6
204,16,Marquette,2024,August,"$ 2,015.84",10,16,7
16,16,Marquette,2024,August,"$ 1,954.54",16,23,8
212,16,Marquette,2024,August,"$ 1,886.83",11,17,9
1635,16,Marquette,2024,August,"$ 1,799.90",6,10,10
1594,16,Marquette,2024,September,"$ 3,590.00",7,10,1
206,16,Marquette,2024,September,"$ 3,564.77",14,23,2
181,16,Marquette,2024,September,"$ 2,783.71",17,29,3
2008,16,Marquette,2024,September,"$ 2,551.78",15,22,4
247,16,Marquette,2024,September,"$ 2,519.72",17,28,5
1596,16,Marquette,2024,September,"$ 2,339.87",8,13,6
1595,16,Marquette,2024,September,"$ 2,249.85",9,15,7
197,16,Marquette,2024,September,"$ 2,225.79",13,21,8
14,16,Marquette,2024,September,"$ 2,124.50",13,25,9
115,16,Marquette,2024,September,"$ 2,059.92",12,18,10
1593,16,Marquette,2024,October,"$ 2,926.00",9,14,1
1571,16,Marquette,2024,October,"$ 2,703.00",11,17,2
149,16,Marquette,2024,October,"$ 2,499.80",11,20,3
2008,16,Marquette,2024,October,"$ 2,319.80",15,20,4
204,16,Marquette,2024,October,"$ 2,267.82",13,18,5
11,16,Marquette,2024,October,"$ 2,203.42",19,29,6
198,16,Marquette,2024,October,"$ 2,127.84",10,16,7
17,16,Marquette,2024,October,"$ 2,124.50",15,25,8
158,16,Marquette,2024,October,"$ 2,069.77",15,23,9
1551,16,Marquette,2024,October,"$ 2,069.55",7,9,10
160,16,Marquette,2024,November,"$ 2,699.70",20,30,1
2006,16,Marquette,2024,November,"$ 2,249.40",14,20,2
112,16,Marquette,2024,November,"$ 2,204.80",13,20,3
115,16,Marquette,2024,November,"$ 2,174.36",14,19,4
2009,16,Marquette,2024,November,"$ 2,099.79",11,21,5
173,16,Marquette,2024,November,"$ 2,087.82",11,18,6
1606,16,Marquette,2024,November,"$ 2,079.84",10,16,7
206,16,Marquette,2024,November,"$ 2,014.87",10,13,8
1997,16,Marquette,2024,November,"$ 1,975.74",17,26,9
135,16,Marquette,2024,November,"$ 1,957.78",16,22,10
1594,16,Marquette,2024,December,"$ 4,667.00",8,13,1
1571,16,Marquette,2024,December,"$ 3,021.00",11,19,2
2007,16,Marquette,2024,December,"$ 2,924.75",18,25,3
1551,16,Marquette,2024,December,"$ 2,759.40",7,12,4
1600,16,Marquette,2024,December,"$ 2,682.00",11,18,5
181,16,Marquette,2024,December,"$ 2,591.73",17,27,6
1552,16,Marquette,2024,December,"$ 2,499.50",6,10,7
201,16,Marquette,2024,December,"$ 2,469.81",13,19,8
133,16,Marquette,2024,December,"$ 2,319.71",18,29,9
200,16,Marquette,2024,December,"$ 2,295.72",18,28,10
1594,17,Nashville,2019,January,"$ 14,001.00",24,39,1
198,17,Nashville,2019,January,"$ 7,713.42",39,58,2
206,17,Nashville,2019,January,"$ 7,284.53",31,47,3
2008,17,Nashville,2019,January,"$ 6,727.42",37,58,4
265,17,Nashville,2019,January,"$ 6,699.33",44,67,5
112,17,Nashville,2019,January,"$ 6,504.16",36,59,6
1645,17,Nashville,2019,January,"$ 6,444.00",24,36,7
2010,17,Nashville,2019,January,"$ 6,399.36",40,64,8
1571,17,Nashville,2019,January,"$ 6,360.00",28,40,9
183,17,Nashville,2019,January,"$ 6,199.38",40,62,10
198,17,Nashville,2019,Febuary,"$ 8,245.38",40,62,1
204,17,Nashville,2019,Febuary,"$ 7,811.38",41,62,2
1552,17,Nashville,2019,Febuary,"$ 7,248.55",18,29,3
109,17,Nashville,2019,Febuary,"$ 6,637.52",38,58,4
173,17,Nashville,2019,Febuary,"$ 6,611.43",38,57,5
1571,17,Nashville,2019,Febuary,"$ 6,360.00",23,40,6
1594,17,Nashville,2019,Febuary,"$ 6,103.00",12,17,7
254,17,Nashville,2019,Febuary,"$ 5,951.36",41,64,8
201,17,Nashville,2019,Febuary,"$ 5,849.55",29,45,9
179,17,Nashville,2019,Febuary,"$ 5,759.40",40,60,10
149,17,Nashville,2019,March,"$ 8,124.35",38,65,1
211,17,Nashville,2019,March,"$ 7,525.29",47,71,2
1551,17,Nashville,2019,March,"$ 7,358.40",22,32,3
1594,17,Nashville,2019,March,"$ 6,821.00",15,19,4
1592,17,Nashville,2019,March,"$ 6,804.00",24,36,5
204,17,Nashville,2019,March,"$ 6,425.49",37,51,6
2011,17,Nashville,2019,March,"$ 6,425.37",43,63,7
201,17,Nashville,2019,March,"$ 6,369.51",31,49,8
262,17,Nashville,2019,March,"$ 6,289.26",45,74,9
206,17,Nashville,2019,March,"$ 6,199.60",27,40,10
1594,17,Nashville,2019,April,"$ 11,129.00",21,31,1
1552,17,Nashville,2019,April,"$ 9,248.15",21,37,2
198,17,Nashville,2019,April,"$ 7,447.44",33,56,3
2008,17,Nashville,2019,April,"$ 7,307.37",44,63,4
106,17,Nashville,2019,April,"$ 7,095.28",38,62,5
242,17,Nashville,2019,April,"$ 6,489.41",38,59,6
206,17,Nashville,2019,April,"$ 6,354.59",28,41,7
177,17,Nashville,2019,April,"$ 6,299.40",41,60,8
160,17,Nashville,2019,April,"$ 6,299.30",46,70,9
2006,17,Nashville,2019,April,"$ 5,960.91",33,53,10
1594,17,Nashville,2019,May,"$ 10,770.00",22,30,1
198,17,Nashville,2019,May,"$ 8,644.35",42,65,2
206,17,Nashville,2019,May,"$ 7,594.51",34,49,3
173,17,Nashville,2019,May,"$ 7,075.39",42,61,4
2008,17,Nashville,2019,May,"$ 6,727.42",40,58,5
219,17,Nashville,2019,May,"$ 6,655.36",38,64,6
1552,17,Nashville,2019,May,"$ 6,248.75",15,25,7
149,17,Nashville,2019,May,"$ 6,124.51",34,49,8
176,17,Nashville,2019,May,"$ 6,099.39",38,61,9
254,17,Nashville,2019,May,"$ 6,044.35",42,65,10
1594,17,Nashville,2019,June,"$ 12,565.00",22,35,1
2007,17,Nashville,2019,June,"$ 7,487.36",43,64,2
1551,17,Nashville,2019,June,"$ 7,358.40",19,32,3
177,17,Nashville,2019,June,"$ 6,719.36",40,64,4
201,17,Nashville,2019,June,"$ 6,629.49",36,51,5
168,17,Nashville,2019,June,"$ 6,599.34",42,66,6
112,17,Nashville,2019,June,"$ 6,283.68",36,57,7
125,17,Nashville,2019,June,"$ 6,174.35",42,65,8
197,17,Nashville,2019,June,"$ 6,041.43",37,57,9
198,17,Nashville,2019,June,"$ 5,984.55",31,45,10
1594,17,Nashville,2019,July,"$ 12,565.00",22,35,1
1551,17,Nashville,2019,July,"$ 8,738.10",25,38,2
201,17,Nashville,2019,July,"$ 7,799.40",37,60,3
115,17,Nashville,2019,July,"$ 7,438.60",42,65,4
2007,17,Nashville,2019,July,"$ 6,902.41",38,59,5
198,17,Nashville,2019,July,"$ 6,649.50",34,50,6
173,17,Nashville,2019,July,"$ 6,611.43",38,57,7
109,17,Nashville,2019,July,"$ 6,523.08",39,57,8
206,17,Nashville,2019,July,"$ 6,509.58",27,42,9
4,17,Nashville,2019,July,"$ 6,203.54",45,73,10
1594,17,Nashville,2019,August,"$ 10,411.00",19,29,1
206,17,Nashville,2019,August,"$ 10,384.33",41,67,2
198,17,Nashville,2019,August,"$ 8,910.33",44,67,3
1552,17,Nashville,2019,August,"$ 8,498.30",21,34,4
1593,17,Nashville,2019,August,"$ 7,315.00",22,35,5
2006,17,Nashville,2019,August,"$ 7,198.08",45,64,6
149,17,Nashville,2019,August,"$ 7,124.43",37,57,7
201,17,Nashville,2019,August,"$ 6,369.51",34,49,8
152,17,Nashville,2019,August,"$ 6,199.38",41,62,9
254,17,Nashville,2019,August,"$ 6,137.34",44,66,10
1594,17,Nashville,2019,September,"$ 11,488.00",20,32,1
204,17,Nashville,2019,September,"$ 7,559.40",39,60,2
206,17,Nashville,2019,September,"$ 7,439.52",30,48,3
177,17,Nashville,2019,September,"$ 7,034.33",46,67,4
1552,17,Nashville,2019,September,"$ 6,998.60",18,28,5
198,17,Nashville,2019,September,"$ 6,915.48",34,52,6
106,17,Nashville,2019,September,"$ 6,866.40",39,60,7
2007,17,Nashville,2019,September,"$ 6,551.44",36,56,8
149,17,Nashville,2019,September,"$ 6,499.48",33,52,9
1551,17,Nashville,2019,September,"$ 6,438.60",18,28,10
1594,17,Nashville,2019,October,"$ 8,975.00",18,25,1
1592,17,Nashville,2019,October,"$ 8,127.00",26,43,2
1552,17,Nashville,2019,October,"$ 7,748.45",20,31,3
2006,17,Nashville,2019,October,"$ 7,423.02",42,66,4
206,17,Nashville,2019,October,"$ 7,284.53",33,47,5
149,17,Nashville,2019,October,"$ 7,124.43",35,57,6
204,17,Nashville,2019,October,"$ 6,929.45",36,55,7
201,17,Nashville,2019,October,"$ 6,889.47",37,53,8
1591,17,Nashville,2019,October,"$ 6,760.00",25,40,9
2007,17,Nashville,2019,October,"$ 6,551.44",38,56,10
2007,17,Nashville,2019,November,"$ 7,721.34",42,66,1
177,17,Nashville,2019,November,"$ 7,559.28",47,72,2
115,17,Nashville,2019,November,"$ 7,324.16",42,64,3
201,17,Nashville,2019,November,"$ 7,279.44",38,56,4
1551,17,Nashville,2019,November,"$ 7,128.45",21,31,5
206,17,Nashville,2019,November,"$ 6,819.56",32,44,6
1593,17,Nashville,2019,November,"$ 6,688.00",20,32,7
247,17,Nashville,2019,November,"$ 6,659.26",45,74,8
1626,17,Nashville,2019,November,"$ 6,299.70",30,46,9
10,17,Nashville,2019,November,"$ 6,159.20",51,80,10
1594,17,Nashville,2019,December,"$ 10,770.00",21,30,1
201,17,Nashville,2019,December,"$ 10,269.21",55,79,2
1552,17,Nashville,2019,December,"$ 9,748.05",28,39,3
219,17,Nashville,2019,December,"$ 9,567.08",53,92,4
212,17,Nashville,2019,December,"$ 9,101.18",52,82,5
185,17,Nashville,2019,December,"$ 9,019.18",55,82,6
2010,17,Nashville,2019,December,"$ 8,999.10",58,90,7
168,17,Nashville,2019,December,"$ 8,999.10",54,90,8
206,17,Nashville,2019,December,"$ 8,834.43",39,57,9
2006,17,Nashville,2019,December,"$ 8,660.19",50,77,10
206,17,Nashville,2020,January,"$ 9,299.40",41,60,1
198,17,Nashville,2020,January,"$ 8,910.33",46,67,2
1551,17,Nashville,2020,January,"$ 8,738.10",25,38,3
1594,17,Nashville,2020,January,"$ 8,257.00",15,23,4
2007,17,Nashville,2020,January,"$ 7,604.35",44,65,5
1596,17,Nashville,2020,January,"$ 7,559.58",26,42,6
2008,17,Nashville,2020,January,"$ 7,423.36",43,64,7
173,17,Nashville,2020,January,"$ 7,423.36",43,64,8
2010,17,Nashville,2020,January,"$ 7,399.26",50,74,9
2006,17,Nashville,2020,January,"$ 7,198.08",39,64,10
1594,17,Nashville,2020,Febuary,"$ 13,642.00",27,38,1
1552,17,Nashville,2020,Febuary,"$ 9,998.00",26,40,2
201,17,Nashville,2020,Febuary,"$ 9,749.25",45,75,3
2006,17,Nashville,2020,Febuary,"$ 8,885.13",52,79,4
204,17,Nashville,2020,Febuary,"$ 8,819.30",48,70,5
198,17,Nashville,2020,Febuary,"$ 8,644.35",47,65,6
211,17,Nashville,2020,Febuary,"$ 8,267.22",48,78,7
131,17,Nashville,2020,Febuary,"$ 7,359.08",65,92,8
212,17,Nashville,2020,Febuary,"$ 7,325.34",46,66,9
1593,17,Nashville,2020,Febuary,"$ 7,106.00",23,34,10
206,17,Nashville,2020,March,"$ 11,624.25",50,75,1
1594,17,Nashville,2020,March,"$ 11,129.00",20,31,2
149,17,Nashville,2020,March,"$ 10,124.19",51,81,3
1601,17,Nashville,2020,March,"$ 9,666.00",33,54,4
201,17,Nashville,2020,March,"$ 9,229.29",45,71,5
1551,17,Nashville,2020,March,"$ 8,968.05",29,39,6
2006,17,Nashville,2020,March,"$ 8,435.25",52,75,7
204,17,Nashville,2020,March,"$ 7,811.38",39,62,8
109,17,Nashville,2020,March,"$ 7,324.16",41,64,9
168,17,Nashville,2020,March,"$ 7,299.27",45,73,10
1594,17,Nashville,2020,April,"$ 12,206.00",23,34,1
206,17,Nashville,2020,April,"$ 9,764.37",39,63,2
1635,17,Nashville,2020,April,"$ 8,819.51",32,49,3
152,17,Nashville,2020,April,"$ 7,699.23",45,77,4
2007,17,Nashville,2020,April,"$ 7,487.36",39,64,5
2006,17,Nashville,2020,April,"$ 7,423.02",43,66,6
106,17,Nashville,2020,April,"$ 7,324.16",42,64,7
115,17,Nashville,2020,April,"$ 7,324.16",46,64,8
109,17,Nashville,2020,April,"$ 7,209.72",42,63,9
201,17,Nashville,2020,April,"$ 7,149.45",39,55,10
1594,17,Nashville,2020,May,"$ 11,488.00",20,32,1
206,17,Nashville,2020,May,"$ 11,004.29",48,71,2
1551,17,Nashville,2020,May,"$ 9,427.95",28,41,3
204,17,Nashville,2020,May,"$ 8,945.29",46,71,4
2009,17,Nashville,2020,May,"$ 8,499.15",56,85,5
212,17,Nashville,2020,May,"$ 8,102.27",49,73,6
185,17,Nashville,2020,May,"$ 7,919.28",47,72,7
156,17,Nashville,2020,May,"$ 7,899.21",52,79,8
149,17,Nashville,2020,May,"$ 7,874.37",41,63,9
2007,17,Nashville,2020,May,"$ 7,838.33",44,67,10
206,17,Nashville,2020,June,"$ 13,639.12",59,88,1
1594,17,Nashville,2020,June,"$ 11,129.00",22,31,2
1593,17,Nashville,2020,June,"$ 9,823.00",29,47,3
2006,17,Nashville,2020,June,"$ 8,997.60",50,80,4
201,17,Nashville,2020,June,"$ 8,319.36",42,64,5
242,17,Nashville,2020,June,"$ 7,699.30",43,70,6
198,17,Nashville,2020,June,"$ 7,447.44",37,56,7
109,17,Nashville,2020,June,"$ 7,438.60",44,65,8
170,17,Nashville,2020,June,"$ 7,019.22",50,78,9
1596,17,Nashville,2020,June,"$ 6,839.62",24,38,10
1594,17,Nashville,2020,July,"$ 11,847.00",21,33,1
1551,17,Nashville,2020,July,"$ 10,347.75",30,45,2
206,17,Nashville,2020,July,"$ 9,919.36",45,64,3
1552,17,Nashville,2020,July,"$ 9,498.10",24,38,4
2006,17,Nashville,2020,July,"$ 8,997.60",54,80,5
112,17,Nashville,2020,July,"$ 8,819.20",49,80,6
173,17,Nashville,2020,July,"$ 8,815.24",51,76,7
2008,17,Nashville,2020,July,"$ 8,003.31",46,69,8
198,17,Nashville,2020,July,"$ 7,979.40",39,60,9
204,17,Nashville,2020,July,"$ 7,811.38",42,62,10
1594,17,Nashville,2020,August,"$ 15,796.00",26,44,1
242,17,Nashville,2020,August,"$ 9,239.16",55,84,2
1552,17,Nashville,2020,August,"$ 8,998.20",26,36,3
206,17,Nashville,2020,August,"$ 8,679.44",37,56,4
2007,17,Nashville,2020,August,"$ 8,540.27",45,73,5
158,17,Nashville,2020,August,"$ 8,369.07",55,93,6
173,17,Nashville,2020,August,"$ 7,887.32",44,68,7
115,17,Nashville,2020,August,"$ 7,667.48",47,67,8
106,17,Nashville,2020,August,"$ 7,553.04",45,66,9
177,17,Nashville,2020,August,"$ 7,349.30",47,70,10
1594,17,Nashville,2020,September,"$ 12,206.00",24,34,1
198,17,Nashville,2020,September,"$ 8,511.36",40,64,2
204,17,Nashville,2020,September,"$ 8,441.33",48,67,3
1552,17,Nashville,2020,September,"$ 7,998.40",24,32,4
2006,17,Nashville,2020,September,"$ 7,872.90",44,70,5
106,17,Nashville,2020,September,"$ 7,667.48",46,67,6
206,17,Nashville,2020,September,"$ 7,594.51",31,49,7
173,17,Nashville,2020,September,"$ 7,423.36",42,64,8
2011,17,Nashville,2020,September,"$ 7,343.28",50,72,9
201,17,Nashville,2020,September,"$ 7,279.44",40,56,10
1594,17,Nashville,2020,October,"$ 11,488.00",22,32,1
173,17,Nashville,2020,October,"$ 9,859.15",54,85,2
206,17,Nashville,2020,October,"$ 9,144.41",41,59,3
204,17,Nashville,2020,October,"$ 8,063.36",41,64,4
109,17,Nashville,2020,October,"$ 8,010.80",44,70,5
185,17,Nashville,2020,October,"$ 7,589.31",42,69,6
1551,17,Nashville,2020,October,"$ 7,588.35",18,33,7
2008,17,Nashville,2020,October,"$ 7,539.35",44,65,8
121,17,Nashville,2020,October,"$ 7,314.23",48,77,9
197,17,Nashville,2020,October,"$ 7,101.33",37,67,10
206,17,Nashville,2020,November,"$ 8,369.46",38,54,1
1551,17,Nashville,2020,November,"$ 8,048.25",25,35,2
1594,17,Nashville,2020,November,"$ 7,898.00",16,22,3
2007,17,Nashville,2020,November,"$ 7,838.33",38,67,4
242,17,Nashville,2020,November,"$ 7,809.29",50,71,5
2006,17,Nashville,2020,November,"$ 7,647.96",45,68,6
197,17,Nashville,2020,November,"$ 7,419.30",44,70,7
106,17,Nashville,2020,November,"$ 7,324.16",43,64,8
2008,17,Nashville,2020,November,"$ 7,075.39",38,61,9
204,17,Nashville,2020,November,"$ 7,055.44",36,56,10
198,17,Nashville,2020,December,"$ 12,102.09",60,91,1
201,17,Nashville,2020,December,"$ 11,699.10",60,90,2
206,17,Nashville,2020,December,"$ 11,469.26",52,74,3
1592,17,Nashville,2020,December,"$ 11,151.00",35,59,4
1594,17,Nashville,2020,December,"$ 10,770.00",20,30,5
149,17,Nashville,2020,December,"$ 10,374.17",54,83,6
1551,17,Nashville,2020,December,"$ 9,887.85",31,43,7
156,17,Nashville,2020,December,"$ 9,699.03",61,97,8
204,17,Nashville,2020,December,"$ 9,449.25",50,75,9
112,17,Nashville,2020,December,"$ 9,039.68",53,82,10
1594,17,Nashville,2021,January,"$ 15,437.00",27,43,1
206,17,Nashville,2021,January,"$ 9,144.41",38,59,2
176,17,Nashville,2021,January,"$ 7,299.27",45,73,3
198,17,Nashville,2021,January,"$ 7,048.47",33,53,4
242,17,Nashville,2021,January,"$ 6,489.41",38,59,5
115,17,Nashville,2021,January,"$ 6,408.64",36,56,6
246,17,Nashville,2021,January,"$ 6,389.29",46,71,7
2008,17,Nashville,2021,January,"$ 6,379.45",36,55,8
152,17,Nashville,2021,January,"$ 6,299.37",42,63,9
1593,17,Nashville,2021,January,"$ 6,061.00",20,29,10
1552,17,Nashville,2021,Febuary,"$ 6,998.60",18,28,1
206,17,Nashville,2021,Febuary,"$ 6,974.55",30,45,2
1594,17,Nashville,2021,Febuary,"$ 6,462.00",11,18,3
1645,17,Nashville,2021,Febuary,"$ 6,265.00",24,35,4
185,17,Nashville,2021,Febuary,"$ 6,159.44",37,56,5
201,17,Nashville,2021,Febuary,"$ 5,849.55",29,45,6
198,17,Nashville,2021,Febuary,"$ 5,718.57",29,43,7
1595,17,Nashville,2021,Febuary,"$ 5,699.62",21,38,8
158,17,Nashville,2021,Febuary,"$ 5,579.38",41,62,9
2008,17,Nashville,2021,Febuary,"$ 5,567.52",33,48,10
1594,17,Nashville,2021,March,"$ 10,411.00",19,29,1
198,17,Nashville,2021,March,"$ 8,378.37",43,63,2
1551,17,Nashville,2021,March,"$ 7,128.45",21,31,3
242,17,Nashville,2021,March,"$ 6,159.44",39,56,4
219,17,Nashville,2021,March,"$ 6,135.41",40,59,5
201,17,Nashville,2021,March,"$ 6,109.53",33,47,6
121,17,Nashville,2021,March,"$ 5,889.38",40,62,7
212,17,Nashville,2021,March,"$ 5,771.48",36,52,8
106,17,Nashville,2021,March,"$ 5,607.56",30,49,9
1596,17,Nashville,2021,March,"$ 5,579.69",21,31,10
1594,17,Nashville,2021,April,"$ 8,257.00",15,23,1
1552,17,Nashville,2021,April,"$ 7,498.50",20,30,2
204,17,Nashville,2021,April,"$ 7,181.43",38,57,3
1593,17,Nashville,2021,April,"$ 7,106.00",21,34,4
106,17,Nashville,2021,April,"$ 6,179.76",35,54,5
121,17,Nashville,2021,April,"$ 6,174.35",42,65,6
112,17,Nashville,2021,April,"$ 6,063.20",37,55,7
206,17,Nashville,2021,April,"$ 6,044.61",25,39,8
173,17,Nashville,2021,April,"$ 6,031.48",35,52,9
1596,17,Nashville,2021,April,"$ 5,939.67",22,33,10
1594,17,Nashville,2021,May,"$ 13,642.00",26,38,1
206,17,Nashville,2021,May,"$ 8,369.46",38,54,2
201,17,Nashville,2021,May,"$ 7,149.45",35,55,3
212,17,Nashville,2021,May,"$ 7,103.36",44,64,4
149,17,Nashville,2021,May,"$ 6,999.44",37,56,5
1593,17,Nashville,2021,May,"$ 6,688.00",22,32,6
173,17,Nashville,2021,May,"$ 6,379.45",36,55,7
1635,17,Nashville,2021,May,"$ 6,299.65",23,35,8
181,17,Nashville,2021,May,"$ 5,951.38",40,62,9
125,17,Nashville,2021,May,"$ 5,794.39",39,61,10
1594,17,Nashville,2021,June,"$ 12,206.00",22,34,1
206,17,Nashville,2021,June,"$ 7,749.50",33,50,2
1551,17,Nashville,2021,June,"$ 7,588.35",23,33,3
1593,17,Nashville,2021,June,"$ 7,524.00",22,36,4
1552,17,Nashville,2021,June,"$ 7,498.50",21,30,5
1592,17,Nashville,2021,June,"$ 7,371.00",26,39,6
2006,17,Nashville,2021,June,"$ 6,973.14",40,62,7
198,17,Nashville,2021,June,"$ 6,915.48",34,52,8
115,17,Nashville,2021,June,"$ 6,637.52",38,58,9
2009,17,Nashville,2021,June,"$ 6,499.35",40,65,10
1594,17,Nashville,2021,July,"$ 8,616.00",14,24,1
211,17,Nashville,2021,July,"$ 6,995.34",43,66,2
206,17,Nashville,2021,July,"$ 6,974.55",29,45,3
152,17,Nashville,2021,July,"$ 6,699.33",40,67,4
1592,17,Nashville,2021,July,"$ 6,615.00",21,35,5
173,17,Nashville,2021,July,"$ 6,611.43",39,57,6
265,17,Nashville,2021,July,"$ 6,499.35",41,65,7
149,17,Nashville,2021,July,"$ 6,374.49",32,51,8
1593,17,Nashville,2021,July,"$ 6,270.00",18,30,9
162,17,Nashville,2021,July,"$ 6,029.33",44,67,10
1594,17,Nashville,2021,August,"$ 11,129.00",20,31,1
1552,17,Nashville,2021,August,"$ 8,748.25",21,35,2
198,17,Nashville,2021,August,"$ 7,979.40",41,60,3
2008,17,Nashville,2021,August,"$ 7,191.38",44,62,4
109,17,Nashville,2021,August,"$ 6,637.52",38,58,5
251,17,Nashville,2021,August,"$ 6,602.29",44,71,6
135,17,Nashville,2021,August,"$ 6,496.27",46,73,7
172,17,Nashville,2021,August,"$ 6,269.34",40,66,8
201,17,Nashville,2021,August,"$ 6,239.52",32,48,9
1592,17,Nashville,2021,August,"$ 6,237.00",23,33,10
1594,17,Nashville,2021,September,"$ 10,411.00",18,29,1
198,17,Nashville,2021,September,"$ 9,309.30",47,70,2
2007,17,Nashville,2021,September,"$ 7,487.36",42,64,3
206,17,Nashville,2021,September,"$ 7,439.52",28,48,4
106,17,Nashville,2021,September,"$ 7,324.16",43,64,5
2009,17,Nashville,2021,September,"$ 6,999.30",50,70,6
149,17,Nashville,2021,September,"$ 6,874.45",34,55,7
1552,17,Nashville,2021,September,"$ 6,498.70",18,26,8
242,17,Nashville,2021,September,"$ 6,489.41",39,59,9
112,17,Nashville,2021,September,"$ 6,393.92",37,58,10
265,17,Nashville,2021,October,"$ 7,199.28",50,72,1
106,17,Nashville,2021,October,"$ 6,866.40",37,60,2
1594,17,Nashville,2021,October,"$ 6,821.00",14,19,3
251,17,Nashville,2021,October,"$ 6,695.28",45,72,4
2007,17,Nashville,2021,October,"$ 6,551.44",38,56,5
250,17,Nashville,2021,October,"$ 6,509.30",46,70,6
1552,17,Nashville,2021,October,"$ 6,498.70",18,26,7
1551,17,Nashville,2021,October,"$ 6,438.60",20,28,8
212,17,Nashville,2021,October,"$ 6,437.42",41,58,9
198,17,Nashville,2021,October,"$ 6,383.52",29,48,10
1594,17,Nashville,2021,November,"$ 9,693.00",18,27,1
149,17,Nashville,2021,November,"$ 8,374.33",42,67,2
1552,17,Nashville,2021,November,"$ 7,498.50",21,30,3
198,17,Nashville,2021,November,"$ 7,048.47",37,53,4
265,17,Nashville,2021,November,"$ 6,899.31",44,69,5
242,17,Nashville,2021,November,"$ 6,819.38",38,62,6
2008,17,Nashville,2021,November,"$ 6,727.42",39,58,7
112,17,Nashville,2021,November,"$ 6,724.64",43,61,8
1551,17,Nashville,2021,November,"$ 6,668.55",18,29,9
206,17,Nashville,2021,November,"$ 6,664.57",29,43,10
1594,17,Nashville,2021,December,"$ 10,770.00",20,30,1
206,17,Nashville,2021,December,"$ 9,764.37",42,63,2
112,17,Nashville,2021,December,"$ 9,370.40",57,85,3
1551,17,Nashville,2021,December,"$ 8,968.05",24,39,4
198,17,Nashville,2021,December,"$ 8,777.34",47,66,5
177,17,Nashville,2021,December,"$ 8,609.18",56,82,6
219,17,Nashville,2021,December,"$ 8,319.20",50,80,7
211,17,Nashville,2021,December,"$ 8,267.22",52,78,8
1595,17,Nashville,2021,December,"$ 7,949.47",32,53,9
201,17,Nashville,2021,December,"$ 7,929.39",39,61,10
1594,17,Nashville,2022,January,"$ 11,488.00",21,32,1
212,17,Nashville,2022,January,"$ 7,658.31",46,69,2
1551,17,Nashville,2022,January,"$ 7,588.35",21,33,3
1552,17,Nashville,2022,January,"$ 7,498.50",21,30,4
201,17,Nashville,2022,January,"$ 7,409.43",37,57,5
1593,17,Nashville,2022,January,"$ 6,897.00",19,33,6
2007,17,Nashville,2022,January,"$ 6,785.42",37,58,7
173,17,Nashville,2022,January,"$ 6,727.42",37,58,8
106,17,Nashville,2022,January,"$ 6,408.64",39,56,9
250,17,Nashville,2022,January,"$ 6,323.32",42,68,10
206,17,Nashville,2022,Febuary,"$ 8,524.45",34,55,1
1552,17,Nashville,2022,Febuary,"$ 6,998.60",17,28,2
212,17,Nashville,2022,Febuary,"$ 6,992.37",39,63,3
1594,17,Nashville,2022,Febuary,"$ 6,821.00",14,19,4
242,17,Nashville,2022,Febuary,"$ 6,709.39",38,61,5
197,17,Nashville,2022,Febuary,"$ 6,465.39",38,61,6
1572,17,Nashville,2022,Febuary,"$ 5,907.00",21,33,7
179,17,Nashville,2022,Febuary,"$ 5,855.39",40,61,8
204,17,Nashville,2022,Febuary,"$ 5,795.54",32,46,9
2009,17,Nashville,2022,Febuary,"$ 5,399.46",34,54,10
1594,17,Nashville,2022,March,"$ 10,770.00",18,30,1
198,17,Nashville,2022,March,"$ 7,713.42",40,58,2
204,17,Nashville,2022,March,"$ 7,433.41",43,59,3
201,17,Nashville,2022,March,"$ 7,409.43",37,57,4
2008,17,Nashville,2022,March,"$ 7,307.37",40,63,5
177,17,Nashville,2022,March,"$ 7,244.31",44,69,6
1601,17,Nashville,2022,March,"$ 6,981.00",23,39,7
173,17,Nashville,2022,March,"$ 6,727.42",40,58,8
1635,17,Nashville,2022,March,"$ 6,659.63",23,37,9
2007,17,Nashville,2022,March,"$ 6,551.44",36,56,10
1594,17,Nashville,2022,April,"$ 12,565.00",23,35,1
149,17,Nashville,2022,April,"$ 8,249.34",42,66,2
2009,17,Nashville,2022,April,"$ 7,699.23",50,77,3
2007,17,Nashville,2022,April,"$ 7,604.35",42,65,4
172,17,Nashville,2022,April,"$ 7,314.23",53,77,5
1551,17,Nashville,2022,April,"$ 7,128.45",22,31,6
1593,17,Nashville,2022,April,"$ 7,106.00",23,34,7
1552,17,Nashville,2022,April,"$ 6,748.65",17,27,8
198,17,Nashville,2022,April,"$ 6,516.51",32,49,9
115,17,Nashville,2022,April,"$ 6,408.64",34,56,10
1594,17,Nashville,2022,May,"$ 11,488.00",22,32,1
206,17,Nashville,2022,May,"$ 8,524.45",36,55,2
198,17,Nashville,2022,May,"$ 8,378.37",41,63,3
197,17,Nashville,2022,May,"$ 8,373.21",54,79,4
1591,17,Nashville,2022,May,"$ 7,774.00",30,46,5
211,17,Nashville,2022,May,"$ 7,207.32",47,68,6
2006,17,Nashville,2022,May,"$ 7,198.08",40,64,7
201,17,Nashville,2022,May,"$ 7,149.45",36,55,8
149,17,Nashville,2022,May,"$ 7,124.43",38,57,9
2011,17,Nashville,2022,May,"$ 7,037.31",45,69,10
1594,17,Nashville,2022,June,"$ 17,232.00",30,48,1
149,17,Nashville,2022,June,"$ 8,249.34",42,66,2
198,17,Nashville,2022,June,"$ 7,048.47",33,53,3
206,17,Nashville,2022,June,"$ 6,974.55",28,45,4
2008,17,Nashville,2022,June,"$ 6,959.40",40,60,5
112,17,Nashville,2022,June,"$ 6,945.12",42,63,6
201,17,Nashville,2022,June,"$ 6,889.47",32,53,7
204,17,Nashville,2022,June,"$ 6,803.46",34,54,8
2007,17,Nashville,2022,June,"$ 6,668.43",38,57,9
115,17,Nashville,2022,June,"$ 6,637.52",34,58,10
1594,17,Nashville,2022,July,"$ 10,052.00",18,28,1
206,17,Nashville,2022,July,"$ 8,834.43",39,57,2
1552,17,Nashville,2022,July,"$ 7,748.45",23,31,3
183,17,Nashville,2022,July,"$ 7,699.23",52,77,4
201,17,Nashville,2022,July,"$ 7,539.42",39,58,5
149,17,Nashville,2022,July,"$ 7,249.42",37,58,6
1551,17,Nashville,2022,July,"$ 6,898.50",19,30,7
198,17,Nashville,2022,July,"$ 6,782.49",34,51,8
152,17,Nashville,2022,July,"$ 6,599.34",46,66,9
2006,17,Nashville,2022,July,"$ 6,523.26",41,58,10
198,17,Nashville,2022,August,"$ 9,575.28",49,72,1
1552,17,Nashville,2022,August,"$ 8,998.20",22,36,2
206,17,Nashville,2022,August,"$ 8,679.44",33,56,3
201,17,Nashville,2022,August,"$ 8,579.34",43,66,4
204,17,Nashville,2022,August,"$ 8,189.35",47,65,5
109,17,Nashville,2022,August,"$ 7,667.48",44,67,6
1551,17,Nashville,2022,August,"$ 7,128.45",22,31,7
123,17,Nashville,2022,August,"$ 7,124.25",49,75,8
149,17,Nashville,2022,August,"$ 6,999.44",36,56,9
162,17,Nashville,2022,August,"$ 6,929.23",48,77,10
1594,17,Nashville,2022,September,"$ 9,693.00",20,27,1
206,17,Nashville,2022,September,"$ 8,369.46",37,54,2
201,17,Nashville,2022,September,"$ 7,929.39",40,61,3
125,17,Nashville,2022,September,"$ 7,884.17",55,83,4
181,17,Nashville,2022,September,"$ 7,007.27",46,73,5
2006,17,Nashville,2022,September,"$ 6,973.14",41,62,6
212,17,Nashville,2022,September,"$ 6,881.38",40,62,7
172,17,Nashville,2022,September,"$ 6,649.30",47,70,8
1601,17,Nashville,2022,September,"$ 6,623.00",23,37,9
106,17,Nashville,2022,September,"$ 6,523.08",40,57,10
1594,17,Nashville,2022,October,"$ 9,334.00",16,26,1
1552,17,Nashville,2022,October,"$ 8,498.30",20,34,2
1551,17,Nashville,2022,October,"$ 7,818.30",21,34,3
201,17,Nashville,2022,October,"$ 7,799.40",40,60,4
212,17,Nashville,2022,October,"$ 7,658.31",45,69,5
119,17,Nashville,2022,October,"$ 7,181.24",49,76,6
1645,17,Nashville,2022,October,"$ 7,160.00",24,40,7
2011,17,Nashville,2022,October,"$ 7,037.31",46,69,8
2006,17,Nashville,2022,October,"$ 6,973.14",40,62,9
172,17,Nashville,2022,October,"$ 6,934.27",47,73,10
1594,17,Nashville,2022,November,"$ 8,257.00",14,23,1
185,17,Nashville,2022,November,"$ 8,249.25",45,75,2
115,17,Nashville,2022,November,"$ 7,438.60",40,65,3
1635,17,Nashville,2022,November,"$ 7,199.60",26,40,4
1634,17,Nashville,2022,November,"$ 6,899.54",31,46,5
211,17,Nashville,2022,November,"$ 6,889.35",43,65,6
168,17,Nashville,2022,November,"$ 6,599.34",44,66,7
1551,17,Nashville,2022,November,"$ 6,438.60",19,28,8
204,17,Nashville,2022,November,"$ 6,173.51",35,49,9
1596,17,Nashville,2022,November,"$ 6,119.66",20,34,10
1594,17,Nashville,2022,December,"$ 13,283.00",23,37,1
112,17,Nashville,2022,December,"$ 9,370.40",54,85,2
1551,17,Nashville,2022,December,"$ 9,198.00",25,40,3
183,17,Nashville,2022,December,"$ 8,699.13",55,87,4
173,17,Nashville,2022,December,"$ 8,467.27",48,73,5
211,17,Nashville,2022,December,"$ 8,161.23",52,77,6
2011,17,Nashville,2022,December,"$ 8,159.20",51,80,7
219,17,Nashville,2022,December,"$ 7,799.25",47,75,8
149,17,Nashville,2022,December,"$ 7,749.38",43,62,9
1593,17,Nashville,2022,December,"$ 7,733.00",26,37,10
1594,17,Nashville,2023,January,"$ 11,129.00",22,31,1
201,17,Nashville,2023,January,"$ 8,059.38",38,62,2
2008,17,Nashville,2023,January,"$ 7,887.32",44,68,3
149,17,Nashville,2023,January,"$ 7,749.38",40,62,4
212,17,Nashville,2023,January,"$ 7,547.32",45,68,5
1591,17,Nashville,2023,January,"$ 7,267.00",28,43,6
204,17,Nashville,2023,January,"$ 7,181.43",37,57,7
2006,17,Nashville,2023,January,"$ 6,973.14",38,62,8
206,17,Nashville,2023,January,"$ 6,819.56",30,44,9
265,17,Nashville,2023,January,"$ 6,799.32",39,68,10
1594,17,Nashville,2023,Febuary,"$ 11,847.00",22,33,1
201,17,Nashville,2023,Febuary,"$ 7,279.44",36,56,2
137,17,Nashville,2023,Febuary,"$ 7,019.22",49,78,3
2008,17,Nashville,2023,Febuary,"$ 6,843.41",36,59,4
1571,17,Nashville,2023,Febuary,"$ 6,360.00",25,40,5
1591,17,Nashville,2023,Febuary,"$ 6,253.00",25,37,6
265,17,Nashville,2023,Febuary,"$ 6,199.38",39,62,7
115,17,Nashville,2023,Febuary,"$ 6,179.76",35,54,8
198,17,Nashville,2023,Febuary,"$ 6,117.54",31,46,9
1552,17,Nashville,2023,Febuary,"$ 5,998.80",15,24,10
206,17,Nashville,2023,March,"$ 10,384.33",41,67,1
1594,17,Nashville,2023,March,"$ 9,693.00",19,27,2
1552,17,Nashville,2023,March,"$ 9,498.10",23,38,3
2009,17,Nashville,2023,March,"$ 7,499.25",46,75,4
1551,17,Nashville,2023,March,"$ 7,128.45",21,31,5
198,17,Nashville,2023,March,"$ 7,048.47",35,53,6
115,17,Nashville,2023,March,"$ 6,408.64",36,56,7
197,17,Nashville,2023,March,"$ 6,359.40",37,60,8
173,17,Nashville,2023,March,"$ 6,147.47",33,53,9
250,17,Nashville,2023,March,"$ 6,137.34",44,66,10
1594,17,Nashville,2023,April,"$ 9,334.00",18,26,1
206,17,Nashville,2023,April,"$ 8,059.48",33,52,2
109,17,Nashville,2023,April,"$ 7,095.28",41,62,3
204,17,Nashville,2023,April,"$ 6,929.45",37,55,4
198,17,Nashville,2023,April,"$ 6,915.48",34,52,5
2006,17,Nashville,2023,April,"$ 6,635.73",35,59,6
173,17,Nashville,2023,April,"$ 6,611.43",35,57,7
2009,17,Nashville,2023,April,"$ 6,599.34",41,66,8
1635,17,Nashville,2023,April,"$ 6,299.65",24,35,9
152,17,Nashville,2023,April,"$ 6,099.39",38,61,10
206,17,Nashville,2023,May,"$ 8,989.42",38,58,1
1594,17,Nashville,2023,May,"$ 8,616.00",18,24,2
198,17,Nashville,2023,May,"$ 7,713.42",41,58,3
1645,17,Nashville,2023,May,"$ 6,802.00",22,38,4
1552,17,Nashville,2023,May,"$ 6,748.65",19,27,5
173,17,Nashville,2023,May,"$ 6,495.44",37,56,6
2010,17,Nashville,2023,May,"$ 6,299.37",38,63,7
152,17,Nashville,2023,May,"$ 6,299.37",43,63,8
176,17,Nashville,2023,May,"$ 6,299.37",39,63,9
1601,17,Nashville,2023,May,"$ 6,265.00",21,35,10
1594,17,Nashville,2023,June,"$ 9,334.00",17,26,1
173,17,Nashville,2023,June,"$ 7,771.33",47,67,2
211,17,Nashville,2023,June,"$ 7,207.32",48,68,3
168,17,Nashville,2023,June,"$ 7,199.28",48,72,4
149,17,Nashville,2023,June,"$ 6,999.44",38,56,5
204,17,Nashville,2023,June,"$ 6,803.46",35,54,6
198,17,Nashville,2023,June,"$ 6,782.49",35,51,7
2007,17,Nashville,2023,June,"$ 6,668.43",38,57,8
212,17,Nashville,2023,June,"$ 6,659.40",40,60,9
2008,17,Nashville,2023,June,"$ 6,495.44",38,56,10
1594,17,Nashville,2023,July,"$ 10,770.00",20,30,1
2008,17,Nashville,2023,July,"$ 8,119.30",44,70,2
198,17,Nashville,2023,July,"$ 7,580.43",38,57,3
149,17,Nashville,2023,July,"$ 7,499.40",39,60,4
177,17,Nashville,2023,July,"$ 7,454.29",47,71,5
106,17,Nashville,2023,July,"$ 7,438.60",44,65,6
156,17,Nashville,2023,July,"$ 7,399.26",50,74,7
2007,17,Nashville,2023,July,"$ 7,370.37",42,63,8
1645,17,Nashville,2023,July,"$ 6,981.00",28,39,9
115,17,Nashville,2023,July,"$ 6,866.40",40,60,10
201,17,Nashville,2023,August,"$ 8,709.33",42,67,1
109,17,Nashville,2023,August,"$ 7,667.48",45,67,2
206,17,Nashville,2023,August,"$ 7,594.51",32,49,3
1594,17,Nashville,2023,August,"$ 7,539.00",14,21,4
1552,17,Nashville,2023,August,"$ 7,498.50",20,30,5
112,17,Nashville,2023,August,"$ 7,496.32",43,68,6
198,17,Nashville,2023,August,"$ 6,915.48",34,52,7
2011,17,Nashville,2023,August,"$ 6,731.34",43,66,8
219,17,Nashville,2023,August,"$ 6,447.38",38,62,9
2006,17,Nashville,2023,August,"$ 6,410.79",36,57,10
1596,17,Nashville,2023,September,"$ 8,279.54",29,46,1
206,17,Nashville,2023,September,"$ 7,904.49",37,51,2
1593,17,Nashville,2023,September,"$ 7,524.00",24,36,3
1551,17,Nashville,2023,September,"$ 6,898.50",20,30,4
115,17,Nashville,2023,September,"$ 6,294.20",36,55,5
198,17,Nashville,2023,September,"$ 6,117.54",30,46,6
1594,17,Nashville,2023,September,"$ 6,103.00",13,17,7
2007,17,Nashville,2023,September,"$ 6,083.48",33,52,8
185,17,Nashville,2023,September,"$ 6,049.45",38,55,9
2011,17,Nashville,2023,September,"$ 6,017.41",39,59,10
1551,17,Nashville,2023,October,"$ 8,278.20",24,36,1
1552,17,Nashville,2023,October,"$ 7,998.40",20,32,2
115,17,Nashville,2023,October,"$ 6,523.08",38,57,3
1594,17,Nashville,2023,October,"$ 6,462.00",13,18,4
212,17,Nashville,2023,October,"$ 6,326.43",36,57,5
2007,17,Nashville,2023,October,"$ 6,317.46",38,54,6
183,17,Nashville,2023,October,"$ 6,199.38",39,62,7
1998,17,Nashville,2023,October,"$ 6,161.22",48,78,8
204,17,Nashville,2023,October,"$ 6,047.52",32,48,9
177,17,Nashville,2023,October,"$ 5,879.44",38,56,10
198,17,Nashville,2023,November,"$ 8,511.36",39,64,1
206,17,Nashville,2023,November,"$ 8,214.47",36,53,2
204,17,Nashville,2023,November,"$ 7,433.41",40,59,3
1593,17,Nashville,2023,November,"$ 7,315.00",21,35,4
1635,17,Nashville,2023,November,"$ 7,199.60",27,40,5
176,17,Nashville,2023,November,"$ 6,999.30",44,70,6
201,17,Nashville,2023,November,"$ 6,759.48",32,52,7
212,17,Nashville,2023,November,"$ 6,659.40",41,60,8
1634,17,Nashville,2023,November,"$ 6,599.56",30,44,9
1592,17,Nashville,2023,November,"$ 6,426.00",23,34,10
1594,17,Nashville,2023,December,"$ 9,693.00",17,27,1
106,17,Nashville,2023,December,"$ 9,155.20",58,80,2
149,17,Nashville,2023,December,"$ 8,874.29",47,71,3
201,17,Nashville,2023,December,"$ 8,839.32",41,68,4
206,17,Nashville,2023,December,"$ 8,834.43",40,57,5
109,17,Nashville,2023,December,"$ 8,010.80",47,70,6
112,17,Nashville,2023,December,"$ 7,937.28",44,72,7
119,17,Nashville,2023,December,"$ 7,653.69",51,81,8
185,17,Nashville,2023,December,"$ 7,589.31",46,69,9
1551,17,Nashville,2023,December,"$ 7,588.35",21,33,10
1594,17,Nashville,2024,January,"$ 11,488.00",18,32,1
206,17,Nashville,2024,January,"$ 9,764.37",39,63,2
2007,17,Nashville,2024,January,"$ 8,423.28",48,72,3
201,17,Nashville,2024,January,"$ 8,189.37",42,63,4
1552,17,Nashville,2024,January,"$ 7,498.50",17,30,5
204,17,Nashville,2024,January,"$ 7,181.43",40,57,6
219,17,Nashville,2024,January,"$ 6,863.34",44,66,7
2006,17,Nashville,2024,January,"$ 6,860.67",41,61,8
112,17,Nashville,2024,January,"$ 6,724.64",39,61,9
106,17,Nashville,2024,January,"$ 6,523.08",37,57,10
206,17,Nashville,2024,Febuary,"$ 8,679.44",39,56,1
1594,17,Nashville,2024,Febuary,"$ 8,257.00",17,23,2
198,17,Nashville,2024,Febuary,"$ 7,979.40",37,60,3
2007,17,Nashville,2024,Febuary,"$ 7,136.39",41,61,4
1551,17,Nashville,2024,Febuary,"$ 6,898.50",18,30,5
176,17,Nashville,2024,Febuary,"$ 6,599.34",38,66,6
197,17,Nashville,2024,Febuary,"$ 6,359.40",38,60,7
115,17,Nashville,2024,Febuary,"$ 6,179.76",35,54,8
173,17,Nashville,2024,Febuary,"$ 6,147.47",39,53,9
121,17,Nashville,2024,Febuary,"$ 6,079.36",42,64,10
1552,17,Nashville,2024,March,"$ 8,248.35",24,33,1
206,17,Nashville,2024,March,"$ 7,594.51",32,49,2
204,17,Nashville,2024,March,"$ 6,677.47",33,53,3
201,17,Nashville,2024,March,"$ 6,629.49",34,51,4
212,17,Nashville,2024,March,"$ 6,548.41",38,59,5
2011,17,Nashville,2024,March,"$ 6,119.40",39,60,6
227,17,Nashville,2024,March,"$ 6,067.26",47,74,7
185,17,Nashville,2024,March,"$ 6,049.45",36,55,8
112,17,Nashville,2024,March,"$ 5,952.96",38,54,9
198,17,Nashville,2024,March,"$ 5,851.56",28,44,10
1594,17,Nashville,2024,April,"$ 11,488.00",21,32,1
198,17,Nashville,2024,April,"$ 8,511.36",39,64,2
206,17,Nashville,2024,April,"$ 7,749.50",32,50,3
2010,17,Nashville,2024,April,"$ 7,599.24",48,76,4
2008,17,Nashville,2024,April,"$ 7,423.36",40,64,5
109,17,Nashville,2024,April,"$ 7,324.16",42,64,6
176,17,Nashville,2024,April,"$ 6,899.31",46,69,7
115,17,Nashville,2024,April,"$ 6,866.40",41,60,8
201,17,Nashville,2024,April,"$ 6,759.48",33,52,9
197,17,Nashville,2024,April,"$ 6,677.37",43,63,10
1594,17,Nashville,2024,May,"$ 9,693.00",16,27,1
204,17,Nashville,2024,May,"$ 8,063.36",40,64,2
109,17,Nashville,2024,May,"$ 8,010.80",44,70,3
115,17,Nashville,2024,May,"$ 7,553.04",45,66,4
2008,17,Nashville,2024,May,"$ 7,423.36",43,64,5
201,17,Nashville,2024,May,"$ 7,409.43",39,57,6
1601,17,Nashville,2024,May,"$ 6,981.00",26,39,7
177,17,Nashville,2024,May,"$ 6,929.34",44,66,8
173,17,Nashville,2024,May,"$ 6,727.42",42,58,9
206,17,Nashville,2024,May,"$ 6,664.57",29,43,10
1594,17,Nashville,2024,June,"$ 10,411.00",19,29,1
206,17,Nashville,2024,June,"$ 9,299.40",42,60,2
1552,17,Nashville,2024,June,"$ 8,248.35",21,33,3
201,17,Nashville,2024,June,"$ 7,539.42",37,58,4
198,17,Nashville,2024,June,"$ 6,516.51",31,49,5
1572,17,Nashville,2024,June,"$ 6,444.00",23,36,6
1551,17,Nashville,2024,June,"$ 6,438.60",16,28,7
176,17,Nashville,2024,June,"$ 6,399.36",41,64,8
2007,17,Nashville,2024,June,"$ 6,317.46",37,54,9
123,17,Nashville,2024,June,"$ 6,269.34",44,66,10
115,17,Nashville,2024,July,"$ 8,583.00",45,75,1
1552,17,Nashville,2024,July,"$ 7,498.50",20,30,2
242,17,Nashville,2024,July,"$ 7,479.32",41,68,3
198,17,Nashville,2024,July,"$ 7,314.45",36,55,4
204,17,Nashville,2024,July,"$ 6,299.50",32,50,5
170,17,Nashville,2024,July,"$ 6,299.30",48,70,6
2007,17,Nashville,2024,July,"$ 6,200.47",32,53,7
168,17,Nashville,2024,July,"$ 6,099.39",39,61,8
206,17,Nashville,2024,July,"$ 6,044.61",23,39,9
183,17,Nashville,2024,July,"$ 5,999.40",42,60,10
206,17,Nashville,2024,August,"$ 11,934.23",52,77,1
1594,17,Nashville,2024,August,"$ 10,770.00",19,30,2
2008,17,Nashville,2024,August,"$ 8,467.27",45,73,3
176,17,Nashville,2024,August,"$ 7,199.28",43,72,4
2006,17,Nashville,2024,August,"$ 6,973.14",41,62,5
115,17,Nashville,2024,August,"$ 6,751.96",37,59,6
1552,17,Nashville,2024,August,"$ 6,748.65",17,27,7
211,17,Nashville,2024,August,"$ 6,253.41",39,59,8
198,17,Nashville,2024,August,"$ 6,250.53",31,47,9
183,17,Nashville,2024,August,"$ 6,099.39",38,61,10
1594,17,Nashville,2024,September,"$ 10,411.00",18,29,1
1596,17,Nashville,2024,September,"$ 9,359.48",31,52,2
204,17,Nashville,2024,September,"$ 8,441.33",46,67,3
198,17,Nashville,2024,September,"$ 7,979.40",36,60,4
149,17,Nashville,2024,September,"$ 7,249.42",38,58,5
115,17,Nashville,2024,September,"$ 6,980.84",43,61,6
109,17,Nashville,2024,September,"$ 6,637.52",39,58,7
206,17,Nashville,2024,September,"$ 6,509.58",30,42,8
1571,17,Nashville,2024,September,"$ 6,360.00",25,40,9
1591,17,Nashville,2024,September,"$ 6,253.00",23,37,10
206,17,Nashville,2024,October,"$ 9,609.38",37,62,1
185,17,Nashville,2024,October,"$ 8,689.21",52,79,2
1594,17,Nashville,2024,October,"$ 8,616.00",15,24,3
198,17,Nashville,2024,October,"$ 8,511.36",41,64,4
1593,17,Nashville,2024,October,"$ 7,106.00",22,34,5
115,17,Nashville,2024,October,"$ 6,866.40",37,60,6
1552,17,Nashville,2024,October,"$ 6,498.70",18,26,7
2007,17,Nashville,2024,October,"$ 6,434.45",38,55,8
204,17,Nashville,2024,October,"$ 6,425.49",35,51,9
2010,17,Nashville,2024,October,"$ 6,399.36",43,64,10
1594,17,Nashville,2024,November,"$ 9,334.00",17,26,1
1552,17,Nashville,2024,November,"$ 9,248.15",23,37,2
149,17,Nashville,2024,November,"$ 8,499.32",47,68,3
2007,17,Nashville,2024,November,"$ 8,423.28",47,72,4
201,17,Nashville,2024,November,"$ 7,799.40",39,60,5
106,17,Nashville,2024,November,"$ 7,667.48",46,67,6
246,17,Nashville,2024,November,"$ 7,379.18",54,82,7
265,17,Nashville,2024,November,"$ 7,199.28",48,72,8
206,17,Nashville,2024,November,"$ 7,129.54",27,46,9
109,17,Nashville,2024,November,"$ 6,980.84",41,61,10
1594,17,Nashville,2024,December,"$ 11,488.00",23,32,1
198,17,Nashville,2024,December,"$ 9,974.25",50,75,2
149,17,Nashville,2024,December,"$ 9,249.26",46,74,3
204,17,Nashville,2024,December,"$ 8,819.30",47,70,4
1592,17,Nashville,2024,December,"$ 8,694.00",30,46,5
173,17,Nashville,2024,December,"$ 8,583.26",49,74,6
2009,17,Nashville,2024,December,"$ 8,399.16",52,84,7
1635,17,Nashville,2024,December,"$ 8,279.54",30,46,8
1551,17,Nashville,2024,December,"$ 8,278.20",23,36,9
206,17,Nashville,2024,December,"$ 8,059.48",35,52,10
206,18,Cleveland,2019,January,"$ 4,804.69",19,31,1
198,18,Cleveland,2019,January,"$ 4,654.65",24,35,2
204,18,Cleveland,2019,January,"$ 4,409.65",23,35,3
106,18,Cleveland,2019,January,"$ 4,005.40",26,35,4
1572,18,Cleveland,2019,January,"$ 3,938.00",13,22,5
149,18,Cleveland,2019,January,"$ 3,874.69",20,31,6
109,18,Cleveland,2019,January,"$ 3,776.52",22,33,7
156,18,Cleveland,2019,January,"$ 3,599.64",25,36,8
1601,18,Cleveland,2019,January,"$ 3,580.00",13,20,9
219,18,Cleveland,2019,January,"$ 3,535.66",22,34,10
198,18,Cleveland,2019,Febuary,"$ 5,186.61",28,39,1
2011,18,Cleveland,2019,Febuary,"$ 3,875.62",23,38,2
204,18,Cleveland,2019,Febuary,"$ 3,779.70",20,30,3
206,18,Cleveland,2019,Febuary,"$ 3,564.77",16,23,4
211,18,Cleveland,2019,Febuary,"$ 3,497.67",22,33,5
1596,18,Cleveland,2019,Febuary,"$ 3,419.81",12,19,6
246,18,Cleveland,2019,Febuary,"$ 3,419.62",24,38,7
201,18,Cleveland,2019,Febuary,"$ 3,379.74",15,26,8
185,18,Cleveland,2019,Febuary,"$ 3,299.70",19,30,9
1591,18,Cleveland,2019,Febuary,"$ 3,211.00",12,19,10
1594,18,Cleveland,2019,March,"$ 6,821.00",12,19,1
173,18,Cleveland,2019,March,"$ 5,219.55",29,45,2
1552,18,Cleveland,2019,March,"$ 4,499.10",11,18,3
251,18,Cleveland,2019,March,"$ 4,463.52",30,48,4
149,18,Cleveland,2019,March,"$ 4,374.65",21,35,5
2006,18,Cleveland,2019,March,"$ 4,273.86",27,38,6
206,18,Cleveland,2019,March,"$ 4,029.74",20,26,7
201,18,Cleveland,2019,March,"$ 4,029.69",21,31,8
1634,18,Cleveland,2019,March,"$ 3,899.74",17,26,9
1600,18,Cleveland,2019,March,"$ 3,874.00",15,26,10
206,18,Cleveland,2019,April,"$ 6,509.58",26,42,1
1572,18,Cleveland,2019,April,"$ 4,654.00",15,26,2
219,18,Cleveland,2019,April,"$ 4,263.59",26,41,3
149,18,Cleveland,2019,April,"$ 4,124.67",22,33,4
2007,18,Cleveland,2019,April,"$ 4,094.65",23,35,5
204,18,Cleveland,2019,April,"$ 4,031.68",19,32,6
152,18,Cleveland,2019,April,"$ 3,799.62",27,38,7
158,18,Cleveland,2019,April,"$ 3,689.59",26,41,8
106,18,Cleveland,2019,April,"$ 3,547.64",21,31,9
172,18,Cleveland,2019,April,"$ 3,514.63",23,37,10
1594,18,Cleveland,2019,May,"$ 9,693.00",16,27,1
198,18,Cleveland,2019,May,"$ 4,521.66",22,34,2
242,18,Cleveland,2019,May,"$ 4,509.59",27,41,3
2006,18,Cleveland,2019,May,"$ 4,386.33",27,39,4
204,18,Cleveland,2019,May,"$ 4,283.66",21,34,5
206,18,Cleveland,2019,May,"$ 4,029.74",17,26,6
168,18,Cleveland,2019,May,"$ 3,899.61",25,39,7
1552,18,Cleveland,2019,May,"$ 3,749.25",9,15,8
1593,18,Cleveland,2019,May,"$ 3,553.00",10,17,9
212,18,Cleveland,2019,May,"$ 3,551.68",24,32,10
1594,18,Cleveland,2019,June,"$ 6,462.00",12,18,1
112,18,Cleveland,2019,June,"$ 4,519.84",26,41,2
149,18,Cleveland,2019,June,"$ 4,499.64",22,36,3
1552,18,Cleveland,2019,June,"$ 4,499.10",13,18,4
172,18,Cleveland,2019,June,"$ 4,274.55",27,45,5
206,18,Cleveland,2019,June,"$ 4,029.74",19,26,6
1551,18,Cleveland,2019,June,"$ 3,909.15",10,17,7
198,18,Cleveland,2019,June,"$ 3,856.71",19,29,8
14,18,Cleveland,2019,June,"$ 3,739.12",27,44,9
2008,18,Cleveland,2019,June,"$ 3,711.68",22,32,10
1594,18,Cleveland,2019,July,"$ 5,385.00",10,15,1
198,18,Cleveland,2019,July,"$ 5,319.60",26,40,2
201,18,Cleveland,2019,July,"$ 4,549.65",20,35,3
170,18,Cleveland,2019,July,"$ 4,409.51",33,49,4
112,18,Cleveland,2019,July,"$ 4,299.36",24,39,5
1591,18,Cleveland,2019,July,"$ 4,056.00",17,24,6
206,18,Cleveland,2019,July,"$ 4,029.74",18,26,7
242,18,Cleveland,2019,July,"$ 3,959.64",24,36,8
109,18,Cleveland,2019,July,"$ 3,776.52",21,33,9
1552,18,Cleveland,2019,July,"$ 3,749.25",10,15,10
1594,18,Cleveland,2019,August,"$ 9,334.00",17,26,1
206,18,Cleveland,2019,August,"$ 4,804.69",19,31,2
1593,18,Cleveland,2019,August,"$ 4,389.00",13,21,3
115,18,Cleveland,2019,August,"$ 4,234.28",22,37,4
1645,18,Cleveland,2019,August,"$ 4,117.00",16,23,5
109,18,Cleveland,2019,August,"$ 4,005.40",20,35,6
1551,18,Cleveland,2019,August,"$ 3,679.20",9,16,7
112,18,Cleveland,2019,August,"$ 3,527.68",21,32,8
212,18,Cleveland,2019,August,"$ 3,440.69",20,31,9
2010,18,Cleveland,2019,August,"$ 3,399.66",20,34,10
1552,18,Cleveland,2019,September,"$ 5,498.90",13,22,1
206,18,Cleveland,2019,September,"$ 5,269.66",20,34,2
173,18,Cleveland,2019,September,"$ 4,639.60",24,40,3
115,18,Cleveland,2019,September,"$ 4,005.40",22,35,4
109,18,Cleveland,2019,September,"$ 3,890.96",20,34,5
1995,18,Cleveland,2019,September,"$ 3,849.50",33,50,6
204,18,Cleveland,2019,September,"$ 3,779.70",21,30,7
212,18,Cleveland,2019,September,"$ 3,773.66",21,34,8
1655,18,Cleveland,2019,September,"$ 3,639.74",15,26,9
1594,18,Cleveland,2019,September,"$ 3,590.00",6,10,10
212,18,Cleveland,2019,October,"$ 4,217.62",24,38,1
2007,18,Cleveland,2019,October,"$ 3,977.66",20,34,2
1594,18,Cleveland,2019,October,"$ 3,949.00",7,11,3
1571,18,Cleveland,2019,October,"$ 3,657.00",13,23,4
201,18,Cleveland,2019,October,"$ 3,639.72",20,28,5
251,18,Cleveland,2019,October,"$ 3,626.61",22,39,6
2006,18,Cleveland,2019,October,"$ 3,599.04",21,32,7
1551,18,Cleveland,2019,October,"$ 3,449.25",9,15,8
112,18,Cleveland,2019,October,"$ 3,417.44",18,31,9
242,18,Cleveland,2019,October,"$ 3,409.69",21,31,10
1551,18,Cleveland,2019,November,"$ 4,599.00",15,20,1
2008,18,Cleveland,2019,November,"$ 4,407.62",25,38,2
1593,18,Cleveland,2019,November,"$ 4,180.00",13,20,3
204,18,Cleveland,2019,November,"$ 4,157.67",19,33,4
242,18,Cleveland,2019,November,"$ 4,069.63",23,37,5
1552,18,Cleveland,2019,November,"$ 3,999.20",11,16,6
2007,18,Cleveland,2019,November,"$ 3,860.67",20,33,7
206,18,Cleveland,2019,November,"$ 3,719.76",18,24,8
109,18,Cleveland,2019,November,"$ 3,547.64",22,31,9
201,18,Cleveland,2019,November,"$ 3,509.73",17,27,10
1552,18,Cleveland,2019,December,"$ 5,998.80",14,24,1
1594,18,Cleveland,2019,December,"$ 5,744.00",12,16,2
206,18,Cleveland,2019,December,"$ 5,734.63",25,37,3
265,18,Cleveland,2019,December,"$ 4,999.50",34,50,4
2,18,Cleveland,2019,December,"$ 4,927.36",40,64,5
204,18,Cleveland,2019,December,"$ 4,787.62",23,38,6
212,18,Cleveland,2019,December,"$ 4,661.58",27,42,7
185,18,Cleveland,2019,December,"$ 4,619.58",26,42,8
1592,18,Cleveland,2019,December,"$ 4,536.00",16,24,9
2003,18,Cleveland,2019,December,"$ 4,398.47",34,53,10
1594,18,Cleveland,2020,January,"$ 6,821.00",13,19,1
1593,18,Cleveland,2020,January,"$ 5,225.00",15,25,2
1596,18,Cleveland,2020,January,"$ 5,039.72",18,28,3
204,18,Cleveland,2020,January,"$ 5,039.60",28,40,4
109,18,Cleveland,2020,January,"$ 4,920.92",28,43,5
242,18,Cleveland,2020,January,"$ 4,729.57",27,43,6
1992,18,Cleveland,2020,January,"$ 4,589.49",32,51,7
211,18,Cleveland,2020,January,"$ 4,557.57",28,43,8
219,18,Cleveland,2020,January,"$ 4,471.57",30,43,9
2006,18,Cleveland,2020,January,"$ 4,386.33",27,39,10
112,18,Cleveland,2020,Febuary,"$ 5,952.96",33,54,1
1594,18,Cleveland,2020,Febuary,"$ 5,026.00",10,14,2
2008,18,Cleveland,2020,Febuary,"$ 4,871.58",28,42,3
1552,18,Cleveland,2020,Febuary,"$ 4,749.05",13,19,4
149,18,Cleveland,2020,Febuary,"$ 4,624.63",24,37,5
2007,18,Cleveland,2020,Febuary,"$ 4,328.63",24,37,6
265,18,Cleveland,2020,Febuary,"$ 4,299.57",28,43,7
201,18,Cleveland,2020,Febuary,"$ 4,289.67",21,33,8
204,18,Cleveland,2020,Febuary,"$ 4,283.66",21,34,9
198,18,Cleveland,2020,Febuary,"$ 4,255.68",24,32,10
204,18,Cleveland,2020,March,"$ 6,047.52",29,48,1
115,18,Cleveland,2020,March,"$ 5,264.24",28,46,2
2007,18,Cleveland,2020,March,"$ 4,913.58",26,42,3
197,18,Cleveland,2020,March,"$ 4,875.54",30,46,4
242,18,Cleveland,2020,March,"$ 4,839.56",27,44,5
206,18,Cleveland,2020,March,"$ 4,649.70",22,30,6
211,18,Cleveland,2020,March,"$ 4,557.57",30,43,7
1601,18,Cleveland,2020,March,"$ 4,475.00",17,25,8
106,18,Cleveland,2020,March,"$ 4,463.16",24,39,9
262,18,Cleveland,2020,March,"$ 4,334.49",35,51,10
1594,18,Cleveland,2020,April,"$ 6,462.00",12,18,1
2006,18,Cleveland,2020,April,"$ 5,960.91",34,53,2
198,18,Cleveland,2020,April,"$ 5,452.59",28,41,3
204,18,Cleveland,2020,April,"$ 5,417.57",27,43,4
149,18,Cleveland,2020,April,"$ 4,874.61",27,39,5
109,18,Cleveland,2020,April,"$ 4,806.48",26,42,6
219,18,Cleveland,2020,April,"$ 4,679.55",28,45,7
197,18,Cleveland,2020,April,"$ 4,557.57",30,43,8
156,18,Cleveland,2020,April,"$ 4,499.55",28,45,9
206,18,Cleveland,2020,April,"$ 4,494.71",21,29,10
1594,18,Cleveland,2020,May,"$ 7,539.00",13,21,1
198,18,Cleveland,2020,May,"$ 5,984.55",27,45,2
201,18,Cleveland,2020,May,"$ 5,979.54",31,46,3
1593,18,Cleveland,2020,May,"$ 5,016.00",14,24,4
242,18,Cleveland,2020,May,"$ 4,619.58",29,42,5
173,18,Cleveland,2020,May,"$ 4,523.61",27,39,6
246,18,Cleveland,2020,May,"$ 4,499.50",32,50,7
115,18,Cleveland,2020,May,"$ 4,463.16",24,39,8
204,18,Cleveland,2020,May,"$ 4,409.65",22,35,9
176,18,Cleveland,2020,May,"$ 4,399.56",27,44,10
206,18,Cleveland,2020,June,"$ 5,734.63",25,37,1
1594,18,Cleveland,2020,June,"$ 5,385.00",9,15,2
1596,18,Cleveland,2020,June,"$ 5,039.72",17,28,3
212,18,Cleveland,2020,June,"$ 4,883.56",28,44,4
198,18,Cleveland,2020,June,"$ 4,654.65",23,35,5
156,18,Cleveland,2020,June,"$ 4,499.55",27,45,6
173,18,Cleveland,2020,June,"$ 4,407.62",27,38,7
1551,18,Cleveland,2020,June,"$ 4,369.05",14,19,8
109,18,Cleveland,2020,June,"$ 4,119.84",25,36,9
2006,18,Cleveland,2020,June,"$ 3,823.98",22,34,10
1594,18,Cleveland,2020,July,"$ 9,693.00",18,27,1
1552,18,Cleveland,2020,July,"$ 6,998.60",17,28,2
206,18,Cleveland,2020,July,"$ 5,889.62",25,38,3
1551,18,Cleveland,2020,July,"$ 5,748.75",16,25,4
152,18,Cleveland,2020,July,"$ 4,699.53",29,47,5
262,18,Cleveland,2020,July,"$ 4,334.49",31,51,6
172,18,Cleveland,2020,July,"$ 4,274.55",31,45,7
2006,18,Cleveland,2020,July,"$ 4,273.86",24,38,8
219,18,Cleveland,2020,July,"$ 4,263.59",29,41,9
2007,18,Cleveland,2020,July,"$ 4,211.64",23,36,10
1594,18,Cleveland,2020,August,"$ 7,539.00",15,21,1
201,18,Cleveland,2020,August,"$ 5,459.58",27,42,2
106,18,Cleveland,2020,August,"$ 5,035.36",28,44,3
1552,18,Cleveland,2020,August,"$ 4,999.00",12,20,4
2008,18,Cleveland,2020,August,"$ 4,987.57",26,43,5
204,18,Cleveland,2020,August,"$ 4,913.61",24,39,6
198,18,Cleveland,2020,August,"$ 4,787.64",23,36,7
176,18,Cleveland,2020,August,"$ 4,499.55",28,45,8
173,18,Cleveland,2020,August,"$ 4,407.62",25,38,9
1551,18,Cleveland,2020,August,"$ 4,369.05",13,19,10
1594,18,Cleveland,2020,September,"$ 9,693.00",16,27,1
173,18,Cleveland,2020,September,"$ 5,451.53",32,47,2
265,18,Cleveland,2020,September,"$ 5,299.47",34,53,3
1551,18,Cleveland,2020,September,"$ 5,058.90",13,22,4
149,18,Cleveland,2020,September,"$ 4,999.60",26,40,5
198,18,Cleveland,2020,September,"$ 4,920.63",21,37,6
206,18,Cleveland,2020,September,"$ 4,649.70",21,30,7
2008,18,Cleveland,2020,September,"$ 4,639.60",30,40,8
212,18,Cleveland,2020,September,"$ 4,439.60",25,40,9
7,18,Cleveland,2020,September,"$ 4,418.96",34,52,10
2008,18,Cleveland,2020,October,"$ 5,799.50",32,50,1
201,18,Cleveland,2020,October,"$ 5,199.60",29,40,2
1593,18,Cleveland,2020,October,"$ 5,016.00",16,24,3
183,18,Cleveland,2020,October,"$ 4,899.51",34,49,4
1594,18,Cleveland,2020,October,"$ 4,667.00",8,13,5
204,18,Cleveland,2020,October,"$ 4,661.63",23,37,6
1998,18,Cleveland,2020,October,"$ 4,660.41",37,59,7
1552,18,Cleveland,2020,October,"$ 4,499.10",14,18,8
2006,18,Cleveland,2020,October,"$ 4,498.80",25,40,9
112,18,Cleveland,2020,October,"$ 4,299.36",24,39,10
1594,18,Cleveland,2020,November,"$ 7,539.00",14,21,1
198,18,Cleveland,2020,November,"$ 6,516.51",35,49,2
2006,18,Cleveland,2020,November,"$ 5,286.09",30,47,3
1552,18,Cleveland,2020,November,"$ 4,999.00",11,20,4
2008,18,Cleveland,2020,November,"$ 4,871.58",29,42,5
1593,18,Cleveland,2020,November,"$ 4,598.00",13,22,6
204,18,Cleveland,2020,November,"$ 4,409.65",24,35,7
242,18,Cleveland,2020,November,"$ 4,289.61",25,39,8
181,18,Cleveland,2020,November,"$ 4,223.56",30,44,9
121,18,Cleveland,2020,November,"$ 4,179.56",27,44,10
1594,18,Cleveland,2020,December,"$ 7,539.00",13,21,1
198,18,Cleveland,2020,December,"$ 7,181.46",35,54,2
149,18,Cleveland,2020,December,"$ 6,999.44",35,56,3
173,18,Cleveland,2020,December,"$ 6,611.43",37,57,4
2007,18,Cleveland,2020,December,"$ 6,200.47",34,53,5
106,18,Cleveland,2020,December,"$ 6,179.76",37,54,6
1601,18,Cleveland,2020,December,"$ 5,728.00",21,32,7
177,18,Cleveland,2020,December,"$ 5,459.48",33,52,8
1552,18,Cleveland,2020,December,"$ 4,749.05",14,19,9
1592,18,Cleveland,2020,December,"$ 4,725.00",17,25,10
201,18,Cleveland,2021,January,"$ 4,939.62",23,38,1
206,18,Cleveland,2021,January,"$ 4,494.71",19,29,2
1594,18,Cleveland,2021,January,"$ 3,949.00",7,11,3
112,18,Cleveland,2021,January,"$ 3,858.40",20,35,4
254,18,Cleveland,2021,January,"$ 3,812.59",24,41,5
125,18,Cleveland,2021,January,"$ 3,704.61",26,39,6
106,18,Cleveland,2021,January,"$ 3,662.08",24,32,7
1601,18,Cleveland,2021,January,"$ 3,580.00",12,20,8
1645,18,Cleveland,2021,January,"$ 3,580.00",13,20,9
152,18,Cleveland,2021,January,"$ 3,499.65",24,35,10
206,18,Cleveland,2021,Febuary,"$ 4,804.69",21,31,1
1551,18,Cleveland,2021,Febuary,"$ 4,369.05",11,19,2
271,18,Cleveland,2021,Febuary,"$ 3,959.56",28,44,3
177,18,Cleveland,2021,Febuary,"$ 3,779.64",21,36,4
2010,18,Cleveland,2021,Febuary,"$ 3,699.63",25,37,5
115,18,Cleveland,2021,Febuary,"$ 3,547.64",22,31,6
254,18,Cleveland,2021,Febuary,"$ 3,533.62",24,38,7
1552,18,Cleveland,2021,Febuary,"$ 3,499.30",9,14,8
1571,18,Cleveland,2021,Febuary,"$ 3,339.00",12,21,9
2007,18,Cleveland,2021,Febuary,"$ 3,275.72",17,28,10
1594,18,Cleveland,2021,March,"$ 6,462.00",11,18,1
198,18,Cleveland,2021,March,"$ 5,718.57",29,43,2
1552,18,Cleveland,2021,March,"$ 4,749.05",12,19,3
204,18,Cleveland,2021,March,"$ 4,283.66",22,34,4
112,18,Cleveland,2021,March,"$ 4,189.12",30,38,5
162,18,Cleveland,2021,March,"$ 3,779.58",27,42,6
201,18,Cleveland,2021,March,"$ 3,769.71",20,29,7
242,18,Cleveland,2021,March,"$ 3,739.66",24,34,8
211,18,Cleveland,2021,March,"$ 3,709.65",23,35,9
2007,18,Cleveland,2021,March,"$ 3,509.70",20,30,10
206,18,Cleveland,2021,April,"$ 5,889.62",23,38,1
219,18,Cleveland,2021,April,"$ 4,887.53",30,47,2
1593,18,Cleveland,2021,April,"$ 4,807.00",15,23,3
1594,18,Cleveland,2021,April,"$ 3,949.00",7,11,4
251,18,Cleveland,2021,April,"$ 3,905.58",31,42,5
183,18,Cleveland,2021,April,"$ 3,799.62",25,38,6
173,18,Cleveland,2021,April,"$ 3,711.68",19,32,7
204,18,Cleveland,2021,April,"$ 3,653.71",19,29,8
2008,18,Cleveland,2021,April,"$ 3,595.69",20,31,9
198,18,Cleveland,2021,April,"$ 3,590.73",16,27,10
1594,18,Cleveland,2021,May,"$ 6,462.00",12,18,1
206,18,Cleveland,2021,May,"$ 3,874.75",17,25,2
197,18,Cleveland,2021,May,"$ 3,815.64",23,36,3
1572,18,Cleveland,2021,May,"$ 3,759.00",14,21,4
112,18,Cleveland,2021,May,"$ 3,748.16",25,34,5
106,18,Cleveland,2021,May,"$ 3,547.64",22,31,6
1552,18,Cleveland,2021,May,"$ 3,499.30",11,14,7
198,18,Cleveland,2021,May,"$ 3,457.74",16,26,8
2011,18,Cleveland,2021,May,"$ 3,365.67",20,33,9
172,18,Cleveland,2021,May,"$ 3,324.65",23,35,10
1593,18,Cleveland,2021,June,"$ 5,434.00",16,26,1
1594,18,Cleveland,2021,June,"$ 5,026.00",10,14,2
201,18,Cleveland,2021,June,"$ 4,939.62",28,38,3
170,18,Cleveland,2021,June,"$ 4,679.48",33,52,4
212,18,Cleveland,2021,June,"$ 4,661.58",29,42,5
1989,18,Cleveland,2021,June,"$ 3,863.54",29,46,6
242,18,Cleveland,2021,June,"$ 3,739.66",22,34,7
197,18,Cleveland,2021,June,"$ 3,709.65",24,35,8
211,18,Cleveland,2021,June,"$ 3,709.65",21,35,9
2006,18,Cleveland,2021,June,"$ 3,599.04",22,32,10
115,18,Cleveland,2021,July,"$ 4,806.48",27,42,1
1552,18,Cleveland,2021,July,"$ 4,749.05",11,19,2
1645,18,Cleveland,2021,July,"$ 4,654.00",16,26,3
1594,18,Cleveland,2021,July,"$ 4,308.00",7,12,4
13,18,Cleveland,2021,July,"$ 4,164.02",30,49,5
173,18,Cleveland,2021,July,"$ 4,059.65",22,35,6
185,18,Cleveland,2021,July,"$ 3,959.64",22,36,7
198,18,Cleveland,2021,July,"$ 3,856.71",19,29,8
106,18,Cleveland,2021,July,"$ 3,776.52",23,33,9
254,18,Cleveland,2021,July,"$ 3,719.60",27,40,10
1552,18,Cleveland,2021,August,"$ 5,998.80",15,24,1
1594,18,Cleveland,2021,August,"$ 5,385.00",9,15,2
1601,18,Cleveland,2021,August,"$ 4,475.00",15,25,3
197,18,Cleveland,2021,August,"$ 4,451.58",26,42,4
16,18,Cleveland,2021,August,"$ 4,333.98",33,51,5
106,18,Cleveland,2021,August,"$ 4,119.84",23,36,6
2009,18,Cleveland,2021,August,"$ 4,099.59",28,41,7
1595,18,Cleveland,2021,August,"$ 4,049.73",17,27,8
181,18,Cleveland,2021,August,"$ 3,839.60",28,40,9
1596,18,Cleveland,2021,August,"$ 3,599.80",13,20,10
1552,18,Cleveland,2021,September,"$ 4,499.10",11,18,1
198,18,Cleveland,2021,September,"$ 4,388.67",21,33,2
1594,18,Cleveland,2021,September,"$ 4,308.00",9,12,3
156,18,Cleveland,2021,September,"$ 4,099.59",27,41,4
2008,18,Cleveland,2021,September,"$ 3,943.66",21,34,5
181,18,Cleveland,2021,September,"$ 3,935.59",29,41,6
201,18,Cleveland,2021,September,"$ 3,899.70",22,30,7
152,18,Cleveland,2021,September,"$ 3,799.62",30,38,8
219,18,Cleveland,2021,September,"$ 3,743.64",24,36,9
115,18,Cleveland,2021,September,"$ 3,662.08",19,32,10
1594,18,Cleveland,2021,October,"$ 7,180.00",14,20,1
2008,18,Cleveland,2021,October,"$ 4,523.61",23,39,2
201,18,Cleveland,2021,October,"$ 4,419.66",20,34,3
156,18,Cleveland,2021,October,"$ 4,399.56",29,44,4
198,18,Cleveland,2021,October,"$ 3,723.72",20,28,5
2007,18,Cleveland,2021,October,"$ 3,626.69",21,31,6
1596,18,Cleveland,2021,October,"$ 3,599.80",13,20,7
172,18,Cleveland,2021,October,"$ 3,419.64",23,36,8
1593,18,Cleveland,2021,October,"$ 3,344.00",9,16,9
185,18,Cleveland,2021,October,"$ 3,299.70",20,30,10
1594,18,Cleveland,2021,November,"$ 8,616.00",13,24,1
1551,18,Cleveland,2021,November,"$ 4,139.10",12,18,2
109,18,Cleveland,2021,November,"$ 3,776.52",23,33,3
179,18,Cleveland,2021,November,"$ 3,743.61",27,39,4
1601,18,Cleveland,2021,November,"$ 3,580.00",13,20,5
1593,18,Cleveland,2021,November,"$ 3,553.00",11,17,6
204,18,Cleveland,2021,November,"$ 3,527.72",19,28,7
1571,18,Cleveland,2021,November,"$ 3,498.00",14,22,8
12,18,Cleveland,2021,November,"$ 3,484.18",25,41,9
177,18,Cleveland,2021,November,"$ 3,464.67",21,33,10
1593,18,Cleveland,2021,December,"$ 6,061.00",19,29,1
109,18,Cleveland,2021,December,"$ 5,493.12",29,48,2
206,18,Cleveland,2021,December,"$ 5,269.66",23,34,3
250,18,Cleveland,2021,December,"$ 4,835.48",32,52,4
2006,18,Cleveland,2021,December,"$ 4,723.74",26,42,5
172,18,Cleveland,2021,December,"$ 4,559.52",28,48,6
198,18,Cleveland,2021,December,"$ 4,521.66",24,34,7
1552,18,Cleveland,2021,December,"$ 4,499.10",11,18,8
1645,18,Cleveland,2021,December,"$ 4,475.00",18,25,9
201,18,Cleveland,2021,December,"$ 4,419.66",22,34,10
1594,18,Cleveland,2022,January,"$ 6,103.00",11,17,1
1593,18,Cleveland,2022,January,"$ 5,434.00",14,26,2
1551,18,Cleveland,2022,January,"$ 5,058.90",14,22,3
177,18,Cleveland,2022,January,"$ 4,619.56",28,44,4
119,18,Cleveland,2022,January,"$ 4,535.52",32,48,5
2008,18,Cleveland,2022,January,"$ 4,523.61",24,39,6
112,18,Cleveland,2022,January,"$ 4,189.12",26,38,7
106,18,Cleveland,2022,January,"$ 4,005.40",23,35,8
2007,18,Cleveland,2022,January,"$ 3,977.66",21,34,9
204,18,Cleveland,2022,January,"$ 3,905.69",20,31,10
1594,18,Cleveland,2022,Febuary,"$ 4,308.00",9,12,1
1552,18,Cleveland,2022,Febuary,"$ 4,249.15",9,17,2
112,18,Cleveland,2022,Febuary,"$ 3,527.68",22,32,3
201,18,Cleveland,2022,Febuary,"$ 3,509.73",17,27,4
1551,18,Cleveland,2022,Febuary,"$ 3,449.25",9,15,5
212,18,Cleveland,2022,Febuary,"$ 3,329.70",20,30,6
16,18,Cleveland,2022,Febuary,"$ 3,229.24",25,38,7
119,18,Cleveland,2022,Febuary,"$ 3,212.66",24,34,8
219,18,Cleveland,2022,Febuary,"$ 3,119.70",21,30,9
1591,18,Cleveland,2022,Febuary,"$ 2,873.00",10,17,10
1551,18,Cleveland,2022,March,"$ 6,898.50",18,30,1
1552,18,Cleveland,2022,March,"$ 5,248.95",14,21,2
1594,18,Cleveland,2022,March,"$ 4,667.00",9,13,3
115,18,Cleveland,2022,March,"$ 4,463.16",25,39,4
206,18,Cleveland,2022,March,"$ 4,029.74",16,26,5
185,18,Cleveland,2022,March,"$ 3,959.64",23,36,6
198,18,Cleveland,2022,March,"$ 3,856.71",20,29,7
201,18,Cleveland,2022,March,"$ 3,769.71",19,29,8
212,18,Cleveland,2022,March,"$ 3,662.67",23,33,9
2010,18,Cleveland,2022,March,"$ 3,599.64",23,36,10
1552,18,Cleveland,2022,April,"$ 5,748.85",15,23,1
1594,18,Cleveland,2022,April,"$ 5,385.00",10,15,2
206,18,Cleveland,2022,April,"$ 4,804.69",20,31,3
177,18,Cleveland,2022,April,"$ 4,514.57",27,43,4
149,18,Cleveland,2022,April,"$ 4,249.66",22,34,5
121,18,Cleveland,2022,April,"$ 4,084.57",24,43,6
173,18,Cleveland,2022,April,"$ 4,059.65",26,35,7
219,18,Cleveland,2022,April,"$ 4,055.61",27,39,8
242,18,Cleveland,2022,April,"$ 3,959.64",24,36,9
271,18,Cleveland,2022,April,"$ 3,959.56",27,44,10
198,18,Cleveland,2022,May,"$ 6,516.51",31,49,1
1552,18,Cleveland,2022,May,"$ 5,998.80",15,24,2
1594,18,Cleveland,2022,May,"$ 5,744.00",10,16,3
149,18,Cleveland,2022,May,"$ 4,624.63",23,37,4
115,18,Cleveland,2022,May,"$ 4,348.72",23,38,5
183,18,Cleveland,2022,May,"$ 4,299.57",27,43,6
201,18,Cleveland,2022,May,"$ 4,289.67",23,33,7
204,18,Cleveland,2022,May,"$ 4,157.67",21,33,8
177,18,Cleveland,2022,May,"$ 3,989.62",23,38,9
2011,18,Cleveland,2022,May,"$ 3,977.61",25,39,10
1594,18,Cleveland,2022,June,"$ 6,103.00",11,17,1
1551,18,Cleveland,2022,June,"$ 5,288.85",14,23,2
198,18,Cleveland,2022,June,"$ 4,920.63",23,37,3
206,18,Cleveland,2022,June,"$ 4,649.70",18,30,4
201,18,Cleveland,2022,June,"$ 4,289.67",22,33,5
1645,18,Cleveland,2022,June,"$ 4,117.00",15,23,6
1593,18,Cleveland,2022,June,"$ 3,971.00",10,19,7
168,18,Cleveland,2022,June,"$ 3,899.61",24,39,8
109,18,Cleveland,2022,June,"$ 3,890.96",21,34,9
179,18,Cleveland,2022,June,"$ 3,839.60",26,40,10
206,18,Cleveland,2022,July,"$ 6,199.60",28,40,1
1594,18,Cleveland,2022,July,"$ 5,744.00",9,16,2
1551,18,Cleveland,2022,July,"$ 5,518.80",16,24,3
109,18,Cleveland,2022,July,"$ 4,806.48",27,42,4
1655,18,Cleveland,2022,July,"$ 4,339.69",18,31,5
1988,18,Cleveland,2022,July,"$ 3,853.53",32,47,6
219,18,Cleveland,2022,July,"$ 3,743.64",24,36,7
247,18,Cleveland,2022,July,"$ 3,689.59",26,41,8
2011,18,Cleveland,2022,July,"$ 3,671.64",23,36,9
106,18,Cleveland,2022,July,"$ 3,662.08",21,32,10
109,18,Cleveland,2022,August,"$ 4,806.48",25,42,1
173,18,Cleveland,2022,August,"$ 4,523.61",24,39,2
242,18,Cleveland,2022,August,"$ 4,399.60",25,40,3
149,18,Cleveland,2022,August,"$ 4,249.66",20,34,4
185,18,Cleveland,2022,August,"$ 4,179.62",26,38,5
204,18,Cleveland,2022,August,"$ 4,157.67",24,33,6
198,18,Cleveland,2022,August,"$ 4,122.69",22,31,7
211,18,Cleveland,2022,August,"$ 4,027.62",23,38,8
212,18,Cleveland,2022,August,"$ 3,995.64",28,36,9
3,18,Cleveland,2022,August,"$ 3,994.06",30,47,10
1552,18,Cleveland,2022,September,"$ 7,498.50",22,30,1
1593,18,Cleveland,2022,September,"$ 5,852.00",17,28,2
211,18,Cleveland,2022,September,"$ 4,133.61",25,39,3
109,18,Cleveland,2022,September,"$ 4,119.84",22,36,4
204,18,Cleveland,2022,September,"$ 4,031.68",20,32,5
2009,18,Cleveland,2022,September,"$ 3,999.60",26,40,6
112,18,Cleveland,2022,September,"$ 3,968.64",24,36,7
1594,18,Cleveland,2022,September,"$ 3,949.00",6,11,8
198,18,Cleveland,2022,September,"$ 3,856.71",18,29,9
149,18,Cleveland,2022,September,"$ 3,749.70",18,30,10
204,18,Cleveland,2022,October,"$ 5,039.60",25,40,1
109,18,Cleveland,2022,October,"$ 4,920.92",26,43,2
1645,18,Cleveland,2022,October,"$ 4,296.00",17,24,3
106,18,Cleveland,2022,October,"$ 4,234.28",27,37,4
206,18,Cleveland,2022,October,"$ 4,029.74",17,26,5
1600,18,Cleveland,2022,October,"$ 4,023.00",16,27,6
1552,18,Cleveland,2022,October,"$ 3,999.20",11,16,7
1594,18,Cleveland,2022,October,"$ 3,949.00",8,11,8
2006,18,Cleveland,2022,October,"$ 3,823.98",21,34,9
197,18,Cleveland,2022,October,"$ 3,815.64",22,36,10
1594,18,Cleveland,2022,November,"$ 7,539.00",13,21,1
1551,18,Cleveland,2022,November,"$ 4,599.00",12,20,2
2007,18,Cleveland,2022,November,"$ 4,328.63",22,37,3
1552,18,Cleveland,2022,November,"$ 3,749.25",9,15,4
254,18,Cleveland,2022,November,"$ 3,533.62",25,38,5
106,18,Cleveland,2022,November,"$ 3,433.20",21,30,6
1596,18,Cleveland,2022,November,"$ 3,419.81",12,19,7
11,18,Cleveland,2022,November,"$ 3,419.10",27,45,8
206,18,Cleveland,2022,November,"$ 3,409.78",15,22,9
242,18,Cleveland,2022,November,"$ 3,299.70",20,30,10
1552,18,Cleveland,2022,December,"$ 7,998.40",21,32,1
1551,18,Cleveland,2022,December,"$ 6,668.55",20,29,2
1594,18,Cleveland,2022,December,"$ 6,462.00",12,18,3
185,18,Cleveland,2022,December,"$ 5,389.51",36,49,4
197,18,Cleveland,2022,December,"$ 4,769.55",28,45,5
112,18,Cleveland,2022,December,"$ 4,740.32",29,43,6
211,18,Cleveland,2022,December,"$ 4,557.57",29,43,7
1645,18,Cleveland,2022,December,"$ 4,475.00",17,25,8
13,18,Cleveland,2022,December,"$ 4,418.96",35,52,9
201,18,Cleveland,2022,December,"$ 4,159.68",22,32,10
1594,18,Cleveland,2023,January,"$ 7,539.00",15,21,1
1551,18,Cleveland,2023,January,"$ 4,828.95",12,21,2
211,18,Cleveland,2023,January,"$ 4,769.55",29,45,3
2006,18,Cleveland,2023,January,"$ 4,498.80",26,40,4
206,18,Cleveland,2023,January,"$ 4,494.71",21,29,5
183,18,Cleveland,2023,January,"$ 4,399.56",30,44,6
204,18,Cleveland,2023,January,"$ 4,283.66",24,34,7
1552,18,Cleveland,2023,January,"$ 3,999.20",11,16,8
1593,18,Cleveland,2023,January,"$ 3,971.00",13,19,9
173,18,Cleveland,2023,January,"$ 3,943.66",19,34,10
1594,18,Cleveland,2023,Febuary,"$ 5,744.00",11,16,1
206,18,Cleveland,2023,Febuary,"$ 5,114.67",21,33,2
251,18,Cleveland,2023,Febuary,"$ 4,277.54",29,46,3
1552,18,Cleveland,2023,Febuary,"$ 4,249.15",12,17,4
168,18,Cleveland,2023,Febuary,"$ 4,099.59",25,41,5
149,18,Cleveland,2023,Febuary,"$ 3,874.69",20,31,6
112,18,Cleveland,2023,Febuary,"$ 3,637.92",26,33,7
204,18,Cleveland,2023,Febuary,"$ 3,401.73",19,27,8
2006,18,Cleveland,2023,Febuary,"$ 3,374.10",20,30,9
2011,18,Cleveland,2023,Febuary,"$ 3,365.67",22,33,10
1594,18,Cleveland,2023,March,"$ 5,385.00",10,15,1
206,18,Cleveland,2023,March,"$ 4,804.69",20,31,2
173,18,Cleveland,2023,March,"$ 4,175.64",22,36,3
1592,18,Cleveland,2023,March,"$ 4,158.00",15,22,4
204,18,Cleveland,2023,March,"$ 4,031.68",23,32,5
1552,18,Cleveland,2023,March,"$ 3,999.20",11,16,6
125,18,Cleveland,2023,March,"$ 3,989.58",25,42,7
179,18,Cleveland,2023,March,"$ 3,935.59",26,41,8
242,18,Cleveland,2023,March,"$ 3,849.65",22,35,9
14,18,Cleveland,2023,March,"$ 3,739.12",30,44,10
115,18,Cleveland,2023,April,"$ 4,920.92",26,43,1
206,18,Cleveland,2023,April,"$ 4,649.70",21,30,2
1552,18,Cleveland,2023,April,"$ 4,499.10",11,18,3
1635,18,Cleveland,2023,April,"$ 4,319.76",14,24,4
2006,18,Cleveland,2023,April,"$ 4,048.92",25,36,5
212,18,Cleveland,2023,April,"$ 3,884.65",23,35,6
242,18,Cleveland,2023,April,"$ 3,849.65",23,35,7
109,18,Cleveland,2023,April,"$ 3,776.52",21,33,8
149,18,Cleveland,2023,April,"$ 3,749.70",21,30,9
106,18,Cleveland,2023,April,"$ 3,662.08",21,32,10
211,18,Cleveland,2023,May,"$ 5,511.48",35,52,1
198,18,Cleveland,2023,May,"$ 4,920.63",25,37,2
1593,18,Cleveland,2023,May,"$ 4,389.00",12,21,3
173,18,Cleveland,2023,May,"$ 4,175.64",22,36,4
242,18,Cleveland,2023,May,"$ 4,069.63",26,37,5
149,18,Cleveland,2023,May,"$ 3,999.68",19,32,6
106,18,Cleveland,2023,May,"$ 3,662.08",19,32,7
2012,18,Cleveland,2023,May,"$ 3,599.60",27,40,8
1601,18,Cleveland,2023,May,"$ 3,580.00",11,20,9
204,18,Cleveland,2023,May,"$ 3,527.72",20,28,10
173,18,Cleveland,2023,June,"$ 5,219.55",26,45,1
121,18,Cleveland,2023,June,"$ 4,179.56",30,44,2
149,18,Cleveland,2023,June,"$ 4,124.67",21,33,3
1572,18,Cleveland,2023,June,"$ 4,117.00",16,23,4
1594,18,Cleveland,2023,June,"$ 3,949.00",6,11,5
1552,18,Cleveland,2023,June,"$ 3,749.25",10,15,6
247,18,Cleveland,2023,June,"$ 3,689.59",26,41,7
212,18,Cleveland,2023,June,"$ 3,662.67",22,33,8
219,18,Cleveland,2023,June,"$ 3,639.65",19,35,9
198,18,Cleveland,2023,June,"$ 3,590.73",16,27,10
1594,18,Cleveland,2023,July,"$ 7,539.00",14,21,1
181,18,Cleveland,2023,July,"$ 4,319.55",29,45,2
1552,18,Cleveland,2023,July,"$ 4,249.15",9,17,3
115,18,Cleveland,2023,July,"$ 4,234.28",23,37,4
1645,18,Cleveland,2023,July,"$ 4,117.00",12,23,5
211,18,Cleveland,2023,July,"$ 3,921.63",24,37,6
152,18,Cleveland,2023,July,"$ 3,899.61",28,39,7
112,18,Cleveland,2023,July,"$ 3,858.40",25,35,8
212,18,Cleveland,2023,July,"$ 3,773.66",23,34,9
196,18,Cleveland,2023,July,"$ 3,722.49",32,51,10
1594,18,Cleveland,2023,August,"$ 6,462.00",12,18,1
201,18,Cleveland,2023,August,"$ 5,329.59",28,41,2
1552,18,Cleveland,2023,August,"$ 4,749.05",13,19,3
176,18,Cleveland,2023,August,"$ 4,399.56",29,44,4
206,18,Cleveland,2023,August,"$ 4,029.74",16,26,5
172,18,Cleveland,2023,August,"$ 3,799.60",26,40,6
204,18,Cleveland,2023,August,"$ 3,779.70",20,30,7
242,18,Cleveland,2023,August,"$ 3,739.66",23,34,8
1596,18,Cleveland,2023,August,"$ 3,599.80",13,20,9
168,18,Cleveland,2023,August,"$ 3,599.64",22,36,10
1594,18,Cleveland,2023,September,"$ 6,462.00",12,18,1
1552,18,Cleveland,2023,September,"$ 5,498.90",15,22,2
1592,18,Cleveland,2023,September,"$ 4,347.00",13,23,3
206,18,Cleveland,2023,September,"$ 4,339.72",19,28,4
1992,18,Cleveland,2023,September,"$ 4,139.54",29,46,5
149,18,Cleveland,2023,September,"$ 3,999.68",21,32,6
112,18,Cleveland,2023,September,"$ 3,968.64",22,36,7
117,18,Cleveland,2023,September,"$ 3,817.54",30,46,8
137,18,Cleveland,2023,September,"$ 3,779.58",26,42,9
1989,18,Cleveland,2023,September,"$ 3,695.56",28,44,10
206,18,Cleveland,2023,October,"$ 6,199.60",26,40,1
2006,18,Cleveland,2023,October,"$ 4,723.74",27,42,2
198,18,Cleveland,2023,October,"$ 4,521.66",22,34,3
149,18,Cleveland,2023,October,"$ 4,499.64",24,36,4
1600,18,Cleveland,2023,October,"$ 4,321.00",19,29,5
212,18,Cleveland,2023,October,"$ 4,106.63",25,37,6
112,18,Cleveland,2023,October,"$ 3,968.64",23,36,7
181,18,Cleveland,2023,October,"$ 3,839.60",26,40,8
125,18,Cleveland,2023,October,"$ 3,799.60",25,40,9
201,18,Cleveland,2023,October,"$ 3,769.71",17,29,10
1594,18,Cleveland,2023,November,"$ 7,180.00",12,20,1
1591,18,Cleveland,2023,November,"$ 4,901.00",18,29,2
115,18,Cleveland,2023,November,"$ 4,806.48",24,42,3
206,18,Cleveland,2023,November,"$ 4,339.72",18,28,4
212,18,Cleveland,2023,November,"$ 4,106.63",24,37,5
109,18,Cleveland,2023,November,"$ 4,005.40",22,35,6
1601,18,Cleveland,2023,November,"$ 3,938.00",16,22,7
1551,18,Cleveland,2023,November,"$ 3,909.15",10,17,8
149,18,Cleveland,2023,November,"$ 3,874.69",22,31,9
2007,18,Cleveland,2023,November,"$ 3,860.67",20,33,10
1594,18,Cleveland,2023,December,"$ 9,334.00",17,26,1
112,18,Cleveland,2023,December,"$ 5,401.76",32,49,2
201,18,Cleveland,2023,December,"$ 5,199.60",26,40,3
183,18,Cleveland,2023,December,"$ 4,999.50",30,50,4
2009,18,Cleveland,2023,December,"$ 4,899.51",29,49,5
168,18,Cleveland,2023,December,"$ 4,699.53",32,47,6
206,18,Cleveland,2023,December,"$ 4,494.71",18,29,7
2006,18,Cleveland,2023,December,"$ 4,386.33",27,39,8
115,18,Cleveland,2023,December,"$ 4,348.72",26,38,9
242,18,Cleveland,2023,December,"$ 4,179.62",24,38,10
201,18,Cleveland,2024,January,"$ 4,939.62",26,38,1
115,18,Cleveland,2024,January,"$ 4,920.92",27,43,2
149,18,Cleveland,2024,January,"$ 4,374.65",24,35,3
173,18,Cleveland,2024,January,"$ 4,291.63",25,37,4
2012,18,Cleveland,2024,January,"$ 4,139.54",29,46,5
112,18,Cleveland,2024,January,"$ 4,078.88",23,37,6
206,18,Cleveland,2024,January,"$ 4,029.74",18,26,7
2008,18,Cleveland,2024,January,"$ 3,943.66",24,34,8
185,18,Cleveland,2024,January,"$ 3,849.65",23,35,9
125,18,Cleveland,2024,January,"$ 3,609.62",23,38,10
206,18,Cleveland,2024,Febuary,"$ 6,199.60",25,40,1
1594,18,Cleveland,2024,Febuary,"$ 5,744.00",11,16,2
198,18,Cleveland,2024,Febuary,"$ 4,521.66",24,34,3
2008,18,Cleveland,2024,Febuary,"$ 4,059.65",21,35,4
185,18,Cleveland,2024,Febuary,"$ 3,629.67",19,33,5
2006,18,Cleveland,2024,Febuary,"$ 3,599.04",19,32,6
201,18,Cleveland,2024,Febuary,"$ 3,509.73",17,27,7
149,18,Cleveland,2024,Febuary,"$ 3,499.72",16,28,8
1600,18,Cleveland,2024,Febuary,"$ 3,427.00",13,23,9
179,18,Cleveland,2024,Febuary,"$ 3,359.65",25,35,10
206,18,Cleveland,2024,March,"$ 6,199.60",24,40,1
1594,18,Cleveland,2024,March,"$ 5,385.00",10,15,2
201,18,Cleveland,2024,March,"$ 5,069.61",23,39,3
1644,18,Cleveland,2024,March,"$ 4,321.00",17,29,4
211,18,Cleveland,2024,March,"$ 4,239.60",24,40,5
1591,18,Cleveland,2024,March,"$ 4,225.00",16,25,6
125,18,Cleveland,2024,March,"$ 4,084.57",27,43,7
115,18,Cleveland,2024,March,"$ 4,005.40",23,35,8
168,18,Cleveland,2024,March,"$ 3,999.60",25,40,9
2007,18,Cleveland,2024,March,"$ 3,977.66",26,34,10
198,18,Cleveland,2024,April,"$ 4,255.68",22,32,1
109,18,Cleveland,2024,April,"$ 4,005.40",23,35,2
1592,18,Cleveland,2024,April,"$ 3,969.00",13,21,3
125,18,Cleveland,2024,April,"$ 3,894.59",25,41,4
170,18,Cleveland,2024,April,"$ 3,869.57",29,43,5
173,18,Cleveland,2024,April,"$ 3,827.67",22,33,6
185,18,Cleveland,2024,April,"$ 3,739.66",22,34,7
117,18,Cleveland,2024,April,"$ 3,651.56",27,44,8
265,18,Cleveland,2024,April,"$ 3,499.65",23,35,9
211,18,Cleveland,2024,April,"$ 3,497.67",23,33,10
1594,18,Cleveland,2024,May,"$ 6,821.00",12,19,1
1552,18,Cleveland,2024,May,"$ 5,248.95",12,21,2
149,18,Cleveland,2024,May,"$ 4,499.64",24,36,3
212,18,Cleveland,2024,May,"$ 3,884.65",22,35,4
2006,18,Cleveland,2024,May,"$ 3,823.98",23,34,5
262,18,Cleveland,2024,May,"$ 3,484.59",26,41,6
198,18,Cleveland,2024,May,"$ 3,457.74",17,26,7
251,18,Cleveland,2024,May,"$ 3,440.63",24,37,8
106,18,Cleveland,2024,May,"$ 3,433.20",20,30,9
109,18,Cleveland,2024,May,"$ 3,433.20",20,30,10
1594,18,Cleveland,2024,June,"$ 4,667.00",9,13,1
1551,18,Cleveland,2024,June,"$ 4,599.00",11,20,2
1596,18,Cleveland,2024,June,"$ 4,319.76",18,24,3
1626,18,Cleveland,2024,June,"$ 4,245.45",18,31,4
2007,18,Cleveland,2024,June,"$ 4,094.65",22,35,5
183,18,Cleveland,2024,June,"$ 3,999.60",27,40,6
1635,18,Cleveland,2024,June,"$ 3,959.78",14,22,7
204,18,Cleveland,2024,June,"$ 3,905.69",23,31,8
1634,18,Cleveland,2024,June,"$ 3,899.74",17,26,9
123,18,Cleveland,2024,June,"$ 3,894.59",23,41,10
206,18,Cleveland,2024,July,"$ 5,269.66",22,34,1
1552,18,Cleveland,2024,July,"$ 4,999.00",14,20,2
1594,18,Cleveland,2024,July,"$ 4,667.00",11,13,3
198,18,Cleveland,2024,July,"$ 4,122.69",21,31,4
149,18,Cleveland,2024,July,"$ 3,999.68",23,32,5
1592,18,Cleveland,2024,July,"$ 3,780.00",13,20,6
1596,18,Cleveland,2024,July,"$ 3,779.79",14,21,7
1986,18,Cleveland,2024,July,"$ 3,719.04",30,48,8
212,18,Cleveland,2024,July,"$ 3,662.67",22,33,9
250,18,Cleveland,2024,July,"$ 3,533.62",24,38,10
152,18,Cleveland,2024,August,"$ 4,499.55",27,45,1
201,18,Cleveland,2024,August,"$ 4,419.66",21,34,2
198,18,Cleveland,2024,August,"$ 4,388.67",20,33,3
1594,18,Cleveland,2024,August,"$ 4,308.00",8,12,4
181,18,Cleveland,2024,August,"$ 3,935.59",26,41,5
219,18,Cleveland,2024,August,"$ 3,847.63",21,37,6
2010,18,Cleveland,2024,August,"$ 3,799.62",23,38,7
156,18,Cleveland,2024,August,"$ 3,799.62",27,38,8
1635,18,Cleveland,2024,August,"$ 3,779.79",13,21,9
1552,18,Cleveland,2024,August,"$ 3,749.25",11,15,10
1594,18,Cleveland,2024,September,"$ 10,411.00",20,29,1
1552,18,Cleveland,2024,September,"$ 5,248.95",13,21,2
1634,18,Cleveland,2024,September,"$ 4,049.73",20,27,3
212,18,Cleveland,2024,September,"$ 3,884.65",22,35,4
149,18,Cleveland,2024,September,"$ 3,874.69",22,31,5
112,18,Cleveland,2024,September,"$ 3,637.92",22,33,6
123,18,Cleveland,2024,September,"$ 3,609.62",26,38,7
197,18,Cleveland,2024,September,"$ 3,497.67",20,33,8
12,18,Cleveland,2024,September,"$ 3,484.18",28,41,9
1591,18,Cleveland,2024,September,"$ 3,380.00",14,20,10
1592,18,Cleveland,2024,October,"$ 6,048.00",20,32,1
1594,18,Cleveland,2024,October,"$ 5,744.00",10,16,2
1551,18,Cleveland,2024,October,"$ 5,058.90",14,22,3
1552,18,Cleveland,2024,October,"$ 4,749.05",12,19,4
198,18,Cleveland,2024,October,"$ 4,654.65",22,35,5
212,18,Cleveland,2024,October,"$ 3,995.64",21,36,6
7,18,Cleveland,2024,October,"$ 3,909.08",28,46,7
1591,18,Cleveland,2024,October,"$ 3,887.00",15,23,8
125,18,Cleveland,2024,October,"$ 3,799.60",24,40,9
1992,18,Cleveland,2024,October,"$ 3,689.59",26,41,10
1594,18,Cleveland,2024,November,"$ 5,026.00",9,14,1
152,18,Cleveland,2024,November,"$ 4,799.52",28,48,2
204,18,Cleveland,2024,November,"$ 4,535.64",23,36,3
1551,18,Cleveland,2024,November,"$ 4,139.10",12,18,4
106,18,Cleveland,2024,November,"$ 4,005.40",22,35,5
1552,18,Cleveland,2024,November,"$ 3,749.25",9,15,6
201,18,Cleveland,2024,November,"$ 3,639.72",19,28,7
2007,18,Cleveland,2024,November,"$ 3,626.69",19,31,8
2000,18,Cleveland,2024,November,"$ 3,519.56",28,44,9
112,18,Cleveland,2024,November,"$ 3,417.44",19,31,10
1594,18,Cleveland,2024,December,"$ 9,334.00",16,26,1
206,18,Cleveland,2024,December,"$ 5,734.63",24,37,2
1593,18,Cleveland,2024,December,"$ 5,225.00",17,25,3
198,18,Cleveland,2024,December,"$ 5,053.62",28,38,4
211,18,Cleveland,2024,December,"$ 4,663.56",29,44,5
204,18,Cleveland,2024,December,"$ 4,661.63",23,37,6
2006,18,Cleveland,2024,December,"$ 4,611.27",27,41,7
197,18,Cleveland,2024,December,"$ 4,557.57",26,43,8
219,18,Cleveland,2024,December,"$ 4,263.59",26,41,9
1552,18,Cleveland,2024,December,"$ 4,249.15",10,17,10
204,19,Mason City,2019,January,"$ 2,771.78",11,22,1
1551,19,Mason City,2019,January,"$ 2,529.45",6,11,2
1592,19,Mason City,2019,January,"$ 2,457.00",8,13,3
206,19,Mason City,2019,January,"$ 2,169.86",9,14,4
271,19,Mason City,2019,January,"$ 1,979.78",13,22,5
109,19,Mason City,2019,January,"$ 1,945.48",10,17,6
1992,19,Mason City,2019,January,"$ 1,889.79",12,21,7
251,19,Mason City,2019,January,"$ 1,859.80",14,20,8
4,19,Mason City,2019,January,"$ 1,784.58",13,21,9
254,19,Mason City,2019,January,"$ 1,766.81",11,19,10
1552,19,Mason City,2019,Febuary,"$ 2,999.40",6,12,1
201,19,Mason City,2019,Febuary,"$ 2,599.80",13,20,2
179,19,Mason City,2019,Febuary,"$ 2,591.73",16,27,3
206,19,Mason City,2019,Febuary,"$ 2,324.85",10,15,4
1594,19,Mason City,2019,Febuary,"$ 2,154.00",4,6,5
265,19,Mason City,2019,Febuary,"$ 1,899.81",12,19,6
2009,19,Mason City,2019,Febuary,"$ 1,799.82",12,18,7
254,19,Mason City,2019,Febuary,"$ 1,766.81",11,19,8
1571,19,Mason City,2019,Febuary,"$ 1,749.00",7,11,9
181,19,Mason City,2019,Febuary,"$ 1,631.83",11,17,10
201,19,Mason City,2019,March,"$ 3,379.74",17,26,1
1601,19,Mason City,2019,March,"$ 2,685.00",10,15,2
197,19,Mason City,2019,March,"$ 2,437.77",14,23,3
211,19,Mason City,2019,March,"$ 2,331.78",14,22,4
17,19,Mason City,2019,March,"$ 2,294.46",15,27,5
12,19,Mason City,2019,March,"$ 2,124.50",15,25,6
2007,19,Mason City,2019,March,"$ 2,105.82",11,18,7
219,19,Mason City,2019,March,"$ 2,079.80",14,20,8
271,19,Mason City,2019,March,"$ 2,069.77",15,23,9
1626,19,Mason City,2019,March,"$ 2,054.25",9,15,10
201,19,Mason City,2019,April,"$ 3,119.76",15,24,1
112,19,Mason City,2019,April,"$ 2,315.04",14,21,2
265,19,Mason City,2019,April,"$ 1,999.80",13,20,3
204,19,Mason City,2019,April,"$ 1,889.85",9,15,4
242,19,Mason City,2019,April,"$ 1,869.83",11,17,5
198,19,Mason City,2019,April,"$ 1,861.86",12,14,6
106,19,Mason City,2019,April,"$ 1,831.04",10,16,7
2012,19,Mason City,2019,April,"$ 1,799.80",12,20,8
12,19,Mason City,2019,April,"$ 1,784.58",14,21,9
185,19,Mason City,2019,April,"$ 1,759.84",10,16,10
204,19,Mason City,2019,May,"$ 2,897.77",14,23,1
1596,19,Mason City,2019,May,"$ 2,879.84",9,16,2
1601,19,Mason City,2019,May,"$ 2,864.00",10,16,3
212,19,Mason City,2019,May,"$ 2,774.75",15,25,4
1591,19,Mason City,2019,May,"$ 2,535.00",11,15,5
198,19,Mason City,2019,May,"$ 2,393.82",13,18,6
160,19,Mason City,2019,May,"$ 2,159.76",15,24,7
185,19,Mason City,2019,May,"$ 2,089.81",11,19,8
2007,19,Mason City,2019,May,"$ 1,988.83",11,17,9
221,19,Mason City,2019,May,"$ 1,975.74",18,26,10
198,19,Mason City,2019,June,"$ 2,393.82",12,18,1
172,19,Mason City,2019,June,"$ 2,374.75",15,25,2
2009,19,Mason City,2019,June,"$ 2,199.78",14,22,3
1594,19,Mason City,2019,June,"$ 2,154.00",4,6,4
2006,19,Mason City,2019,June,"$ 2,136.93",12,19,5
173,19,Mason City,2019,June,"$ 1,971.83",11,17,6
123,19,Mason City,2019,June,"$ 1,899.80",12,20,7
1593,19,Mason City,2019,June,"$ 1,881.00",5,9,8
206,19,Mason City,2019,June,"$ 1,859.88",7,12,9
217,19,Mason City,2019,June,"$ 1,839.77",15,23,10
1594,19,Mason City,2019,July,"$ 3,231.00",7,9,1
179,19,Mason City,2019,July,"$ 2,783.71",16,29,2
201,19,Mason City,2019,July,"$ 2,599.80",11,20,3
106,19,Mason City,2019,July,"$ 2,403.24",14,21,4
198,19,Mason City,2019,July,"$ 2,260.83",12,17,5
181,19,Mason City,2019,July,"$ 2,207.77",13,23,6
1644,19,Mason City,2019,July,"$ 2,086.00",8,14,7
265,19,Mason City,2019,July,"$ 1,999.80",13,20,8
242,19,Mason City,2019,July,"$ 1,979.82",12,18,9
170,19,Mason City,2019,July,"$ 1,979.78",14,22,10
1594,19,Mason City,2019,August,"$ 2,872.00",4,8,1
109,19,Mason City,2019,August,"$ 2,746.56",14,24,2
212,19,Mason City,2019,August,"$ 2,552.77",14,23,3
52,19,Mason City,2019,August,"$ 2,519.64",23,36,4
1552,19,Mason City,2019,August,"$ 2,499.50",6,10,5
206,19,Mason City,2019,August,"$ 2,479.84",10,16,6
242,19,Mason City,2019,August,"$ 2,419.78",14,22,7
115,19,Mason City,2019,August,"$ 2,403.24",13,21,8
198,19,Mason City,2019,August,"$ 2,393.82",12,18,9
204,19,Mason City,2019,August,"$ 2,393.81",12,19,10
206,19,Mason City,2019,September,"$ 2,944.81",11,19,1
2008,19,Mason City,2019,September,"$ 2,899.75",15,25,2
1594,19,Mason City,2019,September,"$ 2,513.00",6,7,3
173,19,Mason City,2019,September,"$ 2,435.79",13,21,4
1655,19,Mason City,2019,September,"$ 2,379.83",11,17,5
212,19,Mason City,2019,September,"$ 2,330.79",14,21,6
185,19,Mason City,2019,September,"$ 2,309.79",15,21,7
176,19,Mason City,2019,September,"$ 2,299.77",17,23,8
2003,19,Mason City,2019,September,"$ 2,240.73",16,27,9
106,19,Mason City,2019,September,"$ 2,174.36",11,19,10
206,19,Mason City,2019,October,"$ 2,634.83",12,17,1
265,19,Mason City,2019,October,"$ 2,499.75",15,25,2
168,19,Mason City,2019,October,"$ 2,299.77",16,23,3
1594,19,Mason City,2019,October,"$ 2,154.00",4,6,4
1595,19,Mason City,2019,October,"$ 2,099.86",8,14,5
152,19,Mason City,2019,October,"$ 1,999.80",12,20,6
198,19,Mason City,2019,October,"$ 1,994.85",9,15,7
2008,19,Mason City,2019,October,"$ 1,971.83",11,17,8
1572,19,Mason City,2019,October,"$ 1,969.00",7,11,9
164,19,Mason City,2019,October,"$ 1,919.76",14,24,10
211,19,Mason City,2019,November,"$ 2,437.77",16,23,1
156,19,Mason City,2019,November,"$ 2,299.77",13,23,2
1998,19,Mason City,2019,November,"$ 2,290.71",18,29,3
212,19,Mason City,2019,November,"$ 2,219.80",13,20,4
206,19,Mason City,2019,November,"$ 2,169.86",11,14,5
123,19,Mason City,2019,November,"$ 2,089.78",15,22,6
2012,19,Mason City,2019,November,"$ 2,069.77",14,23,7
115,19,Mason City,2019,November,"$ 2,059.92",12,18,8
121,19,Mason City,2019,November,"$ 1,994.79",14,21,9
162,19,Mason City,2019,November,"$ 1,979.78",14,22,10
1594,19,Mason City,2019,December,"$ 4,667.00",8,13,1
204,19,Mason City,2019,December,"$ 3,653.71",17,29,2
201,19,Mason City,2019,December,"$ 3,249.75",16,25,3
162,19,Mason City,2019,December,"$ 3,239.64",23,36,4
1551,19,Mason City,2019,December,"$ 2,759.40",9,12,5
185,19,Mason City,2019,December,"$ 2,749.75",15,25,6
173,19,Mason City,2019,December,"$ 2,667.77",16,23,7
212,19,Mason City,2019,December,"$ 2,663.76",18,24,8
4,19,Mason City,2019,December,"$ 2,549.40",20,30,9
211,19,Mason City,2019,December,"$ 2,543.76",17,24,10
1551,19,Mason City,2020,January,"$ 2,989.35",8,13,1
1594,19,Mason City,2020,January,"$ 2,872.00",6,8,2
2013,19,Mason City,2020,January,"$ 2,549.70",17,30,3
135,19,Mason City,2020,January,"$ 2,313.74",17,26,4
2009,19,Mason City,2020,January,"$ 2,299.77",15,23,5
1645,19,Mason City,2020,January,"$ 2,148.00",8,12,6
2007,19,Mason City,2020,January,"$ 2,105.82",13,18,7
2008,19,Mason City,2020,January,"$ 2,087.82",10,18,8
2012,19,Mason City,2020,January,"$ 2,069.77",14,23,9
115,19,Mason City,2020,January,"$ 2,059.92",10,18,10
198,19,Mason City,2020,Febuary,"$ 3,989.70",18,30,1
1594,19,Mason City,2020,Febuary,"$ 2,872.00",6,8,2
206,19,Mason City,2020,Febuary,"$ 2,634.83",10,17,3
112,19,Mason City,2020,Febuary,"$ 2,535.52",16,23,4
1552,19,Mason City,2020,Febuary,"$ 2,499.50",7,10,5
197,19,Mason City,2020,Febuary,"$ 2,437.77",16,23,6
242,19,Mason City,2020,Febuary,"$ 2,419.78",14,22,7
1591,19,Mason City,2020,Febuary,"$ 2,028.00",7,12,8
1571,19,Mason City,2020,Febuary,"$ 1,908.00",8,12,9
204,19,Mason City,2020,Febuary,"$ 1,889.85",10,15,10
2008,19,Mason City,2020,March,"$ 2,899.75",17,25,1
1594,19,Mason City,2020,March,"$ 2,513.00",5,7,2
212,19,Mason City,2020,March,"$ 2,441.78",14,22,3
2012,19,Mason City,2020,March,"$ 2,429.73",18,27,4
135,19,Mason City,2020,March,"$ 2,313.74",17,26,5
241,19,Mason City,2020,March,"$ 2,293.69",18,31,6
217,19,Mason City,2020,March,"$ 2,239.72",17,28,7
168,19,Mason City,2020,March,"$ 2,199.78",15,22,8
160,19,Mason City,2020,March,"$ 2,159.76",16,24,9
170,19,Mason City,2020,March,"$ 2,159.76",16,24,10
1551,19,Mason City,2020,April,"$ 3,909.15",11,17,1
250,19,Mason City,2020,April,"$ 2,975.68",20,32,2
1596,19,Mason City,2020,April,"$ 2,879.84",10,16,3
1594,19,Mason City,2020,April,"$ 2,872.00",6,8,4
115,19,Mason City,2020,April,"$ 2,632.12",15,23,5
1595,19,Mason City,2020,April,"$ 2,549.83",9,17,6
198,19,Mason City,2020,April,"$ 2,526.81",12,19,7
149,19,Mason City,2020,April,"$ 2,499.80",11,20,8
185,19,Mason City,2020,April,"$ 2,419.78",14,22,9
201,19,Mason City,2020,April,"$ 2,339.82",12,18,10
1594,19,Mason City,2020,May,"$ 3,590.00",8,10,1
212,19,Mason City,2020,May,"$ 3,329.70",18,30,2
211,19,Mason City,2020,May,"$ 2,861.73",15,27,3
175,19,Mason City,2020,May,"$ 2,634.69",18,31,4
149,19,Mason City,2020,May,"$ 2,624.79",14,21,5
173,19,Mason City,2020,May,"$ 2,551.78",16,22,6
1551,19,Mason City,2020,May,"$ 2,529.45",7,11,7
115,19,Mason City,2020,May,"$ 2,517.68",15,22,8
206,19,Mason City,2020,May,"$ 2,479.84",10,16,9
176,19,Mason City,2020,May,"$ 2,399.76",16,24,10
1594,19,Mason City,2020,June,"$ 4,308.00",7,12,1
1551,19,Mason City,2020,June,"$ 2,989.35",9,13,2
1644,19,Mason City,2020,June,"$ 2,533.00",11,17,3
1992,19,Mason City,2020,June,"$ 2,519.72",18,28,4
162,19,Mason City,2020,June,"$ 2,429.73",18,27,5
1591,19,Mason City,2020,June,"$ 2,366.00",9,14,6
115,19,Mason City,2020,June,"$ 2,288.80",13,20,7
219,19,Mason City,2020,June,"$ 2,287.78",14,22,8
7,19,Mason City,2020,June,"$ 2,209.48",17,26,9
106,19,Mason City,2020,June,"$ 2,174.36",13,19,10
206,19,Mason City,2020,July,"$ 3,409.78",14,22,1
198,19,Mason City,2020,July,"$ 3,324.75",16,25,2
1552,19,Mason City,2020,July,"$ 3,249.35",8,13,3
115,19,Mason City,2020,July,"$ 2,975.44",15,26,4
1594,19,Mason City,2020,July,"$ 2,872.00",5,8,5
172,19,Mason City,2020,July,"$ 2,849.70",18,30,6
1571,19,Mason City,2020,July,"$ 2,703.00",10,17,7
251,19,Mason City,2020,July,"$ 2,417.74",18,26,8
227,19,Mason City,2020,July,"$ 2,377.71",20,29,9
125,19,Mason City,2020,July,"$ 2,374.75",15,25,10
1594,19,Mason City,2020,August,"$ 4,667.00",8,13,1
1645,19,Mason City,2020,August,"$ 3,043.00",11,17,2
1596,19,Mason City,2020,August,"$ 2,879.84",9,16,3
265,19,Mason City,2020,August,"$ 2,799.72",18,28,4
173,19,Mason City,2020,August,"$ 2,783.76",16,24,5
1552,19,Mason City,2020,August,"$ 2,249.55",5,9,6
176,19,Mason City,2020,August,"$ 2,199.78",13,22,7
204,19,Mason City,2020,August,"$ 2,141.83",11,17,8
152,19,Mason City,2020,August,"$ 2,099.79",15,21,9
121,19,Mason City,2020,August,"$ 2,089.78",16,22,10
198,19,Mason City,2020,September,"$ 3,989.70",17,30,1
1552,19,Mason City,2020,September,"$ 3,499.30",10,14,2
1551,19,Mason City,2020,September,"$ 3,219.30",9,14,3
201,19,Mason City,2020,September,"$ 2,859.78",16,22,4
2007,19,Mason City,2020,September,"$ 2,807.76",15,24,5
1591,19,Mason City,2020,September,"$ 2,704.00",10,16,6
115,19,Mason City,2020,September,"$ 2,517.68",16,22,7
1594,19,Mason City,2020,September,"$ 2,513.00",5,7,8
156,19,Mason City,2020,September,"$ 2,499.75",15,25,9
206,19,Mason City,2020,September,"$ 2,479.84",12,16,10
1635,19,Mason City,2020,October,"$ 3,419.81",11,19,1
149,19,Mason City,2020,October,"$ 3,374.73",16,27,2
2006,19,Mason City,2020,October,"$ 3,261.63",18,29,3
1595,19,Mason City,2020,October,"$ 3,149.79",14,21,4
206,19,Mason City,2020,October,"$ 2,789.82",11,18,5
2003,19,Mason City,2020,October,"$ 2,738.67",22,33,6
198,19,Mason City,2020,October,"$ 2,659.80",14,20,7
212,19,Mason City,2020,October,"$ 2,552.77",15,23,8
204,19,Mason City,2020,October,"$ 2,519.80",15,20,9
265,19,Mason City,2020,October,"$ 2,399.76",17,24,10
2006,19,Mason City,2020,November,"$ 2,586.81",15,23,1
168,19,Mason City,2020,November,"$ 2,399.76",15,24,2
1595,19,Mason City,2020,November,"$ 2,249.85",8,15,3
121,19,Mason City,2020,November,"$ 2,184.77",14,23,4
1596,19,Mason City,2020,November,"$ 2,159.88",7,12,5
106,19,Mason City,2020,November,"$ 2,059.92",11,18,6
179,19,Mason City,2020,November,"$ 2,015.79",14,21,7
215,19,Mason City,2020,November,"$ 1,999.75",17,25,8
109,19,Mason City,2020,November,"$ 1,945.48",10,17,9
1543,19,Mason City,2020,November,"$ 1,920.00",10,16,10
1645,19,Mason City,2020,December,"$ 3,759.00",13,21,1
201,19,Mason City,2020,December,"$ 3,119.76",16,24,2
197,19,Mason City,2020,December,"$ 2,967.72",19,28,3
181,19,Mason City,2020,December,"$ 2,879.70",19,30,4
1594,19,Mason City,2020,December,"$ 2,872.00",5,8,5
1592,19,Mason City,2020,December,"$ 2,835.00",10,15,6
152,19,Mason City,2020,December,"$ 2,699.73",18,27,7
198,19,Mason City,2020,December,"$ 2,659.80",13,20,8
212,19,Mason City,2020,December,"$ 2,552.77",13,23,9
204,19,Mason City,2020,December,"$ 2,519.80",14,20,10
173,19,Mason City,2021,January,"$ 3,247.72",17,28,1
1594,19,Mason City,2021,January,"$ 3,231.00",5,9,2
185,19,Mason City,2021,January,"$ 3,079.72",18,28,3
201,19,Mason City,2021,January,"$ 2,859.78",14,22,4
1635,19,Mason City,2021,January,"$ 2,159.88",8,12,5
254,19,Mason City,2021,January,"$ 2,138.77",15,23,6
2007,19,Mason City,2021,January,"$ 2,105.82",12,18,7
125,19,Mason City,2021,January,"$ 2,089.78",15,22,8
1551,19,Mason City,2021,January,"$ 2,069.55",5,9,9
149,19,Mason City,2021,January,"$ 1,999.84",10,16,10
149,19,Mason City,2021,Febuary,"$ 2,999.76",16,24,1
206,19,Mason City,2021,Febuary,"$ 2,944.81",11,19,2
201,19,Mason City,2021,Febuary,"$ 2,729.79",14,21,3
156,19,Mason City,2021,Febuary,"$ 2,599.74",17,26,4
1593,19,Mason City,2021,Febuary,"$ 2,508.00",7,12,5
1986,19,Mason City,2021,Febuary,"$ 2,324.40",17,30,6
2007,19,Mason City,2021,Febuary,"$ 2,222.81",14,19,7
1601,19,Mason City,2021,Febuary,"$ 2,148.00",7,12,8
242,19,Mason City,2021,Febuary,"$ 2,089.81",12,19,9
1592,19,Mason City,2021,Febuary,"$ 2,079.00",7,11,10
1552,19,Mason City,2021,March,"$ 3,749.25",10,15,1
1594,19,Mason City,2021,March,"$ 3,231.00",5,9,2
198,19,Mason City,2021,March,"$ 2,792.79",13,21,3
206,19,Mason City,2021,March,"$ 2,324.85",11,15,4
123,19,Mason City,2021,March,"$ 2,184.77",15,23,5
211,19,Mason City,2021,March,"$ 2,119.80",11,20,6
1655,19,Mason City,2021,March,"$ 2,099.85",9,15,7
262,19,Mason City,2021,March,"$ 2,039.76",17,24,8
6,19,Mason City,2021,March,"$ 2,027.48",14,26,9
197,19,Mason City,2021,March,"$ 2,013.81",12,19,10
206,19,Mason City,2021,April,"$ 2,944.81",12,19,1
1594,19,Mason City,2021,April,"$ 2,872.00",4,8,2
242,19,Mason City,2021,April,"$ 2,309.79",14,21,3
109,19,Mason City,2021,April,"$ 2,288.80",12,20,4
15,19,Mason City,2021,April,"$ 2,124.50",16,25,5
2006,19,Mason City,2021,April,"$ 2,024.46",11,18,6
1606,19,Mason City,2021,April,"$ 1,949.85",9,15,7
197,19,Mason City,2021,April,"$ 1,907.82",10,18,8
135,19,Mason City,2021,April,"$ 1,868.79",14,21,9
1986,19,Mason City,2021,April,"$ 1,859.52",15,24,10
1593,19,Mason City,2021,May,"$ 3,762.00",9,18,1
1594,19,Mason City,2021,May,"$ 2,872.00",4,8,2
201,19,Mason City,2021,May,"$ 2,599.80",12,20,3
197,19,Mason City,2021,May,"$ 2,437.77",14,23,4
170,19,Mason City,2021,May,"$ 2,339.74",18,26,5
265,19,Mason City,2021,May,"$ 2,199.78",13,22,6
65,19,Mason City,2021,May,"$ 2,069.70",19,30,7
177,19,Mason City,2021,May,"$ 1,994.81",13,19,8
250,19,Mason City,2021,May,"$ 1,952.79",12,21,9
1543,19,Mason City,2021,May,"$ 1,920.00",10,16,10
198,19,Mason City,2021,June,"$ 3,191.76",14,24,1
2008,19,Mason City,2021,June,"$ 2,899.75",16,25,2
1552,19,Mason City,2021,June,"$ 2,749.45",6,11,3
1593,19,Mason City,2021,June,"$ 2,508.00",8,12,4
2007,19,Mason City,2021,June,"$ 2,456.79",13,21,5
251,19,Mason City,2021,June,"$ 2,417.74",16,26,6
173,19,Mason City,2021,June,"$ 2,319.80",14,20,7
1594,19,Mason City,2021,June,"$ 2,154.00",4,6,8
1645,19,Mason City,2021,June,"$ 2,148.00",8,12,9
115,19,Mason City,2021,June,"$ 1,945.48",12,17,10
1551,19,Mason City,2021,July,"$ 3,449.25",9,15,1
177,19,Mason City,2021,July,"$ 2,834.73",15,27,2
242,19,Mason City,2021,July,"$ 2,419.78",13,22,3
219,19,Mason City,2021,July,"$ 2,391.77",15,23,4
1596,19,Mason City,2021,July,"$ 2,339.87",7,13,5
198,19,Mason City,2021,July,"$ 2,260.83",13,17,6
137,19,Mason City,2021,July,"$ 2,249.75",18,25,7
246,19,Mason City,2021,July,"$ 2,249.75",16,25,8
176,19,Mason City,2021,July,"$ 2,199.78",16,22,9
1635,19,Mason City,2021,July,"$ 2,159.88",8,12,10
1594,19,Mason City,2021,August,"$ 4,308.00",9,12,1
1551,19,Mason City,2021,August,"$ 3,219.30",9,14,2
173,19,Mason City,2021,August,"$ 2,667.77",14,23,3
201,19,Mason City,2021,August,"$ 2,469.81",12,19,4
204,19,Mason City,2021,August,"$ 2,267.82",12,18,5
1552,19,Mason City,2021,August,"$ 2,249.55",5,9,6
219,19,Mason City,2021,August,"$ 2,183.79",12,21,7
158,19,Mason City,2021,August,"$ 2,159.76",16,24,8
137,19,Mason City,2021,August,"$ 2,159.76",16,24,9
152,19,Mason City,2021,August,"$ 2,099.79",14,21,10
1594,19,Mason City,2021,September,"$ 3,231.00",5,9,1
1552,19,Mason City,2021,September,"$ 2,999.40",8,12,2
156,19,Mason City,2021,September,"$ 2,699.73",17,27,3
1592,19,Mason City,2021,September,"$ 2,457.00",8,13,4
176,19,Mason City,2021,September,"$ 2,299.77",18,23,5
219,19,Mason City,2021,September,"$ 2,287.78",15,22,6
196,19,Mason City,2021,September,"$ 2,262.69",19,31,7
198,19,Mason City,2021,September,"$ 2,260.83",11,17,8
2007,19,Mason City,2021,September,"$ 2,222.81",12,19,9
4,19,Mason City,2021,September,"$ 2,124.50",16,25,10
109,19,Mason City,2021,October,"$ 2,861.00",15,25,1
1591,19,Mason City,2021,October,"$ 2,535.00",10,15,2
1594,19,Mason City,2021,October,"$ 2,513.00",5,7,3
1596,19,Mason City,2021,October,"$ 2,339.87",9,13,4
112,19,Mason City,2021,October,"$ 2,204.80",14,20,5
197,19,Mason City,2021,October,"$ 2,119.80",12,20,6
1593,19,Mason City,2021,October,"$ 2,090.00",7,10,7
4,19,Mason City,2021,October,"$ 2,039.52",14,24,8
12,19,Mason City,2021,October,"$ 2,039.52",14,24,9
206,19,Mason City,2021,October,"$ 2,014.87",10,13,10
1594,19,Mason City,2021,November,"$ 3,590.00",6,10,1
206,19,Mason City,2021,November,"$ 2,634.83",11,17,2
201,19,Mason City,2021,November,"$ 2,599.80",12,20,3
162,19,Mason City,2021,November,"$ 2,339.74",15,26,4
2014,19,Mason City,2021,November,"$ 2,124.75",15,25,5
137,19,Mason City,2021,November,"$ 2,069.77",15,23,6
109,19,Mason City,2021,November,"$ 2,059.92",10,18,7
2007,19,Mason City,2021,November,"$ 1,988.83",10,17,8
2009,19,Mason City,2021,November,"$ 1,899.81",13,19,9
1988,19,Mason City,2021,November,"$ 1,885.77",14,23,10
1635,19,Mason City,2021,December,"$ 3,059.83",13,17,1
246,19,Mason City,2021,December,"$ 2,969.67",19,33,2
18,19,Mason City,2021,December,"$ 2,889.32",22,34,3
201,19,Mason City,2021,December,"$ 2,859.78",14,22,4
206,19,Mason City,2021,December,"$ 2,789.82",12,18,5
198,19,Mason City,2021,December,"$ 2,659.80",11,20,6
1551,19,Mason City,2021,December,"$ 2,529.45",6,11,7
204,19,Mason City,2021,December,"$ 2,519.80",14,20,8
160,19,Mason City,2021,December,"$ 2,519.72",18,28,9
250,19,Mason City,2021,December,"$ 2,510.73",17,27,10
1645,19,Mason City,2022,January,"$ 2,685.00",11,15,1
152,19,Mason City,2022,January,"$ 2,599.74",17,26,2
1594,19,Mason City,2022,January,"$ 2,513.00",5,7,3
204,19,Mason City,2022,January,"$ 2,393.81",13,19,4
185,19,Mason City,2022,January,"$ 2,309.79",16,21,5
2006,19,Mason City,2022,January,"$ 2,249.40",14,20,6
109,19,Mason City,2022,January,"$ 2,174.36",12,19,7
1543,19,Mason City,2022,January,"$ 2,160.00",13,18,8
181,19,Mason City,2022,January,"$ 2,111.78",11,22,9
149,19,Mason City,2022,January,"$ 1,999.84",11,16,10
1592,19,Mason City,2022,Febuary,"$ 2,646.00",8,14,1
173,19,Mason City,2022,Febuary,"$ 2,435.79",12,21,2
1601,19,Mason City,2022,Febuary,"$ 2,327.00",8,13,3
198,19,Mason City,2022,Febuary,"$ 2,260.83",12,17,4
1594,19,Mason City,2022,Febuary,"$ 2,154.00",4,6,5
149,19,Mason City,2022,Febuary,"$ 2,124.83",12,17,6
271,19,Mason City,2022,Febuary,"$ 2,069.77",16,23,7
265,19,Mason City,2022,Febuary,"$ 1,999.80",12,20,8
129,19,Mason City,2022,Febuary,"$ 1,999.75",15,25,9
1596,19,Mason City,2022,Febuary,"$ 1,799.90",7,10,10
198,19,Mason City,2022,March,"$ 3,191.76",15,24,1
1594,19,Mason City,2022,March,"$ 2,872.00",5,8,2
247,19,Mason City,2022,March,"$ 2,699.70",18,30,3
206,19,Mason City,2022,March,"$ 2,634.83",12,17,4
1591,19,Mason City,2022,March,"$ 2,535.00",8,15,5
1596,19,Mason City,2022,March,"$ 2,519.86",8,14,6
1601,19,Mason City,2022,March,"$ 2,506.00",9,14,7
242,19,Mason City,2022,March,"$ 2,309.79",13,21,8
1551,19,Mason City,2022,March,"$ 2,299.50",8,10,9
1552,19,Mason City,2022,March,"$ 2,249.55",5,9,10
201,19,Mason City,2022,April,"$ 3,249.75",14,25,1
1594,19,Mason City,2022,April,"$ 2,872.00",6,8,2
185,19,Mason City,2022,April,"$ 2,639.76",14,24,3
1572,19,Mason City,2022,April,"$ 2,327.00",8,13,4
115,19,Mason City,2022,April,"$ 2,288.80",13,20,5
198,19,Mason City,2022,April,"$ 2,260.83",9,17,6
106,19,Mason City,2022,April,"$ 2,174.36",11,19,7
206,19,Mason City,2022,April,"$ 2,169.86",10,14,8
149,19,Mason City,2022,April,"$ 2,124.83",10,17,9
1593,19,Mason City,2022,April,"$ 2,090.00",6,10,10
1594,19,Mason City,2022,May,"$ 4,667.00",8,13,1
2009,19,Mason City,2022,May,"$ 2,799.72",18,28,2
1552,19,Mason City,2022,May,"$ 2,749.45",7,11,3
206,19,Mason City,2022,May,"$ 2,634.83",11,17,4
2006,19,Mason City,2022,May,"$ 2,586.81",16,23,5
137,19,Mason City,2022,May,"$ 2,429.73",16,27,6
152,19,Mason City,2022,May,"$ 2,299.77",16,23,7
2010,19,Mason City,2022,May,"$ 2,199.78",13,22,8
1592,19,Mason City,2022,May,"$ 2,079.00",7,11,9
2011,19,Mason City,2022,May,"$ 2,039.80",13,20,10
2006,19,Mason City,2022,June,"$ 2,811.75",15,25,1
1551,19,Mason City,2022,June,"$ 2,759.40",9,12,2
185,19,Mason City,2022,June,"$ 2,529.77",15,23,3
206,19,Mason City,2022,June,"$ 2,324.85",10,15,4
265,19,Mason City,2022,June,"$ 2,299.77",14,23,5
115,19,Mason City,2022,June,"$ 2,288.80",13,20,6
2003,19,Mason City,2022,June,"$ 2,157.74",15,26,7
2009,19,Mason City,2022,June,"$ 2,099.79",14,21,8
242,19,Mason City,2022,June,"$ 2,089.81",11,19,9
154,19,Mason City,2022,June,"$ 1,999.75",18,25,10
149,19,Mason City,2022,July,"$ 2,874.77",15,23,1
115,19,Mason City,2022,July,"$ 2,632.12",13,23,2
185,19,Mason City,2022,July,"$ 2,419.78",15,22,3
198,19,Mason City,2022,July,"$ 2,393.82",13,18,4
1988,19,Mason City,2022,July,"$ 2,131.74",15,26,5
2007,19,Mason City,2022,July,"$ 2,105.82",10,18,6
11,19,Mason City,2022,July,"$ 2,051.46",18,27,7
206,19,Mason City,2022,July,"$ 2,014.87",8,13,8
2009,19,Mason City,2022,July,"$ 1,999.80",12,20,9
121,19,Mason City,2022,July,"$ 1,994.79",12,21,10
2008,19,Mason City,2022,August,"$ 3,363.71",19,29,1
198,19,Mason City,2022,August,"$ 2,659.80",12,20,2
125,19,Mason City,2022,August,"$ 2,564.73",15,27,3
1593,19,Mason City,2022,August,"$ 2,508.00",8,12,4
179,19,Mason City,2022,August,"$ 2,495.74",16,26,5
1583,19,Mason City,2022,August,"$ 2,380.00",12,20,6
183,19,Mason City,2022,August,"$ 2,299.77",16,23,7
1551,19,Mason City,2022,August,"$ 2,299.50",7,10,8
173,19,Mason City,2022,August,"$ 2,203.81",14,19,9
206,19,Mason City,2022,August,"$ 2,169.86",11,14,10
149,19,Mason City,2022,September,"$ 3,249.74",16,26,1
112,19,Mason City,2022,September,"$ 2,425.28",14,22,2
197,19,Mason City,2022,September,"$ 2,331.78",13,22,3
206,19,Mason City,2022,September,"$ 2,324.85",9,15,4
109,19,Mason City,2022,September,"$ 2,288.80",13,20,5
1988,19,Mason City,2022,September,"$ 2,213.73",17,27,6
1594,19,Mason City,2022,September,"$ 2,154.00",5,6,7
12,19,Mason City,2022,September,"$ 2,124.50",15,25,8
121,19,Mason City,2022,September,"$ 2,089.78",15,22,9
133,19,Mason City,2022,September,"$ 1,999.75",16,25,10
198,19,Mason City,2022,October,"$ 2,526.81",14,19,1
1594,19,Mason City,2022,October,"$ 2,513.00",5,7,2
2008,19,Mason City,2022,October,"$ 2,319.80",12,20,3
17,19,Mason City,2022,October,"$ 2,294.46",17,27,4
2011,19,Mason City,2022,October,"$ 2,243.78",13,22,5
149,19,Mason City,2022,October,"$ 2,124.83",9,17,6
109,19,Mason City,2022,October,"$ 2,059.92",11,18,7
3,19,Mason City,2022,October,"$ 2,039.52",15,24,8
206,19,Mason City,2022,October,"$ 2,014.87",10,13,9
2012,19,Mason City,2022,October,"$ 1,979.78",14,22,10
1594,19,Mason City,2022,November,"$ 3,231.00",6,9,1
1584,19,Mason City,2022,November,"$ 3,197.00",12,23,2
106,19,Mason City,2022,November,"$ 2,861.00",17,25,3
206,19,Mason City,2022,November,"$ 2,479.84",10,16,4
179,19,Mason City,2022,November,"$ 2,303.76",15,24,5
1551,19,Mason City,2022,November,"$ 2,299.50",6,10,6
246,19,Mason City,2022,November,"$ 2,159.76",15,24,7
149,19,Mason City,2022,November,"$ 2,124.83",9,17,8
125,19,Mason City,2022,November,"$ 2,089.78",15,22,9
154,19,Mason City,2022,November,"$ 1,999.75",17,25,10
1594,19,Mason City,2022,December,"$ 4,667.00",10,13,1
201,19,Mason City,2022,December,"$ 4,419.66",22,34,2
1551,19,Mason City,2022,December,"$ 2,759.40",7,12,3
152,19,Mason City,2022,December,"$ 2,599.74",19,26,4
173,19,Mason City,2022,December,"$ 2,551.78",15,22,5
2006,19,Mason City,2022,December,"$ 2,361.87",13,21,6
2007,19,Mason City,2022,December,"$ 2,339.80",13,20,7
1644,19,Mason City,2022,December,"$ 2,235.00",10,15,8
125,19,Mason City,2022,December,"$ 2,184.77",15,23,9
166,19,Mason City,2022,December,"$ 2,159.73",17,27,10
204,19,Mason City,2023,January,"$ 2,645.79",16,21,1
206,19,Mason City,2023,January,"$ 2,479.84",10,16,2
212,19,Mason City,2023,January,"$ 2,219.80",13,20,3
137,19,Mason City,2023,January,"$ 2,159.76",15,24,4
211,19,Mason City,2023,January,"$ 2,119.80",13,20,5
1593,19,Mason City,2023,January,"$ 2,090.00",6,10,6
2006,19,Mason City,2023,January,"$ 2,024.46",11,18,7
265,19,Mason City,2023,January,"$ 1,999.80",14,20,8
201,19,Mason City,2023,January,"$ 1,949.85",11,15,9
215,19,Mason City,2023,January,"$ 1,919.76",17,24,10
1591,19,Mason City,2023,Febuary,"$ 2,704.00",10,16,1
197,19,Mason City,2023,Febuary,"$ 2,649.75",14,25,2
1551,19,Mason City,2023,Febuary,"$ 2,069.55",8,9,3
1626,19,Mason City,2023,Febuary,"$ 2,054.25",9,15,4
206,19,Mason City,2023,Febuary,"$ 2,014.87",8,13,5
119,19,Mason City,2023,Febuary,"$ 1,984.29",15,21,6
7,19,Mason City,2023,Febuary,"$ 1,954.54",14,23,7
1606,19,Mason City,2023,Febuary,"$ 1,949.85",11,15,8
265,19,Mason City,2023,Febuary,"$ 1,899.81",11,19,9
1593,19,Mason City,2023,Febuary,"$ 1,881.00",7,9,10
1551,19,Mason City,2023,March,"$ 3,449.25",8,15,1
1594,19,Mason City,2023,March,"$ 3,231.00",6,9,2
112,19,Mason City,2023,March,"$ 2,976.48",18,27,3
176,19,Mason City,2023,March,"$ 2,499.75",16,25,4
123,19,Mason City,2023,March,"$ 2,279.76",15,24,5
2007,19,Mason City,2023,March,"$ 1,988.83",12,17,6
1601,19,Mason City,2023,March,"$ 1,969.00",6,11,7
177,19,Mason City,2023,March,"$ 1,889.82",11,18,8
219,19,Mason City,2023,March,"$ 1,871.82",12,18,9
181,19,Mason City,2023,March,"$ 1,823.81",11,19,10
149,19,Mason City,2023,April,"$ 2,624.79",15,21,1
119,19,Mason City,2023,April,"$ 2,456.74",18,26,2
1552,19,Mason City,2023,April,"$ 2,249.55",6,9,3
206,19,Mason City,2023,April,"$ 2,169.86",9,14,4
18,19,Mason City,2023,April,"$ 2,124.50",17,25,5
2009,19,Mason City,2023,April,"$ 2,099.79",11,21,6
112,19,Mason City,2023,April,"$ 2,094.56",12,19,7
179,19,Mason City,2023,April,"$ 1,919.80",14,20,8
127,19,Mason City,2023,April,"$ 1,919.76",15,24,9
197,19,Mason City,2023,April,"$ 1,907.82",12,18,10
106,19,Mason City,2023,May,"$ 2,517.68",14,22,1
1552,19,Mason City,2023,May,"$ 2,499.50",7,10,2
185,19,Mason City,2023,May,"$ 2,419.78",15,22,3
135,19,Mason City,2023,May,"$ 2,402.73",16,27,4
1596,19,Mason City,2023,May,"$ 2,339.87",9,13,5
131,19,Mason City,2023,May,"$ 2,319.71",18,29,6
1594,19,Mason City,2023,May,"$ 2,154.00",4,6,7
48,19,Mason City,2023,May,"$ 2,144.67",19,33,8
204,19,Mason City,2023,May,"$ 2,141.83",10,17,9
250,19,Mason City,2023,May,"$ 2,045.78",17,22,10
1594,19,Mason City,2023,June,"$ 3,231.00",6,9,1
2011,19,Mason City,2023,June,"$ 3,161.69",17,31,2
1593,19,Mason City,2023,June,"$ 2,508.00",8,12,3
7,19,Mason City,2023,June,"$ 2,379.44",18,28,4
2006,19,Mason City,2023,June,"$ 2,361.87",14,21,5
112,19,Mason City,2023,June,"$ 2,204.80",13,20,6
197,19,Mason City,2023,June,"$ 2,119.80",11,20,7
149,19,Mason City,2023,June,"$ 1,999.84",11,16,8
204,19,Mason City,2023,June,"$ 1,889.85",10,15,9
1591,19,Mason City,2023,June,"$ 1,859.00",7,11,10
1594,19,Mason City,2023,July,"$ 3,949.00",7,11,1
206,19,Mason City,2023,July,"$ 3,719.76",14,24,2
198,19,Mason City,2023,July,"$ 2,526.81",11,19,3
204,19,Mason City,2023,July,"$ 2,519.80",12,20,4
2007,19,Mason City,2023,July,"$ 2,222.81",13,19,5
1986,19,Mason City,2023,July,"$ 2,169.44",17,28,6
149,19,Mason City,2023,July,"$ 2,124.83",11,17,7
177,19,Mason City,2023,July,"$ 2,099.80",14,20,8
201,19,Mason City,2023,July,"$ 2,079.84",11,16,9
2010,19,Mason City,2023,July,"$ 1,999.80",14,20,10
1594,19,Mason City,2023,August,"$ 4,308.00",7,12,1
1572,19,Mason City,2023,August,"$ 3,043.00",13,17,2
1551,19,Mason City,2023,August,"$ 2,759.40",7,12,3
198,19,Mason City,2023,August,"$ 2,659.80",14,20,4
2007,19,Mason City,2023,August,"$ 2,456.79",15,21,5
211,19,Mason City,2023,August,"$ 2,437.77",15,23,6
242,19,Mason City,2023,August,"$ 2,419.78",17,22,7
109,19,Mason City,2023,August,"$ 2,403.24",14,21,8
149,19,Mason City,2023,August,"$ 2,374.81",11,19,9
1601,19,Mason City,2023,August,"$ 2,327.00",8,13,10
1593,19,Mason City,2023,September,"$ 2,717.00",9,13,1
1594,19,Mason City,2023,September,"$ 2,513.00",5,7,2
2007,19,Mason City,2023,September,"$ 2,222.81",13,19,3
2010,19,Mason City,2023,September,"$ 2,099.79",13,21,4
1592,19,Mason City,2023,September,"$ 1,890.00",6,10,5
1570,19,Mason City,2023,September,"$ 1,807.00",8,13,6
2003,19,Mason City,2023,September,"$ 1,742.79",13,21,7
198,19,Mason City,2023,September,"$ 1,728.87",7,13,8
160,19,Mason City,2023,September,"$ 1,709.81",13,19,9
206,19,Mason City,2023,September,"$ 1,704.89",9,11,10
204,19,Mason City,2023,October,"$ 3,401.73",16,27,1
198,19,Mason City,2023,October,"$ 2,792.79",14,21,2
149,19,Mason City,2023,October,"$ 2,624.79",12,21,3
112,19,Mason City,2023,October,"$ 2,425.28",14,22,4
1592,19,Mason City,2023,October,"$ 2,268.00",7,12,5
168,19,Mason City,2023,October,"$ 2,199.78",15,22,6
201,19,Mason City,2023,October,"$ 2,079.84",12,16,7
115,19,Mason City,2023,October,"$ 1,945.48",9,17,8
221,19,Mason City,2023,October,"$ 1,899.75",17,25,9
271,19,Mason City,2023,October,"$ 1,799.80",15,20,10
201,19,Mason City,2023,November,"$ 2,989.77",15,23,1
1572,19,Mason City,2023,November,"$ 2,327.00",8,13,2
1595,19,Mason City,2023,November,"$ 2,249.85",10,15,3
1592,19,Mason City,2023,November,"$ 2,079.00",7,11,4
1552,19,Mason City,2023,November,"$ 1,999.60",5,8,5
198,19,Mason City,2023,November,"$ 1,994.85",9,15,6
117,19,Mason City,2023,November,"$ 1,742.79",14,21,7
2008,19,Mason City,2023,November,"$ 1,739.85",11,15,8
227,19,Mason City,2023,November,"$ 1,721.79",13,21,9
177,19,Mason City,2023,November,"$ 1,679.84",11,16,10
206,19,Mason City,2023,December,"$ 3,874.75",16,25,1
106,19,Mason City,2023,December,"$ 2,861.00",16,25,2
2000,19,Mason City,2023,December,"$ 2,719.66",23,34,3
254,19,Mason City,2023,December,"$ 2,696.71",20,29,4
173,19,Mason City,2023,December,"$ 2,667.77",15,23,5
198,19,Mason City,2023,December,"$ 2,659.80",12,20,6
211,19,Mason City,2023,December,"$ 2,649.75",16,25,7
242,19,Mason City,2023,December,"$ 2,529.77",15,23,8
1635,19,Mason City,2023,December,"$ 2,519.86",10,14,9
1594,19,Mason City,2023,December,"$ 2,513.00",4,7,10
112,19,Mason City,2024,January,"$ 2,756.00",15,25,1
123,19,Mason City,2024,January,"$ 2,469.74",16,26,2
1551,19,Mason City,2024,January,"$ 2,299.50",6,10,3
2013,19,Mason City,2024,January,"$ 2,209.74",16,26,4
1594,19,Mason City,2024,January,"$ 2,154.00",5,6,5
3,19,Mason City,2024,January,"$ 2,124.50",15,25,6
160,19,Mason City,2024,January,"$ 2,069.77",14,23,7
2011,19,Mason City,2024,January,"$ 2,039.80",13,20,8
168,19,Mason City,2024,January,"$ 1,999.80",14,20,9
109,19,Mason City,2024,January,"$ 1,945.48",11,17,10
1594,19,Mason City,2024,Febuary,"$ 3,231.00",6,9,1
1635,19,Mason City,2024,Febuary,"$ 2,339.87",8,13,2
212,19,Mason City,2024,Febuary,"$ 2,330.79",14,21,3
92,19,Mason City,2024,Febuary,"$ 2,076.69",19,31,4
106,19,Mason City,2024,Febuary,"$ 2,059.92",10,18,5
149,19,Mason City,2024,Febuary,"$ 1,999.84",12,16,6
1987,19,Mason City,2024,Febuary,"$ 1,999.75",15,25,7
177,19,Mason City,2024,Febuary,"$ 1,994.81",12,19,8
173,19,Mason City,2024,Febuary,"$ 1,971.83",11,17,9
2006,19,Mason City,2024,Febuary,"$ 1,911.99",10,17,10
1551,19,Mason City,2024,March,"$ 2,529.45",8,11,1
265,19,Mason City,2024,March,"$ 2,499.75",16,25,2
1552,19,Mason City,2024,March,"$ 2,499.50",6,10,3
2010,19,Mason City,2024,March,"$ 2,399.76",14,24,4
1645,19,Mason City,2024,March,"$ 2,327.00",7,13,5
1594,19,Mason City,2024,March,"$ 2,154.00",3,6,6
2011,19,Mason City,2024,March,"$ 2,141.79",14,21,7
1591,19,Mason City,2024,March,"$ 2,028.00",7,12,8
212,19,Mason City,2024,March,"$ 1,997.82",11,18,9
123,19,Mason City,2024,March,"$ 1,994.79",13,21,10
1551,19,Mason City,2024,April,"$ 2,989.35",10,13,1
206,19,Mason City,2024,April,"$ 2,634.83",11,17,2
242,19,Mason City,2024,April,"$ 2,089.81",13,19,3
204,19,Mason City,2024,April,"$ 2,015.84",10,16,4
149,19,Mason City,2024,April,"$ 1,999.84",11,16,5
168,19,Mason City,2024,April,"$ 1,999.80",13,20,6
112,19,Mason City,2024,April,"$ 1,984.32",11,18,7
176,19,Mason City,2024,April,"$ 1,899.81",14,19,8
156,19,Mason City,2024,April,"$ 1,899.81",11,19,9
2007,19,Mason City,2024,April,"$ 1,871.84",10,16,10
1593,19,Mason City,2024,May,"$ 2,926.00",10,14,1
149,19,Mason City,2024,May,"$ 2,874.77",14,23,2
198,19,Mason City,2024,May,"$ 2,792.79",13,21,3
1551,19,Mason City,2024,May,"$ 2,759.40",7,12,4
168,19,Mason City,2024,May,"$ 2,499.75",17,25,5
206,19,Mason City,2024,May,"$ 2,324.85",10,15,6
1594,19,Mason City,2024,May,"$ 2,154.00",5,6,7
2006,19,Mason City,2024,May,"$ 2,024.46",14,18,8
2009,19,Mason City,2024,May,"$ 1,999.80",13,20,9
112,19,Mason City,2024,May,"$ 1,874.08",11,17,10
206,19,Mason City,2024,June,"$ 2,944.81",12,19,1
1594,19,Mason City,2024,June,"$ 2,872.00",5,8,2
1552,19,Mason City,2024,June,"$ 2,749.45",6,11,3
1600,19,Mason City,2024,June,"$ 2,533.00",9,17,4
242,19,Mason City,2024,June,"$ 2,419.78",14,22,5
1571,19,Mason City,2024,June,"$ 2,385.00",8,15,6
149,19,Mason City,2024,June,"$ 2,374.81",10,19,7
1551,19,Mason City,2024,June,"$ 2,299.50",7,10,8
106,19,Mason City,2024,June,"$ 2,174.36",12,19,9
251,19,Mason City,2024,June,"$ 2,138.77",14,23,10
1601,19,Mason City,2024,July,"$ 3,580.00",11,20,1
206,19,Mason City,2024,July,"$ 3,409.78",17,22,2
201,19,Mason City,2024,July,"$ 2,989.77",16,23,3
1594,19,Mason City,2024,July,"$ 2,513.00",5,7,4
198,19,Mason City,2024,July,"$ 2,260.83",11,17,5
212,19,Mason City,2024,July,"$ 2,108.81",13,19,6
242,19,Mason City,2024,July,"$ 2,089.81",12,19,7
1551,19,Mason City,2024,July,"$ 2,069.55",7,9,8
1655,19,Mason City,2024,July,"$ 1,959.86",8,14,9
109,19,Mason City,2024,July,"$ 1,945.48",11,17,10
1594,19,Mason City,2024,August,"$ 2,872.00",5,8,1
1592,19,Mason City,2024,August,"$ 2,835.00",9,15,2
152,19,Mason City,2024,August,"$ 2,199.78",14,22,3
206,19,Mason City,2024,August,"$ 2,169.86",10,14,4
149,19,Mason City,2024,August,"$ 2,124.83",10,17,5
179,19,Mason City,2024,August,"$ 2,111.78",16,22,6
265,19,Mason City,2024,August,"$ 2,099.79",14,21,7
1593,19,Mason City,2024,August,"$ 2,090.00",7,10,8
2,19,Mason City,2024,August,"$ 2,001.74",16,26,9
1572,19,Mason City,2024,August,"$ 1,969.00",8,11,10
1594,19,Mason City,2024,September,"$ 3,231.00",6,9,1
1592,19,Mason City,2024,September,"$ 2,835.00",8,15,2
1552,19,Mason City,2024,September,"$ 2,749.45",9,11,3
112,19,Mason City,2024,September,"$ 2,645.76",15,24,4
197,19,Mason City,2024,September,"$ 2,437.77",13,23,5
242,19,Mason City,2024,September,"$ 2,309.79",15,21,6
106,19,Mason City,2024,September,"$ 2,174.36",11,19,7
177,19,Mason City,2024,September,"$ 2,099.80",15,20,8
17,19,Mason City,2024,September,"$ 2,039.52",15,24,9
137,19,Mason City,2024,September,"$ 1,979.78",13,22,10
1552,19,Mason City,2024,October,"$ 2,249.55",5,9,1
1594,19,Mason City,2024,October,"$ 2,154.00",4,6,2
1601,19,Mason City,2024,October,"$ 2,148.00",7,12,3
156,19,Mason City,2024,October,"$ 2,099.79",12,21,4
1551,19,Mason City,2024,October,"$ 2,069.55",7,9,5
246,19,Mason City,2024,October,"$ 1,979.78",16,22,6
1,19,Mason City,2024,October,"$ 1,924.75",16,25,7
198,19,Mason City,2024,October,"$ 1,861.86",10,14,8
206,19,Mason City,2024,October,"$ 1,859.88",8,12,9
177,19,Mason City,2024,October,"$ 1,784.83",12,17,10
1551,19,Mason City,2024,November,"$ 3,449.25",9,15,1
2006,19,Mason City,2024,November,"$ 2,924.22",15,26,2
1594,19,Mason City,2024,November,"$ 2,872.00",6,8,3
206,19,Mason City,2024,November,"$ 2,634.83",9,17,4
1552,19,Mason City,2024,November,"$ 2,249.55",5,9,5
149,19,Mason City,2024,November,"$ 2,124.83",12,17,6
1571,19,Mason City,2024,November,"$ 2,067.00",9,13,7
109,19,Mason City,2024,November,"$ 2,059.92",11,18,8
119,19,Mason City,2024,November,"$ 1,984.29",14,21,9
1601,19,Mason City,2024,November,"$ 1,969.00",7,11,10
149,19,Mason City,2024,December,"$ 2,999.76",16,24,1
1644,19,Mason City,2024,December,"$ 2,831.00",14,19,2
1552,19,Mason City,2024,December,"$ 2,749.45",7,11,3
198,19,Mason City,2024,December,"$ 2,659.80",13,20,4
204,19,Mason City,2024,December,"$ 2,519.80",12,20,5
2003,19,Mason City,2024,December,"$ 2,489.70",17,30,6
80,19,Mason City,2024,December,"$ 2,449.65",25,35,7
1645,19,Mason City,2024,December,"$ 2,327.00",9,13,8
109,19,Mason City,2024,December,"$ 2,288.80",12,20,9
115,19,Mason City,2024,December,"$ 2,288.80",11,20,10
201,20,Evansville,2019,January,"$ 2,729.79",15,21,1
1552,20,Evansville,2019,January,"$ 2,249.55",7,9,2
262,20,Evansville,2019,January,"$ 2,039.76",18,24,3
1591,20,Evansville,2019,January,"$ 2,028.00",7,12,4
206,20,Evansville,2019,January,"$ 2,014.87",8,13,5
265,20,Evansville,2019,January,"$ 1,999.80",13,20,6
119,20,Evansville,2019,January,"$ 1,984.29",13,21,7
185,20,Evansville,2019,January,"$ 1,979.82",11,18,8
158,20,Evansville,2019,January,"$ 1,979.78",12,22,9
2010,20,Evansville,2019,January,"$ 1,899.81",12,19,10
1594,20,Evansville,2019,Febuary,"$ 3,590.00",7,10,1
206,20,Evansville,2019,Febuary,"$ 3,099.80",12,20,2
1645,20,Evansville,2019,Febuary,"$ 2,506.00",8,14,3
106,20,Evansville,2019,Febuary,"$ 2,059.92",13,18,4
1595,20,Evansville,2019,Febuary,"$ 1,949.87",8,13,5
1634,20,Evansville,2019,Febuary,"$ 1,799.88",8,12,6
10,20,Evansville,2019,Febuary,"$ 1,770.77",14,23,7
219,20,Evansville,2019,Febuary,"$ 1,663.84",11,16,8
1626,20,Evansville,2019,Febuary,"$ 1,643.40",8,12,9
173,20,Evansville,2019,Febuary,"$ 1,623.86",10,14,10
197,20,Evansville,2019,March,"$ 2,755.74",15,26,1
185,20,Evansville,2019,March,"$ 2,309.79",14,21,2
2009,20,Evansville,2019,March,"$ 2,199.78",13,22,3
115,20,Evansville,2019,March,"$ 2,174.36",13,19,4
168,20,Evansville,2019,March,"$ 2,099.79",12,21,5
1593,20,Evansville,2019,March,"$ 1,881.00",5,9,6
206,20,Evansville,2019,March,"$ 1,859.88",8,12,7
173,20,Evansville,2019,March,"$ 1,855.84",9,16,8
2003,20,Evansville,2019,March,"$ 1,825.78",13,22,9
221,20,Evansville,2019,March,"$ 1,823.76",14,24,10
121,20,Evansville,2019,April,"$ 2,469.74",15,26,1
1596,20,Evansville,2019,April,"$ 2,159.88",8,12,2
1635,20,Evansville,2019,April,"$ 2,159.88",10,12,3
158,20,Evansville,2019,April,"$ 2,159.76",14,24,4
1594,20,Evansville,2019,April,"$ 2,154.00",4,6,5
198,20,Evansville,2019,April,"$ 2,127.84",9,16,6
271,20,Evansville,2019,April,"$ 2,069.77",15,23,7
160,20,Evansville,2019,April,"$ 2,069.77",13,23,8
1988,20,Evansville,2019,April,"$ 2,049.75",16,25,9
204,20,Evansville,2019,April,"$ 2,015.84",9,16,10
183,20,Evansville,2019,May,"$ 3,199.68",19,32,1
149,20,Evansville,2019,May,"$ 2,999.76",15,24,2
201,20,Evansville,2019,May,"$ 2,729.79",12,21,3
173,20,Evansville,2019,May,"$ 2,667.77",16,23,4
206,20,Evansville,2019,May,"$ 2,479.84",12,16,5
242,20,Evansville,2019,May,"$ 2,419.78",14,22,6
1635,20,Evansville,2019,May,"$ 2,339.87",9,13,7
204,20,Evansville,2019,May,"$ 2,267.82",11,18,8
198,20,Evansville,2019,May,"$ 2,127.84",10,16,9
7,20,Evansville,2019,May,"$ 2,124.50",15,25,10
206,20,Evansville,2019,June,"$ 3,719.76",14,24,1
1552,20,Evansville,2019,June,"$ 3,249.35",9,13,2
201,20,Evansville,2019,June,"$ 2,339.82",11,18,3
198,20,Evansville,2019,June,"$ 2,260.83",11,17,4
1594,20,Evansville,2019,June,"$ 2,154.00",4,6,5
168,20,Evansville,2019,June,"$ 1,999.80",14,20,6
1591,20,Evansville,2019,June,"$ 1,859.00",8,11,7
129,20,Evansville,2019,June,"$ 1,839.77",14,23,8
156,20,Evansville,2019,June,"$ 1,799.82",13,18,9
242,20,Evansville,2019,June,"$ 1,759.84",10,16,10
109,20,Evansville,2019,July,"$ 3,089.88",18,27,1
254,20,Evansville,2019,July,"$ 2,324.75",16,25,2
1644,20,Evansville,2019,July,"$ 2,235.00",9,15,3
152,20,Evansville,2019,July,"$ 2,099.79",13,21,4
219,20,Evansville,2019,July,"$ 2,079.80",13,20,5
204,20,Evansville,2019,July,"$ 2,015.84",11,16,6
176,20,Evansville,2019,July,"$ 1,999.80",12,20,7
1626,20,Evansville,2019,July,"$ 1,917.30",9,14,8
1571,20,Evansville,2019,July,"$ 1,908.00",6,12,9
121,20,Evansville,2019,July,"$ 1,899.80",13,20,10
1594,20,Evansville,2019,August,"$ 3,231.00",6,9,1
149,20,Evansville,2019,August,"$ 2,624.79",13,21,2
1551,20,Evansville,2019,August,"$ 2,529.45",7,11,3
115,20,Evansville,2019,August,"$ 2,288.80",13,20,4
1592,20,Evansville,2019,August,"$ 2,268.00",7,12,5
168,20,Evansville,2019,August,"$ 2,199.78",14,22,6
1591,20,Evansville,2019,August,"$ 2,197.00",7,13,7
2006,20,Evansville,2019,August,"$ 2,136.93",13,19,8
2007,20,Evansville,2019,August,"$ 2,105.82",12,18,9
201,20,Evansville,2019,August,"$ 2,079.84",10,16,10
1594,20,Evansville,2019,September,"$ 2,872.00",5,8,1
181,20,Evansville,2019,September,"$ 2,591.73",17,27,2
112,20,Evansville,2019,September,"$ 2,425.28",13,22,3
201,20,Evansville,2019,September,"$ 2,339.82",11,18,4
1601,20,Evansville,2019,September,"$ 2,327.00",7,13,5
162,20,Evansville,2019,September,"$ 2,249.75",14,25,6
262,20,Evansville,2019,September,"$ 2,209.74",15,26,7
2002,20,Evansville,2019,September,"$ 2,157.74",17,26,8
265,20,Evansville,2019,September,"$ 2,099.79",14,21,9
2008,20,Evansville,2019,September,"$ 2,087.82",11,18,10
106,20,Evansville,2019,October,"$ 3,547.64",19,31,1
1552,20,Evansville,2019,October,"$ 2,999.40",8,12,2
1593,20,Evansville,2019,October,"$ 2,717.00",8,13,3
1635,20,Evansville,2019,October,"$ 2,699.85",10,15,4
1645,20,Evansville,2019,October,"$ 2,506.00",8,14,5
206,20,Evansville,2019,October,"$ 2,479.84",10,16,6
18,20,Evansville,2019,October,"$ 2,294.46",16,27,7
162,20,Evansville,2019,October,"$ 2,249.75",15,25,8
135,20,Evansville,2019,October,"$ 2,135.76",15,24,9
254,20,Evansville,2019,October,"$ 2,045.78",13,22,10
1594,20,Evansville,2019,November,"$ 4,308.00",9,12,1
206,20,Evansville,2019,November,"$ 3,099.80",12,20,2
204,20,Evansville,2019,November,"$ 3,023.76",13,24,3
2006,20,Evansville,2019,November,"$ 2,699.28",15,24,4
2008,20,Evansville,2019,November,"$ 2,667.77",13,23,5
1570,20,Evansville,2019,November,"$ 2,641.00",11,19,6
1593,20,Evansville,2019,November,"$ 2,508.00",8,12,7
197,20,Evansville,2019,November,"$ 2,225.79",11,21,8
201,20,Evansville,2019,November,"$ 2,209.83",10,17,9
106,20,Evansville,2019,November,"$ 2,174.36",12,19,10
1594,20,Evansville,2019,December,"$ 4,667.00",9,13,1
121,20,Evansville,2019,December,"$ 3,609.62",23,38,2
242,20,Evansville,2019,December,"$ 3,519.68",21,32,3
1551,20,Evansville,2019,December,"$ 3,449.25",9,15,4
152,20,Evansville,2019,December,"$ 2,799.72",19,28,5
204,20,Evansville,2019,December,"$ 2,771.78",13,22,6
2009,20,Evansville,2019,December,"$ 2,699.73",17,27,7
158,20,Evansville,2019,December,"$ 2,699.70",17,30,8
211,20,Evansville,2019,December,"$ 2,649.75",16,25,9
201,20,Evansville,2019,December,"$ 2,599.80",13,20,10
1594,20,Evansville,2020,January,"$ 5,385.00",9,15,1
1551,20,Evansville,2020,January,"$ 4,369.05",11,19,2
206,20,Evansville,2020,January,"$ 3,409.78",15,22,3
149,20,Evansville,2020,January,"$ 3,124.75",15,25,4
2008,20,Evansville,2020,January,"$ 2,899.75",16,25,5
152,20,Evansville,2020,January,"$ 2,899.71",18,29,6
212,20,Evansville,2020,January,"$ 2,441.78",12,22,7
198,20,Evansville,2020,January,"$ 2,393.82",13,18,8
1596,20,Evansville,2020,January,"$ 2,339.87",8,13,9
162,20,Evansville,2020,January,"$ 2,339.74",18,26,10
1552,20,Evansville,2020,Febuary,"$ 3,749.25",8,15,1
168,20,Evansville,2020,Febuary,"$ 2,699.73",17,27,2
135,20,Evansville,2020,Febuary,"$ 2,580.71",19,29,3
112,20,Evansville,2020,Febuary,"$ 2,535.52",15,23,4
1594,20,Evansville,2020,Febuary,"$ 2,513.00",5,7,5
109,20,Evansville,2020,Febuary,"$ 2,288.80",14,20,6
1592,20,Evansville,2020,Febuary,"$ 2,268.00",7,12,7
204,20,Evansville,2020,Febuary,"$ 2,267.82",11,18,8
185,20,Evansville,2020,Febuary,"$ 2,199.80",14,20,9
206,20,Evansville,2020,Febuary,"$ 2,169.86",10,14,10
1594,20,Evansville,2020,March,"$ 4,667.00",8,13,1
204,20,Evansville,2020,March,"$ 4,535.64",21,36,2
1635,20,Evansville,2020,March,"$ 3,419.81",12,19,3
1592,20,Evansville,2020,March,"$ 3,024.00",10,16,4
1596,20,Evansville,2020,March,"$ 2,879.84",11,16,5
149,20,Evansville,2020,March,"$ 2,749.78",13,22,6
1552,20,Evansville,2020,March,"$ 2,749.45",9,11,7
197,20,Evansville,2020,March,"$ 2,437.77",14,23,8
106,20,Evansville,2020,March,"$ 2,403.24",15,21,9
219,20,Evansville,2020,March,"$ 2,391.77",15,23,10
1594,20,Evansville,2020,April,"$ 3,231.00",6,9,1
206,20,Evansville,2020,April,"$ 3,099.80",13,20,2
242,20,Evansville,2020,April,"$ 2,969.73",17,27,3
149,20,Evansville,2020,April,"$ 2,624.79",14,21,4
1987,20,Evansville,2020,April,"$ 2,559.68",21,32,5
1996,20,Evansville,2020,April,"$ 2,463.68",23,32,6
146,20,Evansville,2020,April,"$ 2,332.44",19,33,7
152,20,Evansville,2020,April,"$ 2,299.77",16,23,8
16,20,Evansville,2020,April,"$ 2,294.46",16,27,9
1606,20,Evansville,2020,April,"$ 2,209.83",11,17,10
1594,20,Evansville,2020,May,"$ 4,308.00",7,12,1
123,20,Evansville,2020,May,"$ 3,039.68",21,32,2
201,20,Evansville,2020,May,"$ 2,599.80",13,20,3
183,20,Evansville,2020,May,"$ 2,599.74",15,26,4
212,20,Evansville,2020,May,"$ 2,441.78",15,22,5
115,20,Evansville,2020,May,"$ 2,403.24",13,21,6
164,20,Evansville,2020,May,"$ 2,399.70",18,30,7
1992,20,Evansville,2020,May,"$ 2,339.74",16,26,8
170,20,Evansville,2020,May,"$ 2,339.74",18,26,9
2010,20,Evansville,2020,May,"$ 2,299.77",14,23,10
1593,20,Evansville,2020,June,"$ 3,553.00",10,17,1
250,20,Evansville,2020,June,"$ 2,975.68",22,32,2
2007,20,Evansville,2020,June,"$ 2,924.75",14,25,3
201,20,Evansville,2020,June,"$ 2,729.79",13,21,4
1551,20,Evansville,2020,June,"$ 2,529.45",7,11,5
1594,20,Evansville,2020,June,"$ 2,513.00",4,7,6
1992,20,Evansville,2020,June,"$ 2,339.74",15,26,7
177,20,Evansville,2020,June,"$ 2,309.78",15,22,8
181,20,Evansville,2020,June,"$ 2,303.76",15,24,9
1592,20,Evansville,2020,June,"$ 2,268.00",8,12,10
1594,20,Evansville,2020,July,"$ 6,462.00",10,18,1
149,20,Evansville,2020,July,"$ 3,249.74",17,26,2
2009,20,Evansville,2020,July,"$ 3,099.69",20,31,3
1593,20,Evansville,2020,July,"$ 2,926.00",9,14,4
185,20,Evansville,2020,July,"$ 2,419.78",14,22,5
183,20,Evansville,2020,July,"$ 2,399.76",16,24,6
198,20,Evansville,2020,July,"$ 2,393.82",11,18,7
1596,20,Evansville,2020,July,"$ 2,339.87",8,13,8
160,20,Evansville,2020,July,"$ 2,339.74",16,26,9
1551,20,Evansville,2020,July,"$ 2,299.50",6,10,10
1594,20,Evansville,2020,August,"$ 4,308.00",7,12,1
2008,20,Evansville,2020,August,"$ 3,247.72",18,28,2
198,20,Evansville,2020,August,"$ 2,925.78",15,22,3
115,20,Evansville,2020,August,"$ 2,861.00",17,25,4
242,20,Evansville,2020,August,"$ 2,859.74",17,26,5
1593,20,Evansville,2020,August,"$ 2,717.00",8,13,6
204,20,Evansville,2020,August,"$ 2,519.80",13,20,7
156,20,Evansville,2020,August,"$ 2,399.76",15,24,8
203,20,Evansville,2020,August,"$ 2,249.70",18,30,9
1571,20,Evansville,2020,August,"$ 2,226.00",7,14,10
1594,20,Evansville,2020,September,"$ 4,308.00",8,12,1
201,20,Evansville,2020,September,"$ 3,249.75",17,25,2
173,20,Evansville,2020,September,"$ 3,015.74",15,26,3
246,20,Evansville,2020,September,"$ 2,429.73",18,27,4
227,20,Evansville,2020,September,"$ 2,377.71",19,29,5
206,20,Evansville,2020,September,"$ 2,324.85",10,15,6
17,20,Evansville,2020,September,"$ 2,294.46",16,27,7
1570,20,Evansville,2020,September,"$ 2,224.00",11,16,8
121,20,Evansville,2020,September,"$ 2,184.77",16,23,9
1999,20,Evansville,2020,September,"$ 2,159.73",17,27,10
1594,20,Evansville,2020,October,"$ 4,667.00",9,13,1
1551,20,Evansville,2020,October,"$ 3,219.30",9,14,2
198,20,Evansville,2020,October,"$ 2,925.78",14,22,3
173,20,Evansville,2020,October,"$ 2,899.75",15,25,4
1635,20,Evansville,2020,October,"$ 2,699.85",10,15,5
206,20,Evansville,2020,October,"$ 2,634.83",10,17,6
121,20,Evansville,2020,October,"$ 2,564.73",17,27,7
106,20,Evansville,2020,October,"$ 2,517.68",14,22,8
115,20,Evansville,2020,October,"$ 2,403.24",14,21,9
1593,20,Evansville,2020,October,"$ 2,299.00",6,11,10
1594,20,Evansville,2020,November,"$ 3,590.00",8,10,1
211,20,Evansville,2020,November,"$ 2,861.73",16,27,2
1552,20,Evansville,2020,November,"$ 2,749.45",7,11,3
204,20,Evansville,2020,November,"$ 2,645.79",13,21,4
206,20,Evansville,2020,November,"$ 2,634.83",12,17,5
177,20,Evansville,2020,November,"$ 2,624.75",15,25,6
125,20,Evansville,2020,November,"$ 2,564.73",20,27,7
197,20,Evansville,2020,November,"$ 2,437.77",15,23,8
198,20,Evansville,2020,November,"$ 2,393.82",10,18,9
1596,20,Evansville,2020,November,"$ 2,339.87",8,13,10
1594,20,Evansville,2020,December,"$ 4,308.00",6,12,1
206,20,Evansville,2020,December,"$ 4,029.74",18,26,2
1572,20,Evansville,2020,December,"$ 3,938.00",14,22,3
265,20,Evansville,2020,December,"$ 2,999.70",17,30,4
201,20,Evansville,2020,December,"$ 2,859.78",16,22,5
1592,20,Evansville,2020,December,"$ 2,835.00",9,15,6
179,20,Evansville,2020,December,"$ 2,783.71",19,29,7
149,20,Evansville,2020,December,"$ 2,749.78",14,22,8
2,20,Evansville,2020,December,"$ 2,540.67",20,33,9
1600,20,Evansville,2020,December,"$ 2,533.00",10,17,10
1593,20,Evansville,2021,January,"$ 3,553.00",11,17,1
1594,20,Evansville,2021,January,"$ 3,231.00",7,9,2
1551,20,Evansville,2021,January,"$ 2,759.40",7,12,3
156,20,Evansville,2021,January,"$ 2,399.76",15,24,4
1591,20,Evansville,2021,January,"$ 2,197.00",7,13,5
149,20,Evansville,2021,January,"$ 2,124.83",11,17,6
1657,20,Evansville,2021,January,"$ 2,089.81",12,19,7
133,20,Evansville,2021,January,"$ 2,079.74",16,26,8
1552,20,Evansville,2021,January,"$ 1,999.60",5,8,9
1572,20,Evansville,2021,January,"$ 1,969.00",6,11,10
1594,20,Evansville,2021,Febuary,"$ 2,872.00",4,8,1
1635,20,Evansville,2021,Febuary,"$ 2,339.87",8,13,2
185,20,Evansville,2021,Febuary,"$ 2,309.79",13,21,3
1572,20,Evansville,2021,Febuary,"$ 2,148.00",7,12,4
201,20,Evansville,2021,Febuary,"$ 2,079.84",9,16,5
242,20,Evansville,2021,Febuary,"$ 1,869.83",12,17,6
1596,20,Evansville,2021,Febuary,"$ 1,799.90",7,10,7
7,20,Evansville,2021,Febuary,"$ 1,784.58",14,21,8
2007,20,Evansville,2021,Febuary,"$ 1,754.85",10,15,9
115,20,Evansville,2021,Febuary,"$ 1,716.60",9,15,10
1594,20,Evansville,2021,March,"$ 3,231.00",6,9,1
2006,20,Evansville,2021,March,"$ 2,586.81",14,23,2
1551,20,Evansville,2021,March,"$ 2,529.45",7,11,3
112,20,Evansville,2021,March,"$ 2,425.28",12,22,4
9,20,Evansville,2021,March,"$ 2,386.38",18,31,5
212,20,Evansville,2021,March,"$ 2,219.80",13,20,6
206,20,Evansville,2021,March,"$ 2,169.86",9,14,7
211,20,Evansville,2021,March,"$ 2,119.80",11,20,8
1584,20,Evansville,2021,March,"$ 2,085.00",10,15,9
1571,20,Evansville,2021,March,"$ 2,067.00",10,13,10
112,20,Evansville,2021,April,"$ 2,756.00",16,25,1
204,20,Evansville,2021,April,"$ 2,519.80",14,20,2
1594,20,Evansville,2021,April,"$ 2,513.00",5,7,3
1595,20,Evansville,2021,April,"$ 2,399.84",9,16,4
206,20,Evansville,2021,April,"$ 2,324.85",10,15,5
1552,20,Evansville,2021,April,"$ 2,249.55",5,9,6
2011,20,Evansville,2021,April,"$ 2,243.78",13,22,7
2006,20,Evansville,2021,April,"$ 2,136.93",12,19,8
149,20,Evansville,2021,April,"$ 2,124.83",11,17,9
1635,20,Evansville,2021,April,"$ 1,979.89",8,11,10
1594,20,Evansville,2021,May,"$ 3,590.00",7,10,1
1596,20,Evansville,2021,May,"$ 2,879.84",9,16,2
185,20,Evansville,2021,May,"$ 2,419.78",14,22,3
115,20,Evansville,2021,May,"$ 2,288.80",13,20,4
1992,20,Evansville,2021,May,"$ 2,159.76",15,24,5
149,20,Evansville,2021,May,"$ 2,124.83",10,17,6
2006,20,Evansville,2021,May,"$ 2,024.46",11,18,7
4,20,Evansville,2021,May,"$ 1,954.54",13,23,8
211,20,Evansville,2021,May,"$ 1,907.82",11,18,9
1592,20,Evansville,2021,May,"$ 1,890.00",6,10,10
206,20,Evansville,2021,June,"$ 3,099.80",13,20,1
2007,20,Evansville,2021,June,"$ 2,690.77",16,23,2
173,20,Evansville,2021,June,"$ 2,667.77",16,23,3
1552,20,Evansville,2021,June,"$ 2,499.50",7,10,4
123,20,Evansville,2021,June,"$ 2,469.74",19,26,5
156,20,Evansville,2021,June,"$ 1,999.80",12,20,6
137,20,Evansville,2021,June,"$ 1,979.78",14,22,7
179,20,Evansville,2021,June,"$ 1,919.80",13,20,8
172,20,Evansville,2021,June,"$ 1,899.80",13,20,9
185,20,Evansville,2021,June,"$ 1,869.83",10,17,10
206,20,Evansville,2021,July,"$ 3,874.75",13,25,1
112,20,Evansville,2021,July,"$ 3,527.68",20,32,2
1594,20,Evansville,2021,July,"$ 2,513.00",4,7,3
1593,20,Evansville,2021,July,"$ 2,508.00",9,12,4
1595,20,Evansville,2021,July,"$ 2,399.84",10,16,5
172,20,Evansville,2021,July,"$ 2,374.75",16,25,6
1584,20,Evansville,2021,July,"$ 2,363.00",9,17,7
177,20,Evansville,2021,July,"$ 2,309.78",16,22,8
156,20,Evansville,2021,July,"$ 2,199.78",12,22,9
265,20,Evansville,2021,July,"$ 2,099.79",13,21,10
1594,20,Evansville,2021,August,"$ 3,949.00",7,11,1
1551,20,Evansville,2021,August,"$ 2,989.35",9,13,2
1635,20,Evansville,2021,August,"$ 2,339.87",7,13,3
176,20,Evansville,2021,August,"$ 2,299.77",14,23,4
1992,20,Evansville,2021,August,"$ 2,249.75",15,25,5
2011,20,Evansville,2021,August,"$ 2,243.78",15,22,6
227,20,Evansville,2021,August,"$ 2,131.74",14,26,7
1628,20,Evansville,2021,August,"$ 2,079.20",9,16,8
2010,20,Evansville,2021,August,"$ 1,999.80",12,20,9
1570,20,Evansville,2021,August,"$ 1,946.00",11,14,10
106,20,Evansville,2021,September,"$ 2,746.56",16,24,1
1594,20,Evansville,2021,September,"$ 2,513.00",5,7,2
2002,20,Evansville,2021,September,"$ 2,406.71",18,29,3
156,20,Evansville,2021,September,"$ 2,299.77",15,23,4
112,20,Evansville,2021,September,"$ 2,204.80",13,20,5
185,20,Evansville,2021,September,"$ 2,199.80",11,20,6
204,20,Evansville,2021,September,"$ 2,141.83",10,17,7
2012,20,Evansville,2021,September,"$ 2,069.77",14,23,8
176,20,Evansville,2021,September,"$ 1,999.80",14,20,9
154,20,Evansville,2021,September,"$ 1,999.75",18,25,10
1594,20,Evansville,2021,October,"$ 4,308.00",8,12,1
1572,20,Evansville,2021,October,"$ 2,685.00",10,15,2
106,20,Evansville,2021,October,"$ 2,632.12",14,23,3
6,20,Evansville,2021,October,"$ 2,417.38",18,31,4
242,20,Evansville,2021,October,"$ 2,309.79",14,21,5
2010,20,Evansville,2021,October,"$ 2,299.77",13,23,6
1592,20,Evansville,2021,October,"$ 2,268.00",9,12,7
198,20,Evansville,2021,October,"$ 2,260.83",12,17,8
212,20,Evansville,2021,October,"$ 2,219.80",14,20,9
265,20,Evansville,2021,October,"$ 2,099.79",12,21,10
1594,20,Evansville,2021,November,"$ 3,231.00",5,9,1
2008,20,Evansville,2021,November,"$ 2,783.76",15,24,2
117,20,Evansville,2021,November,"$ 2,489.70",18,30,3
181,20,Evansville,2021,November,"$ 2,399.75",16,25,4
16,20,Evansville,2021,November,"$ 2,209.48",16,26,5
173,20,Evansville,2021,November,"$ 2,203.81",13,19,6
109,20,Evansville,2021,November,"$ 2,174.36",12,19,7
1992,20,Evansville,2021,November,"$ 2,159.76",14,24,8
106,20,Evansville,2021,November,"$ 2,059.92",10,18,9
115,20,Evansville,2021,November,"$ 2,059.92",10,18,10
212,20,Evansville,2021,December,"$ 3,884.65",24,35,1
197,20,Evansville,2021,December,"$ 3,709.65",25,35,2
1594,20,Evansville,2021,December,"$ 3,231.00",5,9,3
1551,20,Evansville,2021,December,"$ 3,219.30",8,14,4
109,20,Evansville,2021,December,"$ 3,089.88",15,27,5
198,20,Evansville,2021,December,"$ 2,792.79",14,21,6
211,20,Evansville,2021,December,"$ 2,755.74",17,26,7
185,20,Evansville,2021,December,"$ 2,749.75",18,25,8
1572,20,Evansville,2021,December,"$ 2,685.00",9,15,9
158,20,Evansville,2021,December,"$ 2,519.72",17,28,10
197,20,Evansville,2022,January,"$ 3,285.69",20,31,1
1551,20,Evansville,2022,January,"$ 2,529.45",7,11,2
158,20,Evansville,2022,January,"$ 2,159.76",17,24,3
170,20,Evansville,2022,January,"$ 2,159.76",14,24,4
13,20,Evansville,2022,January,"$ 2,124.50",14,25,5
212,20,Evansville,2022,January,"$ 2,108.81",14,19,6
201,20,Evansville,2022,January,"$ 2,079.84",10,16,7
247,20,Evansville,2022,January,"$ 2,069.77",15,23,8
2006,20,Evansville,2022,January,"$ 2,024.46",12,18,9
206,20,Evansville,2022,January,"$ 2,014.87",8,13,10
1551,20,Evansville,2022,Febuary,"$ 3,219.30",10,14,1
198,20,Evansville,2022,Febuary,"$ 3,191.76",14,24,2
1594,20,Evansville,2022,Febuary,"$ 2,872.00",5,8,3
201,20,Evansville,2022,Febuary,"$ 2,729.79",13,21,4
168,20,Evansville,2022,Febuary,"$ 2,599.74",15,26,5
1596,20,Evansville,2022,Febuary,"$ 1,979.89",8,11,6
271,20,Evansville,2022,Febuary,"$ 1,979.78",14,22,7
1,20,Evansville,2022,Febuary,"$ 1,924.75",16,25,8
149,20,Evansville,2022,Febuary,"$ 1,874.85",10,15,9
2008,20,Evansville,2022,Febuary,"$ 1,855.84",9,16,10
198,20,Evansville,2022,March,"$ 2,526.81",14,19,1
149,20,Evansville,2022,March,"$ 2,499.80",14,20,2
271,20,Evansville,2022,March,"$ 2,339.74",15,26,3
2007,20,Evansville,2022,March,"$ 2,222.81",12,19,4
1645,20,Evansville,2022,March,"$ 2,148.00",7,12,5
135,20,Evansville,2022,March,"$ 2,135.76",15,24,6
197,20,Evansville,2022,March,"$ 2,119.80",14,20,7
1998,20,Evansville,2022,March,"$ 2,053.74",14,26,8
254,20,Evansville,2022,March,"$ 2,045.78",13,22,9
1552,20,Evansville,2022,March,"$ 1,999.60",5,8,10
206,20,Evansville,2022,April,"$ 4,494.71",22,29,1
1594,20,Evansville,2022,April,"$ 3,949.00",8,11,2
219,20,Evansville,2022,April,"$ 2,703.74",15,26,3
2008,20,Evansville,2022,April,"$ 2,551.78",16,22,4
204,20,Evansville,2022,April,"$ 2,519.80",12,20,5
1635,20,Evansville,2022,April,"$ 2,339.87",8,13,6
197,20,Evansville,2022,April,"$ 2,013.81",12,19,7
2007,20,Evansville,2022,April,"$ 1,988.83",12,17,8
115,20,Evansville,2022,April,"$ 1,831.04",10,16,9
2003,20,Evansville,2022,April,"$ 1,825.78",14,22,10
1594,20,Evansville,2022,May,"$ 2,513.00",4,7,1
204,20,Evansville,2022,May,"$ 2,267.82",12,18,2
137,20,Evansville,2022,May,"$ 2,159.76",16,24,3
247,20,Evansville,2022,May,"$ 2,159.76",15,24,4
206,20,Evansville,2022,May,"$ 2,014.87",9,13,5
198,20,Evansville,2022,May,"$ 1,994.85",10,15,6
1596,20,Evansville,2022,May,"$ 1,979.89",6,11,7
1634,20,Evansville,2022,May,"$ 1,949.87",8,13,8
2006,20,Evansville,2022,May,"$ 1,911.99",10,17,9
162,20,Evansville,2022,May,"$ 1,889.79",13,21,10
1594,20,Evansville,2022,June,"$ 4,308.00",8,12,1
197,20,Evansville,2022,June,"$ 2,967.72",18,28,2
176,20,Evansville,2022,June,"$ 2,699.73",18,27,3
109,20,Evansville,2022,June,"$ 2,403.24",12,21,4
2008,20,Evansville,2022,June,"$ 2,319.80",12,20,5
251,20,Evansville,2022,June,"$ 2,231.76",14,24,6
13,20,Evansville,2022,June,"$ 2,209.48",16,26,7
17,20,Evansville,2022,June,"$ 2,039.52",19,24,8
117,20,Evansville,2022,June,"$ 1,991.76",15,24,9
170,20,Evansville,2022,June,"$ 1,889.79",14,21,10
160,20,Evansville,2022,July,"$ 2,519.72",19,28,1
164,20,Evansville,2022,July,"$ 2,479.69",17,31,2
106,20,Evansville,2022,July,"$ 2,288.80",12,20,3
250,20,Evansville,2022,July,"$ 2,231.76",16,24,4
1606,20,Evansville,2022,July,"$ 2,209.83",10,17,5
1635,20,Evansville,2022,July,"$ 2,159.88",9,12,6
1601,20,Evansville,2022,July,"$ 2,148.00",7,12,7
198,20,Evansville,2022,July,"$ 2,127.84",11,16,8
262,20,Evansville,2022,July,"$ 2,124.75",16,25,9
17,20,Evansville,2022,July,"$ 2,124.50",15,25,10
1592,20,Evansville,2022,August,"$ 3,402.00",12,18,1
212,20,Evansville,2022,August,"$ 1,997.82",12,18,2
112,20,Evansville,2022,August,"$ 1,984.32",12,18,3
250,20,Evansville,2022,August,"$ 1,952.79",12,21,4
1606,20,Evansville,2022,August,"$ 1,949.85",9,15,5
2003,20,Evansville,2022,August,"$ 1,908.77",16,23,6
254,20,Evansville,2022,August,"$ 1,859.80",12,20,7
1551,20,Evansville,2022,August,"$ 1,839.60",5,8,8
242,20,Evansville,2022,August,"$ 1,759.84",9,16,9
4,20,Evansville,2022,August,"$ 1,699.60",12,20,10
1594,20,Evansville,2022,September,"$ 3,590.00",7,10,1
206,20,Evansville,2022,September,"$ 2,944.81",11,19,2
204,20,Evansville,2022,September,"$ 2,519.80",13,20,3
265,20,Evansville,2022,September,"$ 2,399.76",16,24,4
1552,20,Evansville,2022,September,"$ 2,249.55",7,9,5
176,20,Evansville,2022,September,"$ 2,199.78",12,22,6
1626,20,Evansville,2022,September,"$ 2,054.25",9,15,7
2011,20,Evansville,2022,September,"$ 2,039.80",12,20,8
149,20,Evansville,2022,September,"$ 1,999.84",9,16,9
2001,20,Evansville,2022,September,"$ 1,919.76",15,24,10
1594,20,Evansville,2022,October,"$ 3,231.00",7,9,1
1593,20,Evansville,2022,October,"$ 2,926.00",9,14,2
201,20,Evansville,2022,October,"$ 2,859.78",14,22,3
106,20,Evansville,2022,October,"$ 2,174.36",12,19,4
112,20,Evansville,2022,October,"$ 2,094.56",13,19,5
185,20,Evansville,2022,October,"$ 2,089.81",12,19,6
121,20,Evansville,2022,October,"$ 2,089.78",14,22,7
2011,20,Evansville,2022,October,"$ 2,039.80",11,20,8
217,20,Evansville,2022,October,"$ 1,999.75",13,25,9
173,20,Evansville,2022,October,"$ 1,971.83",10,17,10
1594,20,Evansville,2022,November,"$ 4,667.00",8,13,1
1593,20,Evansville,2022,November,"$ 2,926.00",9,14,2
206,20,Evansville,2022,November,"$ 2,634.83",10,17,3
115,20,Evansville,2022,November,"$ 2,517.68",14,22,4
162,20,Evansville,2022,November,"$ 2,249.75",16,25,5
106,20,Evansville,2022,November,"$ 2,174.36",12,19,6
154,20,Evansville,2022,November,"$ 2,159.73",17,27,7
1601,20,Evansville,2022,November,"$ 2,148.00",7,12,8
88,20,Evansville,2022,November,"$ 2,116.71",20,29,9
112,20,Evansville,2022,November,"$ 2,094.56",12,19,10
1594,20,Evansville,2022,December,"$ 6,821.00",13,19,1
198,20,Evansville,2022,December,"$ 3,324.75",16,25,2
1551,20,Evansville,2022,December,"$ 3,219.30",9,14,3
1593,20,Evansville,2022,December,"$ 3,135.00",10,15,4
112,20,Evansville,2022,December,"$ 2,976.48",18,27,5
1628,20,Evansville,2022,December,"$ 2,858.90",14,22,6
206,20,Evansville,2022,December,"$ 2,789.82",10,18,7
1552,20,Evansville,2022,December,"$ 2,749.45",7,11,8
201,20,Evansville,2022,December,"$ 2,729.79",13,21,9
204,20,Evansville,2022,December,"$ 2,519.80",12,20,10
1594,20,Evansville,2023,January,"$ 2,872.00",5,8,1
183,20,Evansville,2023,January,"$ 2,699.73",15,27,2
1551,20,Evansville,2023,January,"$ 2,529.45",7,11,3
162,20,Evansville,2023,January,"$ 2,519.72",18,28,4
271,20,Evansville,2023,January,"$ 2,339.74",16,26,5
201,20,Evansville,2023,January,"$ 2,209.83",10,17,6
177,20,Evansville,2023,January,"$ 2,204.79",12,21,7
119,20,Evansville,2023,January,"$ 2,173.27",14,23,8
17,20,Evansville,2023,January,"$ 2,039.52",14,24,9
109,20,Evansville,2023,January,"$ 1,945.48",11,17,10
1594,20,Evansville,2023,Febuary,"$ 7,180.00",12,20,1
206,20,Evansville,2023,Febuary,"$ 3,564.77",13,23,2
177,20,Evansville,2023,Febuary,"$ 3,044.71",16,29,3
1552,20,Evansville,2023,Febuary,"$ 2,749.45",7,11,4
1551,20,Evansville,2023,Febuary,"$ 2,529.45",6,11,5
1596,20,Evansville,2023,Febuary,"$ 2,519.86",8,14,6
201,20,Evansville,2023,Febuary,"$ 2,339.82",12,18,7
1645,20,Evansville,2023,Febuary,"$ 2,327.00",8,13,8
2007,20,Evansville,2023,Febuary,"$ 1,988.83",10,17,9
106,20,Evansville,2023,Febuary,"$ 1,945.48",9,17,10
106,20,Evansville,2023,March,"$ 2,288.80",12,20,1
212,20,Evansville,2023,March,"$ 2,219.80",12,20,2
2009,20,Evansville,2023,March,"$ 2,099.79",14,21,3
1593,20,Evansville,2023,March,"$ 2,090.00",6,10,4
227,20,Evansville,2023,March,"$ 1,967.76",17,24,5
3,20,Evansville,2023,March,"$ 1,954.54",15,23,6
183,20,Evansville,2023,March,"$ 1,899.81",12,19,7
1992,20,Evansville,2023,March,"$ 1,889.79",12,21,8
162,20,Evansville,2023,March,"$ 1,889.79",12,21,9
2007,20,Evansville,2023,March,"$ 1,871.84",11,16,10
183,20,Evansville,2023,April,"$ 2,999.70",18,30,1
2007,20,Evansville,2023,April,"$ 2,339.80",14,20,2
1593,20,Evansville,2023,April,"$ 2,299.00",7,11,3
2008,20,Evansville,2023,April,"$ 2,203.81",11,19,4
1594,20,Evansville,2023,April,"$ 2,154.00",3,6,5
149,20,Evansville,2023,April,"$ 2,124.83",11,17,6
1995,20,Evansville,2023,April,"$ 2,078.73",16,27,7
200,20,Evansville,2023,April,"$ 2,049.75",16,25,8
2009,20,Evansville,2023,April,"$ 1,999.80",14,20,9
170,20,Evansville,2023,April,"$ 1,979.78",12,22,10
149,20,Evansville,2023,May,"$ 3,624.71",18,29,1
206,20,Evansville,2023,May,"$ 2,944.81",12,19,2
1594,20,Evansville,2023,May,"$ 2,513.00",4,7,3
164,20,Evansville,2023,May,"$ 2,319.71",17,29,4
2007,20,Evansville,2023,May,"$ 2,222.81",12,19,5
7,20,Evansville,2023,May,"$ 2,039.52",15,24,6
1552,20,Evansville,2023,May,"$ 1,999.60",5,8,7
262,20,Evansville,2023,May,"$ 1,869.78",14,22,8
1551,20,Evansville,2023,May,"$ 1,839.60",6,8,9
1571,20,Evansville,2023,May,"$ 1,749.00",7,11,10
1594,20,Evansville,2023,June,"$ 3,590.00",8,10,1
2007,20,Evansville,2023,June,"$ 2,807.76",16,24,2
198,20,Evansville,2023,June,"$ 2,526.81",12,19,3
1591,20,Evansville,2023,June,"$ 2,366.00",8,14,4
246,20,Evansville,2023,June,"$ 2,249.75",16,25,5
1626,20,Evansville,2023,June,"$ 2,191.20",10,16,6
271,20,Evansville,2023,June,"$ 2,159.76",15,24,7
173,20,Evansville,2023,June,"$ 2,087.82",12,18,8
2011,20,Evansville,2023,June,"$ 2,039.80",12,20,9
172,20,Evansville,2023,June,"$ 1,899.80",12,20,10
2014,20,Evansville,2023,July,"$ 2,974.65",21,35,1
206,20,Evansville,2023,July,"$ 2,634.83",10,17,2
1551,20,Evansville,2023,July,"$ 2,529.45",6,11,3
149,20,Evansville,2023,July,"$ 2,374.81",13,19,4
1552,20,Evansville,2023,July,"$ 2,249.55",7,9,5
2011,20,Evansville,2023,July,"$ 2,243.78",13,22,6
1626,20,Evansville,2023,July,"$ 2,191.20",10,16,7
1594,20,Evansville,2023,July,"$ 2,154.00",4,6,8
1601,20,Evansville,2023,July,"$ 2,148.00",7,12,9
172,20,Evansville,2023,July,"$ 2,089.78",14,22,10
1592,20,Evansville,2023,August,"$ 4,158.00",12,22,1
206,20,Evansville,2023,August,"$ 2,944.81",11,19,2
1594,20,Evansville,2023,August,"$ 2,872.00",5,8,3
211,20,Evansville,2023,August,"$ 2,649.75",17,25,4
112,20,Evansville,2023,August,"$ 2,425.28",13,22,5
1635,20,Evansville,2023,August,"$ 2,339.87",7,13,6
152,20,Evansville,2023,August,"$ 2,099.79",12,21,7
204,20,Evansville,2023,August,"$ 1,889.85",9,15,8
1992,20,Evansville,2023,August,"$ 1,889.79",11,21,9
198,20,Evansville,2023,August,"$ 1,861.86",10,14,10
206,20,Evansville,2023,September,"$ 3,564.77",17,23,1
1594,20,Evansville,2023,September,"$ 3,231.00",7,9,2
197,20,Evansville,2023,September,"$ 3,179.70",18,30,3
1552,20,Evansville,2023,September,"$ 2,999.40",8,12,4
137,20,Evansville,2023,September,"$ 2,249.75",14,25,5
173,20,Evansville,2023,September,"$ 2,203.81",13,19,6
149,20,Evansville,2023,September,"$ 1,999.84",10,16,7
1600,20,Evansville,2023,September,"$ 1,937.00",9,13,8
2006,20,Evansville,2023,September,"$ 1,911.99",10,17,9
1606,20,Evansville,2023,September,"$ 1,819.86",9,14,10
1594,20,Evansville,2023,October,"$ 3,590.00",5,10,1
1551,20,Evansville,2023,October,"$ 2,759.40",7,12,2
1592,20,Evansville,2023,October,"$ 2,268.00",10,12,3
197,20,Evansville,2023,October,"$ 2,225.79",13,21,4
1570,20,Evansville,2023,October,"$ 2,224.00",10,16,5
15,20,Evansville,2023,October,"$ 2,039.52",15,24,6
219,20,Evansville,2023,October,"$ 1,975.81",10,19,7
6,20,Evansville,2023,October,"$ 1,949.50",15,25,8
106,20,Evansville,2023,October,"$ 1,945.48",10,17,9
181,20,Evansville,2023,October,"$ 1,919.80",15,20,10
1594,20,Evansville,2023,November,"$ 3,231.00",6,9,1
149,20,Evansville,2023,November,"$ 3,124.75",14,25,2
115,20,Evansville,2023,November,"$ 2,517.68",14,22,3
168,20,Evansville,2023,November,"$ 2,399.76",15,24,4
1552,20,Evansville,2023,November,"$ 2,249.55",6,9,5
109,20,Evansville,2023,November,"$ 2,174.36",13,19,6
2011,20,Evansville,2023,November,"$ 2,039.80",13,20,7
1601,20,Evansville,2023,November,"$ 1,969.00",9,11,8
172,20,Evansville,2023,November,"$ 1,899.80",12,20,9
154,20,Evansville,2023,November,"$ 1,839.77",14,23,10
1594,20,Evansville,2023,December,"$ 3,231.00",7,9,1
1551,20,Evansville,2023,December,"$ 2,989.35",7,13,2
176,20,Evansville,2023,December,"$ 2,599.74",16,26,3
149,20,Evansville,2023,December,"$ 2,499.80",12,20,4
1595,20,Evansville,2023,December,"$ 2,399.84",10,16,5
152,20,Evansville,2023,December,"$ 2,299.77",15,23,6
197,20,Evansville,2023,December,"$ 2,225.79",12,21,7
1989,20,Evansville,2023,December,"$ 2,183.74",15,26,8
1634,20,Evansville,2023,December,"$ 2,099.86",10,14,9
201,20,Evansville,2023,December,"$ 2,079.84",11,16,10
185,20,Evansville,2024,January,"$ 3,079.72",18,28,1
1593,20,Evansville,2024,January,"$ 2,926.00",10,14,2
2010,20,Evansville,2024,January,"$ 2,799.72",16,28,3
109,20,Evansville,2024,January,"$ 2,632.12",15,23,4
204,20,Evansville,2024,January,"$ 2,519.80",13,20,5
206,20,Evansville,2024,January,"$ 2,479.84",13,16,6
119,20,Evansville,2024,January,"$ 2,267.76",16,24,7
271,20,Evansville,2024,January,"$ 2,249.75",14,25,8
1552,20,Evansville,2024,January,"$ 2,249.55",7,9,9
106,20,Evansville,2024,January,"$ 2,174.36",13,19,10
206,20,Evansville,2024,Febuary,"$ 2,944.81",12,19,1
1594,20,Evansville,2024,Febuary,"$ 2,872.00",5,8,2
204,20,Evansville,2024,Febuary,"$ 2,393.81",12,19,3
201,20,Evansville,2024,Febuary,"$ 2,339.82",11,18,4
1571,20,Evansville,2024,Febuary,"$ 2,226.00",8,14,5
1635,20,Evansville,2024,Febuary,"$ 2,159.88",7,12,6
1572,20,Evansville,2024,Febuary,"$ 1,969.00",7,11,7
160,20,Evansville,2024,Febuary,"$ 1,889.79",12,21,8
1657,20,Evansville,2024,Febuary,"$ 1,869.83",10,17,9
254,20,Evansville,2024,Febuary,"$ 1,859.80",13,20,10
1594,20,Evansville,2024,March,"$ 4,667.00",8,13,1
112,20,Evansville,2024,March,"$ 2,645.76",14,24,2
177,20,Evansville,2024,March,"$ 2,624.75",17,25,3
119,20,Evansville,2024,March,"$ 2,362.25",18,25,4
201,20,Evansville,2024,March,"$ 2,339.82",13,18,5
206,20,Evansville,2024,March,"$ 2,324.85",9,15,6
1552,20,Evansville,2024,March,"$ 2,249.55",5,9,7
211,20,Evansville,2024,March,"$ 2,119.80",13,20,8
1600,20,Evansville,2024,March,"$ 2,086.00",9,14,9
185,20,Evansville,2024,March,"$ 1,979.82",12,18,10
206,20,Evansville,2024,April,"$ 2,944.81",13,19,1
198,20,Evansville,2024,April,"$ 2,526.81",13,19,2
2,20,Evansville,2024,April,"$ 2,232.71",17,29,3
109,20,Evansville,2024,April,"$ 2,174.36",13,19,4
10,20,Evansville,2024,April,"$ 2,078.73",17,27,5
204,20,Evansville,2024,April,"$ 2,015.84",10,16,6
125,20,Evansville,2024,April,"$ 1,994.79",14,21,7
1601,20,Evansville,2024,April,"$ 1,969.00",8,11,8
1989,20,Evansville,2024,April,"$ 1,931.77",16,23,9
1543,20,Evansville,2024,April,"$ 1,920.00",9,16,10
201,20,Evansville,2024,May,"$ 2,469.81",13,19,1
2007,20,Evansville,2024,May,"$ 2,456.79",15,21,2
212,20,Evansville,2024,May,"$ 2,441.78",15,22,3
162,20,Evansville,2024,May,"$ 2,429.73",16,27,4
1634,20,Evansville,2024,May,"$ 2,399.84",10,16,5
1551,20,Evansville,2024,May,"$ 2,299.50",6,10,6
160,20,Evansville,2024,May,"$ 2,249.75",15,25,7
1552,20,Evansville,2024,May,"$ 2,249.55",6,9,8
1644,20,Evansville,2024,May,"$ 2,235.00",9,15,9
206,20,Evansville,2024,May,"$ 2,169.86",9,14,10
1601,20,Evansville,2024,June,"$ 2,685.00",8,15,1
1552,20,Evansville,2024,June,"$ 2,499.50",5,10,2
198,20,Evansville,2024,June,"$ 2,393.82",12,18,3
2008,20,Evansville,2024,June,"$ 2,319.80",13,20,4
185,20,Evansville,2024,June,"$ 2,309.79",13,21,5
1551,20,Evansville,2024,June,"$ 2,299.50",6,10,6
1571,20,Evansville,2024,June,"$ 2,226.00",8,14,7
112,20,Evansville,2024,June,"$ 2,204.80",13,20,8
164,20,Evansville,2024,June,"$ 2,159.73",18,27,9
204,20,Evansville,2024,June,"$ 2,141.83",11,17,10
1594,20,Evansville,2024,July,"$ 2,513.00",6,7,1
156,20,Evansville,2024,July,"$ 2,199.78",14,22,2
212,20,Evansville,2024,July,"$ 2,108.81",14,19,3
177,20,Evansville,2024,July,"$ 2,099.80",13,20,4
2011,20,Evansville,2024,July,"$ 2,039.80",13,20,5
206,20,Evansville,2024,July,"$ 2,014.87",9,13,6
137,20,Evansville,2024,July,"$ 1,979.78",13,22,7
217,20,Evansville,2024,July,"$ 1,919.76",14,24,8
2009,20,Evansville,2024,July,"$ 1,899.81",11,19,9
204,20,Evansville,2024,July,"$ 1,889.85",10,15,10
1594,20,Evansville,2024,August,"$ 4,667.00",8,13,1
1645,20,Evansville,2024,August,"$ 2,685.00",10,15,2
176,20,Evansville,2024,August,"$ 2,599.74",13,26,3
206,20,Evansville,2024,August,"$ 2,479.84",10,16,4
115,20,Evansville,2024,August,"$ 2,403.24",14,21,5
2008,20,Evansville,2024,August,"$ 2,319.80",12,20,6
1552,20,Evansville,2024,August,"$ 2,249.55",6,9,7
211,20,Evansville,2024,August,"$ 2,225.79",13,21,8
204,20,Evansville,2024,August,"$ 2,141.83",11,17,9
123,20,Evansville,2024,August,"$ 2,089.78",12,22,10
1552,20,Evansville,2024,September,"$ 2,499.50",7,10,1
106,20,Evansville,2024,September,"$ 2,174.36",13,19,2
1645,20,Evansville,2024,September,"$ 2,148.00",7,12,3
1583,20,Evansville,2024,September,"$ 2,142.00",11,18,4
176,20,Evansville,2024,September,"$ 1,999.80",12,20,5
1635,20,Evansville,2024,September,"$ 1,979.89",7,11,6
1572,20,Evansville,2024,September,"$ 1,969.00",6,11,7
1595,20,Evansville,2024,September,"$ 1,949.87",9,13,8
117,20,Evansville,2024,September,"$ 1,908.77",16,23,9
185,20,Evansville,2024,September,"$ 1,869.83",12,17,10
198,20,Evansville,2024,October,"$ 3,457.74",15,26,1
1592,20,Evansville,2024,October,"$ 2,835.00",10,15,2
206,20,Evansville,2024,October,"$ 2,789.82",10,18,3
179,20,Evansville,2024,October,"$ 2,687.72",15,28,4
109,20,Evansville,2024,October,"$ 2,517.68",13,22,5
1552,20,Evansville,2024,October,"$ 2,249.55",6,9,6
85,20,Evansville,2024,October,"$ 2,159.70",20,30,7
204,20,Evansville,2024,October,"$ 2,141.83",10,17,8
201,20,Evansville,2024,October,"$ 2,079.84",10,16,9
160,20,Evansville,2024,October,"$ 2,069.77",15,23,10
206,20,Evansville,2024,November,"$ 2,479.84",10,16,1
198,20,Evansville,2024,November,"$ 2,260.83",10,17,2
254,20,Evansville,2024,November,"$ 2,231.76",14,24,3
2007,20,Evansville,2024,November,"$ 2,222.81",13,19,4
265,20,Evansville,2024,November,"$ 1,999.80",13,20,5
1572,20,Evansville,2024,November,"$ 1,969.00",8,11,6
1655,20,Evansville,2024,November,"$ 1,959.86",8,14,7
127,20,Evansville,2024,November,"$ 1,839.77",16,23,8
1551,20,Evansville,2024,November,"$ 1,839.60",4,8,9
119,20,Evansville,2024,November,"$ 1,795.31",14,19,10
1552,20,Evansville,2024,December,"$ 3,749.25",9,15,1
1594,20,Evansville,2024,December,"$ 3,590.00",7,10,2
1551,20,Evansville,2024,December,"$ 3,219.30",9,14,3
242,20,Evansville,2024,December,"$ 2,969.73",17,27,4
109,20,Evansville,2024,December,"$ 2,746.56",13,24,5
219,20,Evansville,2024,December,"$ 2,703.74",17,26,6
246,20,Evansville,2024,December,"$ 2,699.70",17,30,7
198,20,Evansville,2024,December,"$ 2,659.80",15,20,8
179,20,Evansville,2024,December,"$ 2,591.73",18,27,9
149,20,Evansville,2024,December,"$ 2,499.80",13,20,10
